ID,label
train_24525.png,LY
train_14985.png,SNE
train_02956.png,LY
train_06140.png,LY
train_08030.png,SNE
train_04183.png,SNE
train_02208.png,SNE
train_28300.png,MO
train_26439.png,LY
train_00441.png,PMY
train_07918.png,LY
train_24699.png,SNE
train_05337.png,SNE
train_19216.png,SNE
train_14441.png,SNE
train_11284.png,SNE
train_04077.png,MO
train_03607.png,SNE
train_05569.png,BL
train_04572.png,SNE
train_18350.png,SNE
train_17393.png,SNE
train_25472.png,MO
train_14656.png,MY
train_16620.png,SNE
train_16185.png,SNE
train_19259.png,SNE
train_11950.png,SNE
train_02236.png,LY
train_24970.png,EO
train_00400.png,SNE
train_08015.png,SNE
train_25785.png,BL
train_17374.png,SNE
train_07276.png,LY
train_22283.png,SNE
train_14397.png,LY
train_26518.png,SNE
train_23365.png,MO
train_08081.png,BL
train_00449.png,SNE
train_18838.png,SNE
train_21714.png,LY
train_08532.png,LY
train_05771.png,VLY
train_00786.png,BL
train_17757.png,SNE
train_12704.png,SNE
train_06697.png,MY
train_23800.png,LY
train_27800.png,BL
train_06329.png,SNE
train_09074.png,LY
train_14276.png,SNE
train_00748.png,SNE
train_02920.png,MY
train_13031.png,MY
train_25583.png,LY
train_00825.png,SNE
train_28503.png,SNE
train_17180.png,EO
train_25563.png,BNE
train_13770.png,SNE
train_20695.png,LY
train_14390.png,SNE
train_02600.png,SNE
train_01630.png,BL
train_02058.png,MMY
train_08824.png,EO
train_18180.png,SNE
train_07662.png,SNE
train_18813.png,MO
train_10085.png,LY
train_22388.png,SNE
train_24530.png,SNE
train_03903.png,LY
train_07001.png,SNE
train_16334.png,MY
train_20558.png,SNE
train_28685.png,LY
train_20832.png,SNE
train_15572.png,SNE
train_25075.png,BL
train_22851.png,BL
train_02510.png,MO
train_03537.png,MO
train_27626.png,VLY
train_07596.png,MO
train_13006.png,LY
train_10327.png,BL
train_25265.png,LY
train_11866.png,SNE
train_10210.png,LY
train_09610.png,SNE
train_13441.png,MMY
train_13023.png,LY
train_05902.png,BL
train_13662.png,BL
train_07718.png,SNE
train_06677.png,MO
train_12446.png,SNE
train_10535.png,SNE
train_11540.png,SNE
train_09846.png,SNE
train_18904.png,SNE
train_19826.png,SNE
train_20890.png,SNE
train_27671.png,SNE
train_20759.png,SNE
train_14569.png,LY
train_06869.png,SNE
train_19738.png,SNE
train_25943.png,LY
train_07952.png,LY
train_18145.png,SNE
train_03518.png,MO
train_02223.png,SNE
train_05739.png,SNE
train_06912.png,SNE
train_06147.png,LY
train_18996.png,MO
train_17702.png,SNE
train_24751.png,SNE
train_24172.png,LY
train_17401.png,LY
train_19578.png,SNE
train_04479.png,SNE
train_00245.png,SNE
train_18884.png,SNE
train_05626.png,LY
train_27844.png,LY
train_01161.png,LY
train_21507.png,SNE
train_19341.png,BL
train_11021.png,EO
train_02001.png,VLY
train_15757.png,MO
train_20371.png,SNE
train_27906.png,EO
train_16298.png,SNE
train_04368.png,LY
train_03577.png,EO
train_08349.png,SNE
train_27513.png,MMY
train_13088.png,SNE
train_25430.png,SNE
train_08462.png,LY
train_11374.png,SNE
train_11669.png,SNE
train_14489.png,SNE
train_02806.png,SNE
train_16668.png,MY
train_20623.png,SNE
train_16159.png,SNE
train_02149.png,LY
train_17191.png,EO
train_13988.png,MO
train_15290.png,SNE
train_11353.png,SNE
train_23068.png,MMY
train_13651.png,BL
train_25762.png,LY
train_06985.png,MO
train_03069.png,MO
train_01747.png,SNE
train_19949.png,PMY
train_23303.png,BL
train_14701.png,SNE
train_01763.png,SNE
train_10283.png,MO
train_09962.png,SNE
train_19187.png,SNE
train_02178.png,MO
train_05981.png,BL
train_04851.png,LY
train_01229.png,LY
train_10026.png,SNE
train_10028.png,SNE
train_08583.png,SNE
train_15363.png,LY
train_02146.png,LY
train_04640.png,MO
train_05413.png,LY
train_00512.png,SNE
train_23798.png,SNE
train_13721.png,MO
train_06546.png,LY
train_11059.png,LY
train_15099.png,LY
train_01869.png,MO
train_04882.png,SNE
train_18709.png,VLY
train_14345.png,BNE
train_28584.png,SNE
train_12455.png,LY
train_21220.png,SNE
train_14618.png,SNE
train_24474.png,LY
train_14737.png,BL
train_04004.png,LY
train_26084.png,LY
train_10552.png,SNE
train_08600.png,SNE
train_02574.png,LY
train_24017.png,VLY
train_14834.png,MO
train_27290.png,SNE
train_26235.png,LY
train_25732.png,LY
train_05705.png,MO
train_07787.png,SNE
train_17674.png,MO
train_14808.png,LY
train_07974.png,MO
train_08934.png,SNE
train_23999.png,BA
train_13532.png,LY
train_03050.png,SNE
train_21333.png,LY
train_27238.png,SNE
train_05407.png,LY
train_21693.png,LY
train_15184.png,LY
train_04843.png,SNE
train_17171.png,SNE
train_22134.png,BL
train_13105.png,LY
train_10678.png,SNE
train_01258.png,LY
train_21754.png,LY
train_26609.png,SNE
train_19377.png,BA
train_05354.png,LY
train_18144.png,SNE
train_15735.png,MO
train_02439.png,SNE
train_19638.png,SNE
train_07770.png,SNE
train_05056.png,MO
train_12734.png,SNE
train_28314.png,SNE
train_20195.png,MO
train_12539.png,SNE
train_13250.png,LY
train_16786.png,LY
train_28645.png,LY
train_21767.png,SNE
train_23474.png,LY
train_11451.png,LY
train_18063.png,SNE
train_22135.png,SNE
train_02619.png,SNE
train_07696.png,MO
train_11428.png,SNE
train_05714.png,SNE
train_24312.png,LY
train_23194.png,LY
train_12598.png,LY
train_10627.png,BL
train_26081.png,SNE
train_06852.png,LY
train_21056.png,SNE
train_14290.png,MO
train_00505.png,MO
train_12938.png,LY
train_20444.png,SNE
train_21774.png,EO
train_10625.png,SNE
train_15259.png,SNE
train_00728.png,LY
train_03187.png,SNE
train_13150.png,SNE
train_02078.png,LY
train_09748.png,SNE
train_22381.png,SNE
train_14056.png,SNE
train_07530.png,MY
train_27436.png,SNE
train_27102.png,LY
train_24877.png,LY
train_06169.png,SNE
train_24505.png,BL
train_01159.png,LY
train_23710.png,MO
train_00224.png,SNE
train_14041.png,BNE
train_00335.png,LY
train_15839.png,SNE
train_09327.png,SNE
train_15780.png,LY
train_27970.png,BNE
train_26805.png,SNE
train_23383.png,SNE
train_09088.png,EO
train_07538.png,LY
train_09815.png,LY
train_00419.png,BL
train_27900.png,LY
train_07857.png,LY
train_01291.png,SNE
train_24166.png,MO
train_25201.png,LY
train_18574.png,SNE
train_04539.png,SNE
train_27337.png,LY
train_04891.png,VLY
train_04949.png,SNE
train_09559.png,EO
train_04424.png,SNE
train_00210.png,SNE
train_20882.png,BL
train_23830.png,SNE
train_26856.png,SNE
train_28654.png,SNE
train_17274.png,SNE
train_07508.png,SNE
train_12984.png,SNE
train_00256.png,MO
train_02360.png,SNE
train_23498.png,SNE
train_05764.png,SNE
train_14374.png,SNE
train_10313.png,SNE
train_04700.png,SNE
train_14844.png,LY
train_05103.png,SNE
train_19736.png,LY
train_00165.png,SNE
train_20495.png,SNE
train_14061.png,SNE
train_13801.png,SNE
train_24571.png,LY
train_14094.png,BL
train_25986.png,VLY
train_22571.png,BL
train_24794.png,BA
train_13481.png,MO
train_02888.png,BA
train_25711.png,SNE
train_25892.png,MO
train_28177.png,LY
train_12473.png,LY
train_14471.png,LY
train_22811.png,SNE
train_15155.png,SNE
train_06350.png,LY
train_19864.png,SNE
train_14050.png,SNE
train_24092.png,SNE
train_17303.png,LY
train_10841.png,SNE
train_19364.png,LY
train_26271.png,VLY
train_17501.png,LY
train_05060.png,LY
train_27776.png,LY
train_11364.png,SNE
train_25765.png,LY
train_00558.png,BL
train_13005.png,SNE
train_26666.png,SNE
train_16882.png,SNE
train_27888.png,SNE
train_05513.png,SNE
train_09291.png,SNE
train_09210.png,SNE
train_01246.png,SNE
train_17030.png,SNE
train_04668.png,EO
train_03505.png,SNE
train_25894.png,SNE
train_13634.png,SNE
train_05457.png,SNE
train_16813.png,SNE
train_17643.png,MO
train_07187.png,SNE
train_25524.png,LY
train_09034.png,LY
train_06590.png,SNE
train_24905.png,LY
train_14773.png,MO
train_08163.png,LY
train_04632.png,SNE
train_07677.png,LY
train_12205.png,SNE
train_15025.png,LY
train_01001.png,SNE
train_12622.png,SNE
train_28643.png,MMY
train_09051.png,LY
train_05869.png,LY
train_00864.png,SNE
train_21043.png,SNE
train_28479.png,SNE
train_00295.png,LY
train_27517.png,SNE
train_14725.png,SNE
train_12102.png,BL
train_07250.png,SNE
train_06073.png,SNE
train_26114.png,SNE
train_16438.png,EO
train_19043.png,SNE
train_14567.png,VLY
train_14054.png,SNE
train_04984.png,SNE
train_16415.png,EO
train_10095.png,EO
train_04083.png,SNE
train_28706.png,SNE
train_24161.png,SNE
train_13954.png,SNE
train_20781.png,LY
train_20271.png,SNE
train_24859.png,LY
train_04916.png,SNE
train_22266.png,SNE
train_04050.png,SNE
train_04827.png,LY
train_26825.png,SNE
train_09687.png,SNE
train_22897.png,SNE
train_05790.png,MO
train_26368.png,SNE
train_18878.png,SNE
train_10778.png,BL
train_19184.png,SNE
train_22599.png,LY
train_09118.png,SNE
train_04883.png,LY
train_27678.png,LY
train_16136.png,VLY
train_26191.png,SNE
train_28389.png,LY
train_09392.png,SNE
train_28228.png,SNE
train_08671.png,SNE
train_28172.png,LY
train_12370.png,BL
train_02596.png,LY
train_13919.png,LY
train_09563.png,SNE
train_10516.png,SNE
train_01675.png,BL
train_06348.png,LY
train_19991.png,LY
train_18161.png,LY
train_13572.png,MO
train_06124.png,LY
train_06482.png,SNE
train_19463.png,SNE
train_08034.png,MO
train_26265.png,LY
train_20088.png,SNE
train_05581.png,SNE
train_04298.png,SNE
train_08358.png,SNE
train_22478.png,SNE
train_00394.png,LY
train_19688.png,MY
train_03209.png,MO
train_09849.png,SNE
train_27958.png,SNE
train_22084.png,SNE
train_26091.png,SNE
train_23523.png,BL
train_18229.png,EO
train_08001.png,SNE
train_06290.png,SNE
train_20982.png,LY
train_06748.png,SNE
train_00030.png,SNE
train_06313.png,SNE
train_28626.png,SNE
train_08016.png,LY
train_21645.png,SNE
train_01149.png,BA
train_21147.png,SNE
train_04182.png,SNE
train_05331.png,SNE
train_10265.png,LY
train_23883.png,LY
train_07334.png,LY
train_25269.png,SNE
train_05662.png,SNE
train_27289.png,LY
train_26701.png,LY
train_21170.png,LY
train_20260.png,LY
train_20407.png,SNE
train_19794.png,SNE
train_15173.png,LY
train_02573.png,BL
train_12462.png,SNE
train_03956.png,MO
train_09862.png,SNE
train_02012.png,LY
train_10684.png,SNE
train_26296.png,SNE
train_07122.png,LY
train_26440.png,BL
train_07057.png,LY
train_24969.png,SNE
train_16497.png,SNE
train_01888.png,MO
train_20817.png,LY
train_19683.png,SNE
train_26356.png,BL
train_03576.png,MO
train_25919.png,LY
train_06405.png,MY
train_26804.png,EO
train_15729.png,SNE
train_13947.png,SNE
train_02827.png,EO
train_21672.png,LY
train_14958.png,LY
train_04339.png,SNE
train_26702.png,LY
train_18626.png,SNE
train_03783.png,LY
train_18671.png,MO
train_02964.png,SNE
train_20402.png,EO
train_04246.png,SNE
train_21357.png,PC
train_18489.png,SNE
train_21967.png,SNE
train_00834.png,LY
train_26738.png,MO
train_17243.png,LY
train_05157.png,LY
train_05500.png,LY
train_20903.png,SNE
train_17725.png,LY
train_26487.png,SNE
train_11829.png,LY
train_08715.png,SNE
train_16531.png,LY
train_04253.png,SNE
train_05315.png,EO
train_15628.png,SNE
train_11459.png,LY
train_15962.png,SNE
train_12086.png,SNE
train_06742.png,LY
train_16455.png,SNE
train_01725.png,LY
train_16566.png,SNE
train_17830.png,LY
train_15505.png,MO
train_13322.png,LY
train_09129.png,LY
train_18073.png,SNE
train_28139.png,LY
train_07254.png,SNE
train_20682.png,MO
train_24532.png,LY
train_17097.png,SNE
train_23645.png,BL
train_09590.png,SNE
train_06111.png,LY
train_16029.png,MY
train_16848.png,SNE
train_13693.png,SNE
train_28829.png,SNE
train_15871.png,LY
train_12620.png,LY
train_26187.png,SNE
train_01941.png,SNE
train_10517.png,SNE
train_04146.png,SNE
train_20887.png,SNE
train_09933.png,LY
train_10848.png,MO
train_13111.png,MMY
train_00563.png,LY
train_27617.png,MO
train_11741.png,LY
train_13545.png,SNE
train_07940.png,MO
train_23318.png,SNE
train_01676.png,SNE
train_04193.png,LY
train_01904.png,BL
train_23730.png,EO
train_09592.png,EO
train_10507.png,LY
train_02703.png,BNE
train_18712.png,SNE
train_19589.png,MO
train_22501.png,MO
train_15316.png,MY
train_11598.png,BL
train_19201.png,LY
train_13778.png,BL
train_27978.png,SNE
train_17476.png,BL
train_18728.png,LY
train_00629.png,LY
train_12978.png,LY
train_00769.png,LY
train_02053.png,LY
train_17546.png,LY
train_02321.png,MO
train_12353.png,SNE
train_18692.png,SNE
train_19834.png,MO
train_28437.png,SNE
train_07410.png,BA
train_12555.png,VLY
train_06703.png,MO
train_25807.png,MO
train_25568.png,MY
train_13542.png,SNE
train_17290.png,BL
train_10016.png,SNE
train_11915.png,VLY
train_05972.png,SNE
train_22149.png,LY
train_25103.png,MY
train_14238.png,LY
train_03640.png,SNE
train_11108.png,LY
train_03855.png,SNE
train_26346.png,LY
train_02782.png,BA
train_01671.png,MO
train_02395.png,LY
train_04896.png,LY
train_15693.png,SNE
train_00928.png,LY
train_15837.png,MO
train_05557.png,LY
train_24554.png,LY
train_08842.png,LY
train_06916.png,MO
train_18784.png,SNE
train_10229.png,LY
train_09615.png,BNE
train_15986.png,SNE
train_00772.png,BL
train_04194.png,LY
train_12283.png,LY
train_06426.png,LY
train_02871.png,EO
train_27847.png,MO
train_17022.png,SNE
train_14841.png,SNE
train_11931.png,LY
train_19924.png,SNE
train_21887.png,LY
train_08662.png,SNE
train_26724.png,SNE
train_04795.png,MO
train_06946.png,BL
train_28820.png,SNE
train_05268.png,SNE
train_14065.png,SNE
train_08215.png,LY
train_07809.png,BL
train_10051.png,BL
train_02833.png,MO
train_03251.png,LY
train_21482.png,SNE
train_23658.png,LY
train_14971.png,LY
train_19220.png,SNE
train_05898.png,LY
train_03868.png,SNE
train_04361.png,EO
train_01346.png,SNE
train_08354.png,LY
train_16682.png,LY
train_05484.png,LY
train_25425.png,SNE
train_28209.png,SNE
train_27658.png,BL
train_01189.png,LY
train_16969.png,MO
train_24381.png,BL
train_26247.png,LY
train_07970.png,MO
train_12543.png,MY
train_08692.png,LY
train_16381.png,SNE
train_04203.png,SNE
train_11852.png,MO
train_19392.png,SNE
train_12316.png,BL
train_23271.png,SNE
train_14296.png,LY
train_16776.png,LY
train_26230.png,SNE
train_16856.png,SNE
train_04955.png,LY
train_27220.png,LY
train_28882.png,SNE
train_26875.png,SNE
train_13356.png,LY
train_28409.png,BL
train_14455.png,MY
train_23685.png,SNE
train_09102.png,LY
train_20265.png,MMY
train_25013.png,SNE
train_17635.png,BNE
train_08222.png,BL
train_17418.png,LY
train_11442.png,SNE
train_19647.png,SNE
train_27524.png,EO
train_03621.png,SNE
train_09399.png,LY
train_15929.png,LY
train_25231.png,LY
train_17606.png,SNE
train_17405.png,SNE
train_25495.png,SNE
train_22962.png,BL
train_15738.png,SNE
train_28029.png,LY
train_23697.png,LY
train_16264.png,LY
train_22188.png,SNE
train_22884.png,SNE
train_05188.png,MO
train_24576.png,SNE
train_09542.png,SNE
train_17656.png,LY
train_27558.png,MMY
train_09921.png,LY
train_21497.png,LY
train_07551.png,SNE
train_20130.png,MY
train_19812.png,LY
train_14597.png,SNE
train_08803.png,SNE
train_08668.png,EO
train_26316.png,SNE
train_24134.png,LY
train_01802.png,SNE
train_01509.png,MO
train_01731.png,VLY
train_00529.png,SNE
train_24773.png,VLY
train_04370.png,LY
train_12037.png,SNE
train_14776.png,LY
train_18516.png,SNE
train_22537.png,SNE
train_24527.png,SNE
train_18910.png,SNE
train_19997.png,SNE
train_24615.png,SNE
train_27922.png,LY
train_04504.png,LY
train_10698.png,SNE
train_02264.png,MO
train_16440.png,BNE
train_04484.png,SNE
train_02169.png,SNE
train_23602.png,LY
train_03237.png,LY
train_16476.png,MY
train_27126.png,SNE
train_25600.png,SNE
train_12795.png,LY
train_21428.png,SNE
train_19271.png,SNE
train_24191.png,BNE
train_13916.png,BA
train_27024.png,SNE
train_17073.png,SNE
train_01040.png,PMY
train_22584.png,SNE
train_03985.png,LY
train_28512.png,LY
train_01051.png,MO
train_18050.png,MO
train_10659.png,SNE
train_14330.png,LY
train_23693.png,LY
train_03469.png,SNE
train_05448.png,MO
train_26307.png,MY
train_10090.png,LY
train_08821.png,SNE
train_06430.png,LY
train_04493.png,SNE
train_26182.png,SNE
train_16254.png,SNE
train_27233.png,LY
train_09054.png,SNE
train_10649.png,SNE
train_23046.png,SNE
train_02865.png,LY
train_28272.png,LY
train_21277.png,MO
train_15966.png,LY
train_05707.png,MO
train_05346.png,LY
train_01760.png,LY
train_19212.png,LY
train_16685.png,BL
train_08506.png,SNE
train_15067.png,MO
train_02048.png,LY
train_20307.png,SNE
train_20047.png,LY
train_15661.png,MO
train_27723.png,LY
train_17619.png,LY
train_24976.png,MO
train_07233.png,LY
train_20179.png,SNE
train_02089.png,LY
train_04692.png,LY
train_01288.png,SNE
train_09967.png,BL
train_21234.png,SNE
train_06262.png,SNE
train_01486.png,SNE
train_15665.png,SNE
train_16107.png,BL
train_01284.png,SNE
train_02257.png,LY
train_02561.png,MO
train_03704.png,LY
train_05936.png,SNE
train_23968.png,SNE
train_16612.png,SNE
train_07528.png,SNE
train_16444.png,SNE
train_07993.png,SNE
train_03843.png,SNE
train_03424.png,LY
train_17514.png,SNE
train_01902.png,SNE
train_03930.png,SNE
train_16761.png,MY
train_09087.png,SNE
train_21066.png,SNE
train_01739.png,SNE
train_19006.png,SNE
train_28582.png,EO
train_03947.png,SNE
train_21933.png,LY
train_19038.png,LY
train_22330.png,SNE
train_02560.png,SNE
train_00248.png,LY
train_06418.png,MO
train_22245.png,SNE
train_05263.png,EO
train_06750.png,SNE
train_17478.png,SNE
train_12695.png,SNE
train_19021.png,SNE
train_27984.png,SNE
train_22675.png,SNE
train_26637.png,SNE
train_15769.png,BA
train_19264.png,SNE
train_00628.png,SNE
train_00765.png,LY
train_05750.png,LY
train_23067.png,SNE
train_18463.png,MO
train_22942.png,SNE
train_21828.png,LY
train_17627.png,MO
train_00660.png,LY
train_16289.png,SNE
train_00019.png,SNE
train_21925.png,BL
train_06343.png,SNE
train_28155.png,SNE
train_00514.png,LY
train_07352.png,MO
train_23853.png,MO
train_14667.png,LY
train_19746.png,SNE
train_20075.png,SNE
train_03082.png,SNE
train_24020.png,SNE
train_02253.png,LY
train_08635.png,SNE
train_18003.png,LY
train_00220.png,SNE
train_04157.png,BL
train_26649.png,SNE
train_17773.png,SNE
train_07301.png,LY
train_09626.png,MMY
train_02982.png,LY
train_05451.png,LY
train_12017.png,SNE
train_07457.png,SNE
train_13016.png,SNE
train_19983.png,LY
train_12111.png,LY
train_17044.png,LY
train_26389.png,LY
train_26877.png,LY
train_12075.png,LY
train_01582.png,SNE
train_20513.png,LY
train_06513.png,SNE
train_23188.png,SNE
train_25413.png,BNE
train_16171.png,MO
train_14462.png,MO
train_09330.png,MO
train_10465.png,SNE
train_10063.png,SNE
train_24290.png,LY
train_13315.png,SNE
train_00543.png,LY
train_28401.png,SNE
train_17977.png,SNE
train_26896.png,SNE
train_09494.png,SNE
train_19283.png,LY
train_17942.png,MO
train_15676.png,SNE
train_06468.png,BL
train_10042.png,EO
train_26061.png,SNE
train_12613.png,SNE
train_13816.png,LY
train_26537.png,SNE
train_05947.png,SNE
train_12911.png,SNE
train_08722.png,SNE
train_24168.png,VLY
train_01984.png,LY
train_18482.png,MMY
train_20833.png,SNE
train_19562.png,SNE
train_19348.png,LY
train_07076.png,LY
train_06321.png,SNE
train_13640.png,SNE
train_23387.png,LY
train_11281.png,SNE
train_19774.png,LY
train_05227.png,SNE
train_14338.png,SNE
train_17788.png,BL
train_23922.png,VLY
train_22785.png,LY
train_08613.png,LY
train_12834.png,MO
train_19598.png,LY
train_00359.png,MO
train_28264.png,EO
train_17268.png,LY
train_00740.png,BA
train_22819.png,MO
train_24093.png,MO
train_26627.png,SNE
train_09340.png,SNE
train_10769.png,PC
train_04223.png,SNE
train_22503.png,SNE
train_25347.png,SNE
train_18974.png,EO
train_21216.png,BL
train_01868.png,MMY
train_26886.png,LY
train_12655.png,SNE
train_09004.png,SNE
train_06085.png,SNE
train_21127.png,PC
train_09670.png,SNE
train_10166.png,SNE
train_14609.png,SNE
train_19796.png,LY
train_28283.png,SNE
train_08480.png,BL
train_07900.png,LY
train_05222.png,LY
train_28036.png,SNE
train_09525.png,EO
train_24528.png,SNE
train_04601.png,SNE
train_26146.png,SNE
train_15048.png,SNE
train_28267.png,MO
train_10772.png,LY
train_26840.png,MY
train_04323.png,LY
train_28591.png,LY
train_16822.png,SNE
train_07422.png,LY
train_12636.png,SNE
train_12790.png,MY
train_02857.png,LY
train_21687.png,BL
train_02955.png,MO
train_18500.png,EO
train_24403.png,SNE
train_12740.png,LY
train_12280.png,SNE
train_23838.png,SNE
train_25009.png,LY
train_19921.png,SNE
train_12469.png,MO
train_21795.png,SNE
train_16826.png,LY
train_05765.png,MY
train_09694.png,EO
train_10298.png,LY
train_01513.png,LY
train_09000.png,SNE
train_06564.png,LY
train_05773.png,SNE
train_21491.png,LY
train_06344.png,SNE
train_06953.png,LY
train_08912.png,BL
train_16379.png,SNE
train_23566.png,BNE
train_23345.png,MO
train_28459.png,LY
train_08378.png,LY
train_17760.png,SNE
train_25188.png,SNE
train_03825.png,SNE
train_13989.png,LY
train_25780.png,SNE
train_10394.png,SNE
train_16242.png,SNE
train_06814.png,LY
train_25479.png,BA
train_09767.png,MO
train_01282.png,SNE
train_21657.png,SNE
train_03680.png,SNE
train_04432.png,LY
train_24676.png,MO
train_01444.png,BL
train_21894.png,SNE
train_09053.png,BL
train_06028.png,LY
train_20975.png,LY
train_01753.png,BNE
train_17985.png,BL
train_08186.png,MO
train_21892.png,SNE
train_01450.png,SNE
train_06075.png,BA
train_28568.png,LY
train_17408.png,SNE
train_28349.png,LY
train_24374.png,LY
train_26116.png,MO
train_24737.png,SNE
train_26218.png,MO
train_00288.png,EO
train_02861.png,LY
train_28317.png,LY
train_23769.png,LY
train_02595.png,LY
train_28788.png,MO
train_15497.png,SNE
train_17487.png,LY
train_03478.png,BL
train_20978.png,SNE
train_21299.png,BNE
train_07877.png,MO
train_07284.png,LY
train_16479.png,BL
train_24516.png,SNE
train_15058.png,MY
train_12443.png,BNE
train_13548.png,MO
train_22349.png,LY
train_24612.png,LY
train_27691.png,SNE
train_18395.png,SNE
train_04704.png,BL
train_13404.png,SNE
train_00783.png,SNE
train_08514.png,SNE
train_10114.png,BL
train_21291.png,SNE
train_09094.png,MMY
train_24271.png,LY
train_09875.png,SNE
train_05052.png,SNE
train_04126.png,SNE
train_05191.png,SNE
train_17445.png,LY
train_13707.png,SNE
train_17686.png,SNE
train_14134.png,SNE
train_16596.png,MO
train_17096.png,SNE
train_06097.png,BA
train_24869.png,LY
train_24358.png,MO
train_05561.png,SNE
train_19614.png,SNE
train_12256.png,SNE
train_02071.png,MO
train_16878.png,EO
train_08875.png,LY
train_01698.png,SNE
train_15898.png,LY
train_21365.png,SNE
train_24548.png,SNE
train_25162.png,EO
train_26682.png,SNE
train_03122.png,LY
train_06995.png,LY
train_16839.png,MO
train_07761.png,LY
train_01096.png,LY
train_18103.png,SNE
train_25217.png,SNE
train_03629.png,BA
train_26344.png,SNE
train_24686.png,BL
train_17626.png,SNE
train_28809.png,SNE
train_16454.png,BA
train_25050.png,SNE
train_23995.png,SNE
train_19685.png,LY
train_19754.png,MO
train_28789.png,SNE
train_22859.png,BL
train_04170.png,SNE
train_14564.png,SNE
train_14947.png,SNE
train_15768.png,SNE
train_06868.png,SNE
train_02958.png,BL
train_22945.png,SNE
train_22803.png,LY
train_26047.png,EO
train_17362.png,LY
train_04963.png,LY
train_05694.png,LY
train_15436.png,SNE
train_05250.png,BL
train_07867.png,MY
train_04793.png,SNE
train_08572.png,LY
train_01188.png,BL
train_21161.png,SNE
train_28178.png,MO
train_14932.png,MO
train_11820.png,LY
train_15895.png,LY
train_17193.png,MO
train_09532.png,LY
train_16042.png,MO
train_26328.png,BL
train_22653.png,SNE
train_22746.png,SNE
train_03767.png,SNE
train_28468.png,SNE
train_24806.png,LY
train_00225.png,BL
train_28475.png,BL
train_28642.png,MO
train_04885.png,SNE
train_28309.png,SNE
train_25642.png,SNE
train_20064.png,SNE
train_20711.png,SNE
train_04527.png,LY
train_20859.png,MMY
train_12888.png,SNE
train_10564.png,LY
train_17939.png,BL
train_18352.png,SNE
train_06236.png,LY
train_21640.png,SNE
train_09308.png,MO
train_19509.png,SNE
train_11018.png,LY
train_07489.png,SNE
train_07417.png,SNE
train_17752.png,SNE
train_21325.png,MO
train_24533.png,SNE
train_22838.png,LY
train_23630.png,SNE
train_20215.png,LY
train_23603.png,SNE
train_14438.png,SNE
train_14720.png,VLY
train_13534.png,LY
train_22180.png,SNE
train_00191.png,SNE
train_03797.png,LY
train_03257.png,MO
train_28239.png,SNE
train_13566.png,SNE
train_03816.png,SNE
train_07694.png,SNE
train_15810.png,LY
train_14138.png,SNE
train_28678.png,SNE
train_10603.png,SNE
train_08250.png,MO
train_25250.png,SNE
train_06144.png,SNE
train_24638.png,LY
train_18118.png,MMY
train_02475.png,SNE
train_07042.png,LY
train_26568.png,BL
train_27250.png,LY
train_06613.png,SNE
train_17380.png,MO
train_22878.png,SNE
train_12706.png,SNE
train_13606.png,LY
train_18835.png,BL
train_26535.png,BA
train_18078.png,LY
train_22406.png,EO
train_23885.png,LY
train_22529.png,LY
train_25197.png,MY
train_21352.png,SNE
train_04757.png,MO
train_10163.png,SNE
train_12624.png,SNE
train_06006.png,BL
train_24118.png,SNE
train_20393.png,SNE
train_25903.png,MO
train_24838.png,SNE
train_15229.png,BL
train_19491.png,MMY
train_05780.png,LY
train_02507.png,SNE
train_22010.png,MO
train_10874.png,MO
train_06275.png,LY
train_04215.png,SNE
train_06981.png,SNE
train_26263.png,SNE
train_08817.png,MY
train_05005.png,LY
train_26883.png,BL
train_22248.png,LY
train_09501.png,LY
train_11969.png,SNE
train_07539.png,MY
train_18686.png,LY
train_02250.png,MO
train_25817.png,MO
train_21241.png,SNE
train_17425.png,BL
train_12294.png,EO
train_00956.png,MO
train_19766.png,SNE
train_16104.png,SNE
train_07055.png,SNE
train_10033.png,SNE
train_26634.png,SNE
train_28699.png,LY
train_06922.png,MO
train_19457.png,MO
train_25473.png,SNE
train_21461.png,LY
train_17358.png,BL
train_06030.png,LY
train_23379.png,LY
train_07698.png,SNE
train_04714.png,SNE
train_16474.png,SNE
train_07566.png,LY
train_18270.png,MO
train_04266.png,LY
train_13806.png,LY
train_27357.png,SNE
train_23355.png,LY
train_20068.png,SNE
train_01665.png,LY
train_17610.png,LY
train_06019.png,SNE
train_05905.png,SNE
train_17928.png,SNE
train_21872.png,SNE
train_01304.png,LY
train_27328.png,LY
train_01025.png,MY
train_15528.png,SNE
train_12033.png,SNE
train_23495.png,SNE
train_19318.png,MO
train_20324.png,MO
train_24210.png,LY
train_15563.png,LY
train_00994.png,LY
train_02807.png,MO
train_12563.png,LY
train_05215.png,SNE
train_18052.png,LY
train_23428.png,SNE
train_15506.png,LY
train_12073.png,SNE
train_04087.png,LY
train_16503.png,BL
train_15924.png,LY
train_04451.png,LY
train_07423.png,SNE
train_06011.png,SNE
train_04419.png,LY
train_11028.png,LY
train_24950.png,SNE
train_19771.png,SNE
train_25116.png,SNE
train_04309.png,SNE
train_20306.png,SNE
train_25973.png,SNE
train_15400.png,LY
train_22119.png,SNE
train_20901.png,MO
train_12458.png,SNE
train_13638.png,LY
train_15284.png,SNE
train_25134.png,BA
train_24830.png,SNE
train_24718.png,MO
train_18075.png,LY
train_17253.png,SNE
train_21768.png,SNE
train_16283.png,LY
train_21328.png,SNE
train_28564.png,MO
train_04966.png,LY
train_22910.png,SNE
train_02669.png,LY
train_18529.png,MY
train_13170.png,SNE
train_05853.png,SNE
train_00097.png,LY
train_13458.png,SNE
train_12415.png,MO
train_28867.png,LY
train_08744.png,BL
train_03151.png,SNE
train_19878.png,SNE
train_25881.png,SNE
train_17684.png,MO
train_02554.png,BL
train_00523.png,SNE
train_15627.png,MO
train_13098.png,SNE
train_09411.png,SNE
train_24848.png,BL
train_26852.png,SNE
train_11602.png,BA
train_21594.png,SNE
train_22931.png,LY
train_20846.png,EO
train_07116.png,SNE
train_20514.png,SNE
train_16048.png,LY
train_05310.png,SNE
train_27381.png,SNE
train_13289.png,SNE
train_07436.png,SNE
train_15807.png,BL
train_02404.png,SNE
train_27760.png,SNE
train_19200.png,MO
train_04701.png,PMY
train_18458.png,SNE
train_13060.png,BL
train_03760.png,EO
train_09959.png,SNE
train_03880.png,BNE
train_27739.png,MO
train_21600.png,LY
train_28674.png,MO
train_21095.png,LY
train_00597.png,BA
train_25675.png,EO
train_11781.png,MO
train_20881.png,LY
train_06401.png,LY
train_23537.png,SNE
train_01112.png,LY
train_06769.png,BL
train_15453.png,SNE
train_21820.png,VLY
train_09082.png,SNE
train_10842.png,LY
train_03901.png,MO
train_12078.png,SNE
train_15489.png,BL
train_27383.png,LY
train_20494.png,LY
train_14899.png,MO
train_10873.png,SNE
train_00906.png,MO
train_23962.png,LY
train_21061.png,LY
train_25790.png,MO
train_24376.png,LY
train_01176.png,LY
train_25556.png,LY
train_14104.png,SNE
train_19313.png,SNE
train_02406.png,SNE
train_23491.png,SNE
train_22042.png,SNE
train_26661.png,SNE
train_13760.png,SNE
train_18478.png,MO
train_23200.png,SNE
train_11903.png,SNE
train_16167.png,LY
train_04360.png,SNE
train_28725.png,SNE
train_16602.png,LY
train_22586.png,LY
train_05375.png,SNE
train_15836.png,BA
train_27523.png,SNE
train_19136.png,LY
train_18942.png,SNE
train_25589.png,SNE
train_03004.png,LY
train_08339.png,BL
train_02705.png,BA
train_18126.png,SNE
train_18888.png,BL
train_02296.png,SNE
train_21510.png,SNE
train_10082.png,BNE
train_04047.png,LY
train_17650.png,SNE
train_19881.png,LY
train_02337.png,EO
train_16222.png,SNE
train_02970.png,SNE
train_03248.png,SNE
train_15760.png,SNE
train_00029.png,LY
train_06635.png,SNE
train_04188.png,SNE
train_02929.png,LY
train_24648.png,SNE
train_14092.png,LY
train_22767.png,LY
train_20948.png,LY
train_07635.png,BL
train_04573.png,MO
train_16987.png,SNE
train_24269.png,BL
train_03042.png,EO
train_02372.png,BA
train_21660.png,SNE
train_07706.png,SNE
train_24757.png,MO
train_27909.png,EO
train_06876.png,BL
train_18657.png,SNE
train_08843.png,BA
train_25061.png,SNE
train_08344.png,MO
train_12422.png,LY
train_25912.png,SNE
train_25582.png,BNE
train_14282.png,SNE
train_25266.png,MO
train_03516.png,SNE
train_22337.png,MO
train_09312.png,MO
train_22334.png,SNE
train_10674.png,SNE
train_06408.png,SNE
train_20479.png,MMY
train_13554.png,SNE
train_18408.png,SNE
train_13294.png,BL
train_07803.png,LY
train_05933.png,EO
train_24570.png,SNE
train_23352.png,LY
train_23414.png,SNE
train_12726.png,SNE
train_04899.png,MO
train_09582.png,LY
train_21785.png,LY
train_11069.png,SNE
train_21696.png,EO
train_00207.png,LY
train_18551.png,SNE
train_13752.png,SNE
train_25160.png,MMY
train_12015.png,LY
train_21504.png,SNE
train_12627.png,BL
train_27547.png,MY
train_18484.png,LY
train_22408.png,LY
train_09482.png,MO
train_28530.png,SNE
train_00508.png,SNE
train_28675.png,SNE
train_12661.png,SNE
train_04076.png,LY
train_05259.png,EO
train_24927.png,LY
train_08511.png,SNE
train_13359.png,LY
train_02506.png,LY
train_23000.png,BL
train_28481.png,MO
train_06437.png,SNE
train_26380.png,LY
train_21901.png,BL
train_25133.png,LY
train_21309.png,LY
train_01696.png,LY
train_19762.png,MY
train_15900.png,LY
train_11962.png,LY
train_00118.png,LY
train_00635.png,LY
train_07225.png,LY
train_06853.png,MO
train_21404.png,SNE
train_23562.png,MO
train_13089.png,LY
train_23878.png,LY
train_15495.png,SNE
train_02386.png,LY
train_26521.png,SNE
train_21788.png,SNE
train_20602.png,LY
train_27571.png,EO
train_23454.png,LY
train_01210.png,SNE
train_24586.png,SNE
train_12646.png,SNE
train_09429.png,EO
train_16422.png,SNE
train_19729.png,SNE
train_19276.png,BL
train_23095.png,MMY
train_10927.png,LY
train_02000.png,LY
train_01338.png,SNE
train_22734.png,LY
train_16466.png,PMY
train_18428.png,LY
train_26515.png,BL
train_12959.png,BL
train_09580.png,SNE
train_24234.png,LY
train_18289.png,LY
train_09371.png,LY
train_12767.png,BL
train_09505.png,SNE
train_16178.png,SNE
train_07984.png,LY
train_27543.png,SNE
train_12787.png,SNE
train_17302.png,LY
train_23490.png,EO
train_03495.png,MY
train_08455.png,EO
train_21565.png,SNE
train_20241.png,SNE
train_27663.png,SNE
train_16767.png,SNE
train_18012.png,LY
train_12583.png,BL
train_26608.png,BL
train_04553.png,MO
train_26761.png,SNE
train_27660.png,LY
train_18536.png,SNE
train_11041.png,SNE
train_04225.png,BL
train_13559.png,PMY
train_22310.png,SNE
train_18184.png,BL
train_22932.png,LY
train_10845.png,SNE
train_10097.png,LY
train_21647.png,SNE
train_05349.png,LY
train_24856.png,MO
train_20515.png,MO
train_21968.png,SNE
train_09667.png,LY
train_26932.png,LY
train_20594.png,BL
train_08927.png,SNE
train_19639.png,SNE
train_01906.png,LY
train_02285.png,LY
train_01644.png,LY
train_17093.png,LY
train_04447.png,SNE
train_17066.png,MO
train_17059.png,LY
train_16671.png,MMY
train_24388.png,LY
train_22549.png,SNE
train_12535.png,LY
train_09274.png,LY
train_11873.png,SNE
train_01147.png,BL
train_12045.png,MO
train_02543.png,SNE
train_17119.png,BL
train_20591.png,SNE
train_25913.png,SNE
train_13769.png,LY
train_15228.png,LY
train_12614.png,MO
train_20965.png,SNE
train_23044.png,MO
train_06747.png,MO
train_24226.png,SNE
train_15208.png,EO
train_01561.png,SNE
train_13168.png,LY
train_11180.png,SNE
train_04061.png,BL
train_28578.png,EO
train_15695.png,SNE
train_15000.png,SNE
train_22913.png,MO
train_16606.png,SNE
train_24066.png,LY
train_26333.png,BL
train_11278.png,SNE
train_14782.png,SNE
train_15128.png,SNE
train_17639.png,SNE
train_06578.png,SNE
train_09661.png,LY
train_01267.png,LY
train_11157.png,LY
train_06939.png,LY
train_06191.png,LY
train_15589.png,SNE
train_13574.png,SNE
train_21026.png,MO
train_01949.png,SNE
train_07476.png,MO
train_24219.png,MMY
train_03284.png,SNE
train_00149.png,LY
train_21963.png,BL
train_03171.png,SNE
train_09735.png,LY
train_16925.png,BA
train_05559.png,LY
train_01679.png,LY
train_06407.png,LY
train_02471.png,MO
train_09218.png,LY
train_21974.png,SNE
train_00929.png,BL
train_08416.png,MO
train_19051.png,LY
train_00675.png,SNE
train_28030.png,LY
train_09361.png,VLY
train_24890.png,LY
train_06803.png,LY
train_23782.png,SNE
train_04842.png,LY
train_22291.png,MO
train_24872.png,BL
train_25240.png,SNE
train_22068.png,LY
train_09904.png,MO
train_04235.png,LY
train_10899.png,SNE
train_01255.png,LY
train_09922.png,BL
train_17082.png,SNE
train_25046.png,SNE
train_22298.png,SNE
train_15825.png,SNE
train_17111.png,LY
train_23332.png,SNE
train_00175.png,SNE
train_01736.png,SNE
train_21509.png,SNE
train_24236.png,SNE
train_02690.png,SNE
train_13546.png,LY
train_21728.png,SNE
train_18727.png,EO
train_06197.png,SNE
train_17796.png,LY
train_28620.png,LY
train_07449.png,SNE
train_26432.png,SNE
train_02347.png,LY
train_12708.png,SNE
train_16499.png,SNE
train_25287.png,SNE
train_21084.png,LY
train_20191.png,SNE
train_27923.png,BL
train_07937.png,LY
train_23363.png,SNE
train_21121.png,SNE
train_11522.png,SNE
train_03064.png,LY
train_27300.png,SNE
train_10029.png,SNE
train_08845.png,BL
train_03782.png,LY
train_10122.png,SNE
train_24818.png,LY
train_01804.png,SNE
train_14398.png,SNE
train_05758.png,LY
train_27995.png,EO
train_13195.png,SNE
train_28360.png,LY
train_22875.png,LY
train_22305.png,SNE
train_22316.png,LY
train_24449.png,SNE
train_25720.png,BL
train_04849.png,VLY
train_11590.png,SNE
train_26807.png,SNE
train_16263.png,MY
train_23499.png,SNE
train_08769.png,LY
train_07716.png,VLY
train_12270.png,SNE
train_20390.png,SNE
train_12323.png,SNE
train_25777.png,BL
train_20796.png,LY
train_00298.png,EO
train_15118.png,SNE
train_21970.png,LY
train_01254.png,MO
train_10974.png,SNE
train_12322.png,LY
train_20913.png,LY
train_12163.png,SNE
train_08400.png,LY
train_15796.png,MO
train_03857.png,VLY
train_11673.png,LY
train_18905.png,SNE
train_15542.png,BL
train_19985.png,SNE
train_01832.png,LY
train_19273.png,SNE
train_24410.png,SNE
train_05785.png,LY
train_23701.png,BL
train_17278.png,LY
train_13713.png,SNE
train_08127.png,LY
train_21128.png,LY
train_18288.png,SNE
train_20042.png,MO
train_16268.png,LY
train_00643.png,LY
train_25064.png,SNE
train_17799.png,SNE
train_14084.png,SNE
train_01590.png,EO
train_00336.png,SNE
train_06273.png,SNE
train_28644.png,SNE
train_16404.png,LY
train_13383.png,LY
train_07120.png,SNE
train_09355.png,SNE
train_17469.png,SNE
train_10145.png,LY
train_27134.png,LY
train_22539.png,MO
train_24159.png,SNE
train_14351.png,MO
train_05631.png,SNE
train_03564.png,SNE
train_17609.png,BL
train_16397.png,SNE
train_26505.png,SNE
train_05671.png,SNE
train_13676.png,SNE
train_23047.png,SNE
train_03871.png,BL
train_19668.png,LY
train_16196.png,SNE
train_05888.png,LY
train_12804.png,LY
train_24891.png,MO
train_19277.png,SNE
train_01327.png,LY
train_17555.png,EO
train_07830.png,MO
train_13400.png,LY
train_26392.png,BL
train_02939.png,SNE
train_09981.png,MO
train_07659.png,SNE
train_10370.png,SNE
train_10652.png,SNE
train_00573.png,LY
train_21746.png,LY
train_07395.png,SNE
train_27507.png,LY
train_27043.png,LY
train_14206.png,SNE
train_14021.png,SNE
train_01717.png,SNE
train_08799.png,LY
train_05544.png,SNE
train_23975.png,MO
train_07096.png,LY
train_14528.png,MO
train_06178.png,SNE
train_22064.png,LY
train_26089.png,MO
train_10813.png,LY
train_27439.png,MO
train_01059.png,SNE
train_07994.png,SNE
train_15248.png,BL
train_08944.png,SNE
train_06472.png,LY
train_24162.png,SNE
train_14635.png,LY
train_19822.png,LY
train_27956.png,LY
train_26864.png,EO
train_02172.png,LY
train_12439.png,SNE
train_10378.png,LY
train_28414.png,LY
train_02996.png,MO
train_08212.png,LY
train_00581.png,LY
train_12103.png,SNE
train_20368.png,BL
train_12803.png,BL
train_26542.png,LY
train_03833.png,SNE
train_02477.png,LY
train_16070.png,LY
train_01530.png,SNE
train_24275.png,MO
train_00562.png,MO
train_23349.png,MO
train_00201.png,SNE
train_04021.png,BL
train_12607.png,SNE
train_19962.png,LY
train_21831.png,LY
train_14498.png,SNE
train_20869.png,LY
train_21350.png,BNE
train_14180.png,LY
train_23587.png,LY
train_03025.png,SNE
train_06139.png,LY
train_07176.png,LY
train_24697.png,SNE
train_04819.png,SNE
train_28535.png,SNE
train_21840.png,SNE
train_18499.png,LY
train_27702.png,LY
train_05963.png,BL
train_04098.png,SNE
train_24606.png,MO
train_02447.png,SNE
train_16617.png,SNE
train_15809.png,MO
train_06890.png,SNE
train_03280.png,BNE
train_16624.png,BL
train_21104.png,MO
train_26021.png,MY
train_14340.png,SNE
train_16337.png,SNE
train_21171.png,BL
train_04237.png,BL
train_24481.png,SNE
train_26566.png,SNE
train_05738.png,LY
train_21958.png,SNE
train_12227.png,BL
train_24726.png,SNE
train_14391.png,SNE
train_01565.png,LY
train_12806.png,SNE
train_19053.png,SNE
train_18135.png,BL
train_05054.png,MO
train_16383.png,SNE
train_16272.png,LY
train_10417.png,SNE
train_16273.png,EO
train_23488.png,SNE
train_17798.png,SNE
train_05079.png,MMY
train_02121.png,BNE
train_03678.png,LY
train_19350.png,BL
train_19065.png,LY
train_13418.png,LY
train_08947.png,SNE
train_16471.png,MO
train_18648.png,MY
train_27263.png,BL
train_23939.png,MMY
train_05690.png,LY
train_00398.png,SNE
train_17665.png,LY
train_02224.png,SNE
train_11542.png,SNE
train_25826.png,LY
train_08796.png,LY
train_02043.png,BL
train_19459.png,SNE
train_01782.png,BL
train_19325.png,SNE
train_24370.png,SNE
train_11015.png,MO
train_24406.png,SNE
train_04973.png,SNE
train_04871.png,LY
train_06896.png,SNE
train_03730.png,LY
train_10942.png,LY
train_18164.png,LY
train_16478.png,MO
train_05195.png,MY
train_15624.png,MO
train_04870.png,LY
train_12040.png,VLY
train_08441.png,SNE
train_09277.png,BL
train_21706.png,SNE
train_20789.png,SNE
train_16798.png,SNE
train_17210.png,BL
train_27115.png,SNE
train_15992.png,LY
train_10583.png,SNE
train_09441.png,LY
train_27082.png,SNE
train_03742.png,LY
train_15426.png,BNE
train_20947.png,SNE
train_05072.png,BL
train_20891.png,SNE
train_16496.png,SNE
train_01005.png,BL
train_23702.png,SNE
train_07668.png,LY
train_24776.png,LY
train_09036.png,LY
train_03205.png,LY
train_02049.png,LY
train_11995.png,SNE
train_12401.png,SNE
train_20824.png,BL
train_24292.png,SNE
train_23012.png,LY
train_00268.png,SNE
train_09958.png,LY
train_20446.png,BL
train_20827.png,MO
train_28346.png,SNE
train_10482.png,LY
train_11551.png,MO
train_03107.png,SNE
train_13658.png,LY
train_22905.png,SNE
train_25999.png,LY
train_27762.png,SNE
train_04115.png,LY
train_11441.png,SNE
train_19226.png,BA
train_17599.png,LY
train_13097.png,BL
train_09622.png,LY
train_27893.png,SNE
train_18284.png,SNE
train_03582.png,SNE
train_19059.png,MO
train_05214.png,SNE
train_27074.png,LY
train_06735.png,SNE
train_16888.png,SNE
train_00458.png,SNE
train_19131.png,BL
train_17045.png,SNE
train_03838.png,EO
train_02015.png,SNE
train_25289.png,LY
train_06257.png,SNE
train_14856.png,LY
train_21621.png,BL
train_21861.png,LY
train_27840.png,SNE
train_00300.png,SNE
train_24512.png,LY
train_02658.png,SNE
train_21158.png,SNE
train_10263.png,BL
train_10608.png,SNE
train_17691.png,SNE
train_20188.png,SNE
train_05241.png,LY
train_27504.png,SNE
train_12005.png,SNE
train_16398.png,SNE
train_20082.png,SNE
train_05789.png,SNE
train_08257.png,LY
train_25166.png,LY
train_23831.png,LY
train_18817.png,LY
train_07302.png,MO
train_07547.png,MO
train_19862.png,SNE
train_25905.png,LY
train_22024.png,SNE
train_25966.png,LY
train_01757.png,SNE
train_05632.png,SNE
train_04389.png,BL
train_24420.png,SNE
train_17659.png,MO
train_19837.png,SNE
train_02933.png,SNE
train_03035.png,BL
train_21337.png,SNE
train_03600.png,MO
train_20043.png,SNE
train_12079.png,LY
train_23864.png,BNE
train_03145.png,LY
train_22744.png,LY
train_25388.png,LY
train_10748.png,SNE
train_28188.png,BL
train_04230.png,BL
train_00184.png,BL
train_26480.png,MO
train_06957.png,SNE
train_10454.png,LY
train_16350.png,SNE
train_10791.png,SNE
train_05950.png,LY
train_28543.png,SNE
train_08113.png,SNE
train_20813.png,LY
train_16210.png,LY
train_23168.png,SNE
train_11215.png,SNE
train_17651.png,MMY
train_18029.png,LY
train_02585.png,LY
train_20941.png,SNE
train_06751.png,SNE
train_00826.png,LY
train_13705.png,MO
train_21589.png,SNE
train_03476.png,LY
train_00068.png,VLY
train_19233.png,MO
train_20365.png,LY
train_02180.png,SNE
train_07584.png,SNE
train_09671.png,SNE
train_00447.png,SNE
train_02265.png,SNE
train_03315.png,SNE
train_16125.png,SNE
train_04187.png,SNE
train_25114.png,LY
train_23686.png,LY
train_25658.png,LY
train_22251.png,MO
train_04094.png,SNE
train_04764.png,LY
train_15385.png,SNE
train_27499.png,SNE
train_03819.png,BL
train_28772.png,LY
train_13918.png,PMY
train_11845.png,SNE
train_11816.png,SNE
train_05243.png,LY
train_27636.png,LY
train_20331.png,SNE
train_28525.png,SNE
train_24951.png,LY
train_23813.png,LY
train_12591.png,EO
train_21616.png,LY
train_25794.png,LY
train_17214.png,LY
train_19576.png,LY
train_27576.png,BL
train_10435.png,SNE
train_11934.png,LY
train_04997.png,SNE
train_11899.png,MO
train_02937.png,LY
train_23536.png,LY
train_10658.png,LY
train_28884.png,SNE
train_09502.png,SNE
train_02400.png,SNE
train_07552.png,MO
train_25559.png,SNE
train_01815.png,SNE
train_03276.png,SNE
train_02185.png,SNE
train_19977.png,MO
train_22899.png,LY
train_21115.png,MO
train_16163.png,SNE
train_00647.png,SNE
train_22044.png,SNE
train_24587.png,SNE
train_14117.png,LY
train_19819.png,EO
train_09266.png,LY
train_22138.png,MO
train_25879.png,SNE
train_23213.png,SNE
train_19821.png,LY
train_13414.png,VLY
train_21419.png,BNE
train_18971.png,LY
train_24944.png,MO
train_21857.png,LY
train_14915.png,SNE
train_23731.png,SNE
train_05734.png,LY
train_20783.png,SNE
train_02388.png,SNE
train_08123.png,LY
train_07259.png,LY
train_21353.png,LY
train_02924.png,SNE
train_09688.png,LY
train_05856.png,SNE
train_10350.png,SNE
train_14771.png,LY
train_22561.png,LY
train_00580.png,LY
train_23768.png,SNE
train_18460.png,LY
train_24039.png,SNE
train_00935.png,MO
train_25955.png,SNE
train_24553.png,LY
train_04017.png,SNE
train_01328.png,SNE
train_09257.png,SNE
train_12922.png,SNE
train_09457.png,LY
train_07759.png,SNE
train_14999.png,LY
train_03578.png,EO
train_02803.png,EO
train_03408.png,MMY
train_25389.png,SNE
train_04684.png,LY
train_06492.png,MO
train_00979.png,SNE
train_04894.png,LY
train_20134.png,MO
train_19046.png,LY
train_27600.png,BNE
train_07111.png,MMY
train_17614.png,SNE
train_14184.png,SNE
train_21284.png,SNE
train_21422.png,LY
train_07626.png,LY
train_28193.png,SNE
train_12044.png,LY
train_20847.png,SNE
train_02192.png,LY
train_20487.png,LY
train_09364.png,MO
train_12610.png,BA
train_09032.png,VLY
train_14792.png,LY
train_25657.png,LY
train_12550.png,SNE
train_18219.png,SNE
train_09855.png,SNE
train_20294.png,MMY
train_03822.png,LY
train_27587.png,LY
train_10717.png,SNE
train_04655.png,EO
train_20615.png,LY
train_26080.png,SNE
train_14679.png,SNE
train_18539.png,MO
train_00875.png,SNE
train_01163.png,BA
train_17920.png,LY
train_13059.png,SNE
train_09467.png,SNE
train_22040.png,SNE
train_28268.png,LY
train_09387.png,LY
train_07650.png,SNE
train_20124.png,SNE
train_08576.png,LY
train_04063.png,MO
train_17453.png,MO
train_09186.png,SNE
train_18443.png,LY
train_08813.png,SNE
train_10789.png,SNE
train_07041.png,LY
train_22934.png,SNE
train_04517.png,SNE
train_10962.png,LY
train_03803.png,MO
train_23141.png,SNE
train_08007.png,LY
train_20858.png,LY
train_22299.png,MMY
train_22244.png,SNE
train_26927.png,SNE
train_04811.png,LY
train_09056.png,LY
train_21105.png,SNE
train_05216.png,LY
train_15403.png,SNE
train_16068.png,SNE
train_28757.png,SNE
train_17249.png,SNE
train_02037.png,SNE
train_11086.png,BL
train_06691.png,LY
train_13012.png,SNE
train_22222.png,LY
train_16351.png,SNE
train_00874.png,LY
train_07306.png,MO
train_03984.png,SNE
train_23396.png,SNE
train_10561.png,LY
train_27693.png,EO
train_18341.png,EO
train_21306.png,LY
train_23376.png,LY
train_00549.png,LY
train_03159.png,LY
train_28258.png,LY
train_00435.png,LY
train_22623.png,BNE
train_11207.png,LY
train_25332.png,BNE
train_19681.png,LY
train_05100.png,MO
train_20566.png,SNE
train_08039.png,SNE
train_20427.png,SNE
train_25971.png,SNE
train_22841.png,BL
train_11334.png,LY
train_12660.png,BL
train_03998.png,BL
train_07269.png,EO
train_14678.png,SNE
train_13036.png,SNE
train_11241.png,BL
train_11236.png,SNE
train_13297.png,BL
train_13503.png,SNE
train_02384.png,LY
train_18566.png,SNE
train_11692.png,MO
train_17628.png,BL
train_15022.png,SNE
train_14389.png,SNE
train_16371.png,SNE
train_06416.png,VLY
train_22829.png,EO
train_27614.png,MO
train_17750.png,LY
train_18987.png,BL
train_03188.png,SNE
train_23406.png,SNE
train_04756.png,LY
train_16594.png,SNE
train_13331.png,LY
train_02028.png,MO
train_21027.png,SNE
train_15518.png,SNE
train_16785.png,SNE
train_11538.png,SNE
train_19582.png,LY
train_26846.png,LY
train_13093.png,SNE
train_28222.png,MO
train_27625.png,SNE
train_18759.png,MY
train_09352.png,BL
train_01663.png,SNE
train_27495.png,MY
train_11635.png,MO
train_17336.png,SNE
train_00051.png,BL
train_26486.png,SNE
train_18614.png,MO
train_21297.png,SNE
train_05537.png,SNE
train_25553.png,SNE
train_04600.png,SNE
train_22853.png,SNE
train_15766.png,SNE
train_19192.png,LY
train_01294.png,SNE
train_09544.png,LY
train_25927.png,LY
train_08023.png,BA
train_10636.png,MY
train_19438.png,LY
train_04234.png,MO
train_06858.png,LY
train_10935.png,LY
train_07798.png,LY
train_20321.png,EO
train_04723.png,LY
train_14231.png,SNE
train_18909.png,LY
train_26172.png,SNE
train_11773.png,LY
train_10385.png,SNE
train_15585.png,SNE
train_02187.png,SNE
train_10548.png,SNE
train_14121.png,SNE
train_04729.png,SNE
train_11560.png,LY
train_18444.png,BL
train_20041.png,SNE
train_19097.png,SNE
train_25385.png,LY
train_10966.png,SNE
train_25444.png,LY
train_09557.png,MO
train_03858.png,MO
train_27711.png,SNE
train_25866.png,SNE
train_07295.png,LY
train_18325.png,SNE
train_19833.png,VLY
train_09500.png,SNE
train_28246.png,SNE
train_01971.png,SNE
train_21394.png,LY
train_12985.png,LY
train_14726.png,MO
train_15858.png,BL
train_13714.png,BL
train_02625.png,SNE
train_23326.png,SNE
train_13917.png,BL
train_15433.png,EO
train_20509.png,LY
train_14619.png,LY
train_16234.png,LY
train_26884.png,LY
train_04821.png,LY
train_07059.png,LY
train_05255.png,SNE
train_28240.png,SNE
train_19636.png,LY
train_20518.png,SNE
train_06889.png,EO
train_09565.png,SNE
train_20681.png,SNE
train_25842.png,SNE
train_19513.png,SNE
train_06887.png,LY
train_25922.png,SNE
train_25561.png,LY
train_17805.png,VLY
train_25195.png,MO
train_28082.png,LY
train_27478.png,LY
train_04998.png,LY
train_05623.png,BL
train_03374.png,LY
train_11471.png,EO
train_00370.png,PMY
train_10606.png,BNE
train_00199.png,LY
train_26572.png,LY
train_25003.png,SNE
train_24651.png,LY
train_25888.png,SNE
train_08953.png,SNE
train_11783.png,SNE
train_18200.png,SNE
train_01505.png,SNE
train_11906.png,LY
train_05872.png,LY
train_01729.png,SNE
train_23251.png,EO
train_10656.png,MMY
train_27171.png,SNE
train_04382.png,BL
train_14208.png,LY
train_05074.png,LY
train_13633.png,EO
train_20738.png,BA
train_19440.png,SNE
train_03005.png,LY
train_19124.png,BL
train_12973.png,LY
train_01256.png,BNE
train_07888.png,LY
train_02381.png,LY
train_19910.png,SNE
train_19959.png,MMY
train_04285.png,LY
train_21618.png,SNE
train_07553.png,SNE
train_16147.png,BA
train_25141.png,SNE
train_13734.png,MO
train_23580.png,BA
train_22870.png,SNE
train_15724.png,LY
train_19418.png,SNE
train_11582.png,LY
train_22850.png,LY
train_09843.png,LY
train_12339.png,LY
train_19274.png,SNE
train_26178.png,SNE
train_00231.png,MO
train_28208.png,LY
train_03302.png,MO
train_13398.png,SNE
train_26782.png,SNE
train_09090.png,SNE
train_28893.png,BL
train_16609.png,LY
train_14257.png,SNE
train_03322.png,SNE
train_02853.png,BL
train_22236.png,LY
train_13594.png,LY
train_05174.png,SNE
train_25198.png,VLY
train_20676.png,SNE
train_03152.png,SNE
train_22858.png,SNE
train_12522.png,SNE
train_08698.png,SNE
train_12273.png,LY
train_05393.png,SNE
train_16655.png,MO
train_18642.png,EO
train_11270.png,SNE
train_05336.png,LY
train_24012.png,LY
train_27399.png,VLY
train_02943.png,SNE
train_17669.png,MO
train_14047.png,SNE
train_07015.png,SNE
train_17084.png,LY
train_05371.png,LY
train_00205.png,SNE
train_22636.png,VLY
train_23941.png,VLY
train_22639.png,LY
train_25910.png,MO
train_20267.png,LY
train_18115.png,SNE
train_14309.png,LY
train_13611.png,LY
train_28748.png,LY
train_17489.png,MO
train_04314.png,LY
train_08789.png,MO
train_07654.png,LY
train_04343.png,SNE
train_18760.png,BNE
train_04993.png,SNE
train_16028.png,SNE
train_22495.png,LY
train_08853.png,BL
train_21285.png,LY
train_07278.png,SNE
train_22001.png,SNE
train_03813.png,SNE
train_26283.png,SNE
train_19725.png,MO
train_05701.png,SNE
train_12719.png,LY
train_26359.png,SNE
train_13921.png,SNE
train_22730.png,LY
train_27540.png,SNE
train_14029.png,SNE
train_02391.png,SNE
train_19012.png,SNE
train_10664.png,VLY
train_09605.png,BL
train_08818.png,LY
train_10115.png,LY
train_17485.png,MO
train_10238.png,SNE
train_10498.png,SNE
train_21747.png,EO
train_19955.png,LY
train_21948.png,LY
train_16240.png,MMY
train_26517.png,LY
train_26628.png,SNE
train_04148.png,BL
train_16691.png,SNE
train_12397.png,SNE
train_19580.png,SNE
train_07468.png,LY
train_18899.png,SNE
train_13787.png,MO
train_15389.png,SNE
train_07341.png,SNE
train_20741.png,SNE
train_19836.png,SNE
train_11508.png,SNE
train_00312.png,LY
train_23799.png,EO
train_09536.png,LY
train_07130.png,SNE
train_01302.png,SNE
train_27666.png,LY
train_13389.png,BL
train_26522.png,BA
train_16336.png,LY
train_24303.png,BL
train_12424.png,MO
train_26246.png,SNE
train_00222.png,LY
train_06346.png,SNE
train_04751.png,LY
train_07740.png,SNE
train_13966.png,MO
train_16999.png,MO
train_11956.png,LY
train_28171.png,SNE
train_05806.png,LY
train_22219.png,MO
train_24992.png,LY
train_21177.png,MO
train_18961.png,SNE
train_20282.png,LY
train_14095.png,MO
train_26460.png,SNE
train_22424.png,SNE
train_00100.png,MO
train_01534.png,LY
train_10631.png,SNE
train_04716.png,BL
train_00840.png,LY
train_10584.png,LY
train_03095.png,MO
train_24082.png,SNE
train_22530.png,SNE
train_22736.png,MO
train_09964.png,LY
train_16576.png,SNE
train_08407.png,LY
train_09630.png,BL
train_25764.png,LY
train_19263.png,EO
train_18018.png,BL
train_22462.png,LY
train_11107.png,SNE
train_21977.png,LY
train_26754.png,SNE
train_24110.png,LY
train_06580.png,SNE
train_24152.png,LY
train_12771.png,SNE
train_26111.png,MMY
train_21511.png,LY
train_25208.png,LY
train_24084.png,SNE
train_22585.png,SNE
train_20648.png,SNE
train_14707.png,SNE
train_12849.png,SNE
train_14868.png,SNE
train_05453.png,SNE
train_01402.png,LY
train_04044.png,SNE
train_22948.png,LY
train_26698.png,SNE
train_20647.png,SNE
train_09347.png,LY
train_04605.png,SNE
train_07179.png,SNE
train_12950.png,LY
train_27613.png,LY
train_15141.png,SNE
train_11040.png,SNE
train_01360.png,LY
train_03236.png,SNE
train_27635.png,SNE
train_01994.png,SNE
train_24725.png,SNE
train_08002.png,LY
train_09841.png,SNE
train_16308.png,LY
train_10578.png,LY
train_21471.png,BL
train_10309.png,LY
train_12891.png,MO
train_02751.png,MO
train_13654.png,MO
train_18142.png,LY
train_04003.png,SNE
train_14812.png,BNE
train_25478.png,LY
train_23578.png,LY
train_15753.png,LY
train_16368.png,LY
train_07221.png,LY
train_07866.png,MO
train_07479.png,SNE
train_19698.png,SNE
train_08840.png,SNE
train_21160.png,MO
train_06980.png,LY
train_00780.png,SNE
train_09335.png,LY
train_12670.png,SNE
train_10735.png,SNE
train_06686.png,PC
train_13471.png,VLY
train_13336.png,VLY
train_20956.png,SNE
train_28793.png,SNE
train_21129.png,SNE
train_14843.png,LY
train_23441.png,SNE
train_13974.png,BL
train_04307.png,SNE
train_18246.png,LY
train_21199.png,BL
train_19953.png,LY
train_00416.png,LY
train_04588.png,MO
train_06531.png,SNE
train_05642.png,EO
train_03417.png,SNE
train_25768.png,LY
train_09809.png,LY
train_23653.png,SNE
train_18981.png,SNE
train_12042.png,SNE
train_10445.png,VLY
train_14549.png,LY
train_16847.png,MO
train_11213.png,LY
train_11200.png,SNE
train_25838.png,LY
train_02635.png,SNE
train_18084.png,SNE
train_00077.png,SNE
train_25084.png,LY
train_07369.png,LY
train_04221.png,SNE
train_01000.png,EO
train_07266.png,SNE
train_07481.png,LY
train_23998.png,SNE
train_25441.png,SNE
train_10408.png,SNE
train_14465.png,BA
train_26830.png,BL
train_02343.png,LY
train_14786.png,SNE
train_03722.png,LY
train_16252.png,SNE
train_17406.png,MO
train_25502.png,LY
train_17647.png,SNE
train_21534.png,BL
train_01172.png,SNE
train_10437.png,LY
train_17571.png,EO
train_03093.png,EO
train_23127.png,BL
train_22756.png,SNE
train_00623.png,MO
train_11535.png,SNE
train_03990.png,LY
train_25065.png,SNE
train_19800.png,SNE
train_01016.png,BNE
train_09091.png,LY
train_23672.png,MO
train_11466.png,LY
train_06131.png,MO
train_03211.png,BNE
train_27808.png,BL
train_22338.png,LY
train_11718.png,BL
train_03261.png,LY
train_27830.png,LY
train_01813.png,LY
train_16213.png,LY
train_10156.png,SNE
train_28663.png,LY
train_05836.png,SNE
train_12498.png,LY
train_07464.png,SNE
train_19941.png,LY
train_15660.png,SNE
train_13750.png,LY
train_09437.png,BL
train_14456.png,BNE
train_11323.png,MO
train_24333.png,SNE
train_24668.png,MY
train_00469.png,SNE
train_06035.png,LY
train_07353.png,LY
train_16845.png,SNE
train_26550.png,LY
train_06744.png,MO
train_08736.png,EO
train_00056.png,MMY
train_09750.png,BL
train_26798.png,SNE
train_14546.png,SNE
train_26979.png,EO
train_04475.png,SNE
train_03414.png,SNE
train_27486.png,MY
train_08535.png,MO
train_14825.png,MO
train_24457.png,BL
train_19266.png,MO
train_27725.png,LY
train_26934.png,SNE
train_08641.png,SNE
train_13320.png,LY
train_04100.png,LY
train_20005.png,LY
train_15922.png,SNE
train_20092.png,SNE
train_17261.png,BNE
train_03137.png,SNE
train_09465.png,EO
train_27584.png,SNE
train_26004.png,LY
train_21196.png,LY
train_24523.png,LY
train_20150.png,SNE
train_16426.png,LY
train_01324.png,SNE
train_09262.png,LY
train_00038.png,MO
train_22029.png,SNE
train_01369.png,SNE
train_20734.png,SNE
train_11682.png,BNE
train_24605.png,BNE
train_04433.png,LY
train_22432.png,SNE
train_22817.png,BL
train_14565.png,EO
train_20892.png,SNE
train_10368.png,SNE
train_17883.png,MMY
train_21048.png,SNE
train_18833.png,SNE
train_12945.png,BL
train_25214.png,LY
train_21304.png,MO
train_27148.png,SNE
train_09022.png,SNE
train_00089.png,BL
train_08181.png,SNE
train_25983.png,SNE
train_27964.png,BL
train_20631.png,BL
train_18645.png,SNE
train_13526.png,BA
train_25476.png,SNE
train_10316.png,BL
train_14750.png,BL
train_11557.png,SNE
train_22453.png,SNE
train_17432.png,BNE
train_15583.png,SNE
train_08543.png,BA
train_28831.png,LY
train_19469.png,SNE
train_25491.png,MO
train_02579.png,SNE
train_24014.png,LY
train_27877.png,LY
train_12829.png,SNE
train_02294.png,BL
train_03661.png,SNE
train_03371.png,SNE
train_01808.png,SNE
train_04533.png,LY
train_01569.png,LY
train_05593.png,BL
train_00440.png,LY
train_10701.png,BNE
train_27457.png,LY
train_15677.png,SNE
train_24279.png,SNE
train_11863.png,BL
train_02377.png,SNE
train_00921.png,LY
train_08167.png,SNE
train_02341.png,SNE
train_03907.png,LY
train_14162.png,LY
train_10556.png,MY
train_15469.png,SNE
train_28153.png,SNE
train_09761.png,MO
train_10433.png,LY
train_03523.png,SNE
train_15700.png,LY
train_19926.png,LY
train_17846.png,SNE
train_23711.png,SNE
train_14433.png,LY
train_00603.png,SNE
train_25738.png,MO
train_17927.png,LY
train_23310.png,SNE
train_22049.png,SNE
train_06404.png,LY
train_28021.png,SNE
train_24936.png,SNE
train_15330.png,VLY
train_04051.png,SNE
train_08538.png,MO
train_02858.png,SNE
train_28170.png,SNE
train_19268.png,LY
train_11161.png,SNE
train_06089.png,LY
train_04049.png,LY
train_03162.png,SNE
train_27851.png,LY
train_16133.png,PMY
train_27494.png,SNE
train_26493.png,BA
train_16595.png,MMY
train_09999.png,LY
train_01895.png,LY
train_13483.png,SNE
train_26781.png,SNE
train_25608.png,MO
train_25412.png,LY
train_07229.png,MO
train_17791.png,LY
train_11382.png,MO
train_27685.png,MMY
train_25474.png,MO
train_14939.png,MO
train_20769.png,BL
train_23165.png,SNE
train_20335.png,LY
train_00776.png,MO
train_16642.png,SNE
train_08335.png,SNE
train_01368.png,MO
train_16183.png,VLY
train_28664.png,SNE
train_04769.png,SNE
train_03778.png,SNE
train_26010.png,SNE
train_16535.png,MO
train_07263.png,SNE
train_28483.png,SNE
train_17687.png,SNE
train_01539.png,SNE
train_18222.png,LY
train_22328.png,LY
train_27886.png,MO
train_27805.png,MO
train_12407.png,MO
train_08099.png,SNE
train_10997.png,EO
train_07195.png,SNE
train_23760.png,SNE
train_20126.png,SNE
train_06324.png,LY
train_27546.png,SNE
train_11090.png,LY
train_26853.png,LY
train_11425.png,EO
train_16484.png,MMY
train_18845.png,SNE
train_09249.png,LY
train_28380.png,LY
train_00329.png,SNE
train_23990.png,LY
train_17962.png,SNE
train_15211.png,LY
train_09811.png,MO
train_09012.png,VLY
train_25391.png,SNE
train_14161.png,SNE
train_01705.png,SNE
train_01836.png,MO
train_24071.png,LY
train_01962.png,SNE
train_23951.png,SNE
train_15085.png,EO
train_13345.png,SNE
train_14073.png,MMY
train_21356.png,SNE
train_21797.png,BL
train_24959.png,SNE
train_24261.png,MO
train_28192.png,MO
train_15997.png,LY
train_16851.png,MO
train_20184.png,LY
train_04506.png,LY
train_03701.png,MO
train_07695.png,LY
train_28233.png,LY
train_12839.png,LY
train_14317.png,SNE
train_23667.png,MMY
train_25745.png,SNE
train_18178.png,LY
train_23557.png,SNE
train_07212.png,LY
train_13032.png,SNE
train_09756.png,SNE
train_04393.png,LY
train_10371.png,SNE
train_12011.png,LY
train_01319.png,SNE
train_17897.png,LY
train_21114.png,LY
train_20263.png,MO
train_24491.png,SNE
train_27303.png,LY
train_19285.png,SNE
train_13994.png,LY
train_19876.png,BL
train_13058.png,SNE
train_26870.png,LY
train_12039.png,EO
train_25800.png,LY
train_17424.png,SNE
train_08029.png,MMY
train_25724.png,SNE
train_23480.png,SNE
train_00955.png,SNE
train_01074.png,SNE
train_25924.png,LY
train_04401.png,SNE
train_21629.png,LY
train_04455.png,SNE
train_24385.png,BA
train_01187.png,SNE
train_03623.png,SNE
train_09706.png,SNE
train_11121.png,LY
train_01373.png,BL
train_28096.png,SNE
train_28070.png,SNE
train_07612.png,SNE
train_25091.png,SNE
train_27842.png,SNE
train_22208.png,SNE
train_20967.png,BL
train_02739.png,LY
train_07546.png,LY
train_21098.png,SNE
train_27553.png,LY
train_27294.png,SNE
train_10531.png,SNE
train_14072.png,BL
train_14592.png,BL
train_12088.png,SNE
train_25961.png,MO
train_28108.png,BL
train_00045.png,MMY
train_05428.png,SNE
train_25933.png,SNE
train_16417.png,SNE
train_14927.png,LY
train_02422.png,BNE
train_09627.png,LY
train_11137.png,BL
train_00626.png,LY
train_17661.png,LY
train_23287.png,BL
train_12587.png,LY
train_25994.png,SNE
train_13409.png,MO
train_18617.png,SNE
train_10520.png,SNE
train_24608.png,SNE
train_07699.png,SNE
train_22378.png,SNE
train_19339.png,MO
train_26101.png,SNE
train_11385.png,SNE
train_00852.png,LY
train_26788.png,LY
train_01216.png,LY
train_10519.png,MY
train_24721.png,SNE
train_03721.png,LY
train_17484.png,LY
train_19060.png,EO
train_06507.png,SNE
train_09708.png,SNE
train_18134.png,LY
train_24452.png,SNE
train_26703.png,MO
train_14888.png,SNE
train_12453.png,LY
train_13265.png,SNE
train_06732.png,SNE
train_16708.png,MMY
train_18410.png,LY
train_02165.png,EO
train_09106.png,LY
train_08270.png,SNE
train_09986.png,VLY
train_26606.png,SNE
train_22210.png,SNE
train_22535.png,SNE
train_02256.png,LY
train_20650.png,SNE
train_21500.png,LY
train_14840.png,LY
train_18780.png,SNE
train_24625.png,VLY
train_01996.png,LY
train_17312.png,SNE
train_18221.png,MO
train_17235.png,SNE
train_24495.png,LY
train_15774.png,EO
train_03313.png,LY
train_26986.png,VLY
train_25674.png,SNE
train_20030.png,SNE
train_23071.png,SNE
train_25392.png,LY
train_07588.png,SNE
train_06528.png,LY
train_11011.png,BL
train_06969.png,SNE
train_20677.png,LY
train_20385.png,LY
train_28100.png,MO
train_24829.png,LY
train_06630.png,LY
train_28343.png,BNE
train_11558.png,MO
train_10886.png,LY
train_11283.png,SNE
train_11610.png,LY
train_19101.png,MO
train_13068.png,SNE
train_01203.png,LY
train_17575.png,MO
train_25761.png,SNE
train_28491.png,SNE
train_09942.png,MO
train_04276.png,SNE
train_23275.png,SNE
train_00545.png,LY
train_28242.png,SNE
train_18183.png,EO
train_27093.png,EO
train_07591.png,MO
train_20133.png,SNE
train_27767.png,LY
train_13631.png,LY
train_11664.png,LY
train_06449.png,SNE
train_00170.png,SNE
train_07999.png,SNE
train_02745.png,SNE
train_28810.png,LY
train_17696.png,SNE
train_12496.png,SNE
train_24480.png,BL
train_22881.png,LY
train_11130.png,MO
train_18037.png,MO
train_24309.png,LY
train_18305.png,MO
train_13146.png,SNE
train_22977.png,MO
train_08345.png,MO
train_10790.png,LY
train_10031.png,LY
train_03839.png,MO
train_07995.png,LY
train_14574.png,SNE
train_04662.png,MO
train_00850.png,LY
train_18739.png,LY
train_16532.png,SNE
train_17532.png,SNE
train_00294.png,LY
train_16649.png,SNE
train_17003.png,SNE
train_18286.png,SNE
train_00746.png,LY
train_21008.png,LY
train_22651.png,BL
train_06320.png,BA
train_19947.png,EO
train_04483.png,EO
train_09252.png,SNE
train_19008.png,LY
train_00715.png,VLY
train_19577.png,BL
train_15580.png,LY
train_01233.png,LY
train_20779.png,SNE
train_20084.png,LY
train_17145.png,MY
train_22442.png,LY
train_02213.png,MO
train_02260.png,BNE
train_27684.png,MMY
train_00002.png,SNE
train_10154.png,LY
train_19612.png,SNE
train_02414.png,LY
train_12642.png,LY
train_17188.png,SNE
train_10859.png,LY
train_00731.png,MO
train_17761.png,BL
train_09840.png,SNE
train_25085.png,EO
train_03297.png,LY
train_01680.png,SNE
train_08309.png,LY
train_04041.png,MO
train_02207.png,SNE
train_17270.png,SNE
train_19214.png,LY
train_00595.png,SNE
train_22727.png,SNE
train_04070.png,SNE
train_09427.png,SNE
train_24052.png,BNE
train_03681.png,SNE
train_04579.png,BL
train_25729.png,PLY
train_28455.png,MO
train_01325.png,LY
train_11770.png,LY
train_13881.png,SNE
train_21587.png,LY
train_15140.png,SNE
train_02792.png,LY
train_17062.png,EO
train_27073.png,LY
train_19375.png,SNE
train_18543.png,EO
train_16984.png,SNE
train_25549.png,SNE
train_18297.png,SNE
train_16154.png,MO
train_02484.png,MO
train_06521.png,BL
train_19648.png,SNE
train_25496.png,SNE
train_08965.png,SNE
train_27146.png,SNE
train_02623.png,LY
train_25784.png,LY
train_12327.png,SNE
train_26639.png,SNE
train_15967.png,SNE
train_06478.png,MO
train_05861.png,LY
train_20904.png,SNE
train_14300.png,MO
train_12016.png,MO
train_18940.png,SNE
train_15771.png,MO
train_18082.png,SNE
train_08437.png,SNE
train_08482.png,BL
train_09496.png,BL
train_06042.png,BL
train_19218.png,MO
train_04810.png,SNE
train_15407.png,SNE
train_17426.png,LY
train_19687.png,SNE
train_14379.png,MO
train_27595.png,SNE
train_02882.png,LY
train_21505.png,SNE
train_10227.png,SNE
train_24295.png,SNE
train_07475.png,EO
train_24413.png,MO
train_15576.png,MO
train_16779.png,LY
train_24603.png,SNE
train_14334.png,SNE
train_10064.png,LY
train_08214.png,LY
train_03768.png,BL
train_18308.png,LY
train_26448.png,BL
train_24843.png,SNE
train_02357.png,LY
train_10011.png,LY
train_20604.png,LY
train_24852.png,SNE
train_11446.png,BL
train_21391.png,LY
train_20639.png,EO
train_22412.png,LY
train_22511.png,SNE
train_18171.png,BL
train_11444.png,SNE
train_03896.png,SNE
train_04908.png,BL
train_15027.png,EO
train_09774.png,SNE
train_19190.png,MO
train_18497.png,LY
train_00898.png,SNE
train_18979.png,SNE
train_23977.png,SNE
train_18832.png,LY
train_19623.png,MO
train_00742.png,MO
train_25483.png,SNE
train_27615.png,SNE
train_14425.png,SNE
train_04859.png,SNE
train_18030.png,SNE
train_02521.png,LY
train_14089.png,SNE
train_28629.png,MO
train_26273.png,SNE
train_21976.png,SNE
train_04084.png,SNE
train_21080.png,SNE
train_27307.png,PMY
train_21063.png,LY
train_19118.png,SNE
train_11913.png,SNE
train_24541.png,LY
train_12357.png,LY
train_13646.png,MO
train_11384.png,SNE
train_18868.png,SNE
train_27178.png,SNE
train_10725.png,BL
train_17638.png,BNE
train_23770.png,SNE
train_15089.png,LY
train_00387.png,SNE
train_01712.png,LY
train_21881.png,SNE
train_17565.png,BL
train_20018.png,SNE
train_18447.png,SNE
train_07151.png,SNE
train_07613.png,SNE
train_25320.png,MO
train_14992.png,PC
train_03038.png,LY
train_10083.png,BL
train_16676.png,SNE
train_05808.png,MO
train_03085.png,SNE
train_19209.png,SNE
train_21340.png,LY
train_15439.png,MO
train_07305.png,SNE
train_04140.png,LY
train_14665.png,LY
train_07711.png,BL
train_06372.png,MMY
train_03699.png,SNE
train_16380.png,LY
train_05943.png,SNE
train_13339.png,LY
train_20264.png,SNE
train_07585.png,SNE
train_12468.png,MY
train_27903.png,SNE
train_05046.png,LY
train_12118.png,LY
train_11620.png,LY
train_00325.png,BL
train_23843.png,SNE
train_02279.png,LY
train_06133.png,LY
train_22604.png,SNE
train_22753.png,LY
train_18647.png,SNE
train_26831.png,MO
train_17352.png,BL
train_17343.png,LY
train_07563.png,SNE
train_25550.png,LY
train_14357.png,LY
train_27966.png,VLY
train_16958.png,LY
train_00912.png,EO
train_04744.png,SNE
train_17622.png,SNE
train_12547.png,MO
train_21717.png,SNE
train_00640.png,LY
train_17482.png,MO
train_10617.png,LY
train_05862.png,SNE
train_28466.png,BNE
train_01843.png,SNE
train_27130.png,BL
train_02513.png,LY
train_19727.png,SNE
train_27354.png,LY
train_04007.png,LY
train_27403.png,SNE
train_18157.png,BL
train_12096.png,SNE
train_10207.png,SNE
train_11204.png,BL
train_15227.png,BNE
train_10672.png,SNE
train_11136.png,SNE
train_10573.png,MY
train_00606.png,EO
train_07063.png,EO
train_27459.png,EO
train_16711.png,SNE
train_15151.png,SNE
train_08374.png,SNE
train_06874.png,SNE
train_11603.png,MO
train_02302.png,MO
train_05901.png,LY
train_13912.png,SNE
train_21207.png,BL
train_18318.png,MO
train_22169.png,BL
train_24977.png,SNE
train_16771.png,SNE
train_23083.png,SNE
train_27997.png,MO
train_07875.png,LY
train_20793.png,SNE
train_00123.png,LY
train_27726.png,SNE
train_23638.png,SNE
train_15144.png,BL
train_18469.png,BNE
train_26974.png,SNE
train_04196.png,LY
train_02262.png,SNE
train_01737.png,SNE
train_11110.png,SNE
train_02829.png,SNE
train_21493.png,SNE
train_21287.png,SNE
train_22608.png,LY
train_21152.png,SNE
train_21047.png,MO
train_25871.png,SNE
train_14000.png,LY
train_10768.png,SNE
train_07861.png,SNE
train_04856.png,SNE
train_04153.png,BA
train_07245.png,SNE
train_06586.png,LY
train_22796.png,LY
train_28734.png,LY
train_25506.png,SNE
train_02877.png,LY
train_10339.png,SNE
train_07268.png,SNE
train_11742.png,LY
train_20399.png,SNE
train_23111.png,MO
train_01323.png,LY
train_22152.png,SNE
train_15778.png,LY
train_23222.png,LY
train_14797.png,MO
train_22713.png,SNE
train_19188.png,BL
train_15615.png,SNE
train_16055.png,MO
train_04042.png,SNE
train_06487.png,SNE
train_25596.png,SNE
train_02778.png,MY
train_10689.png,LY
train_06202.png,BL
train_28518.png,SNE
train_01553.png,LY
train_24447.png,LY
train_24458.png,EO
train_18476.png,LY
train_26802.png,LY
train_00498.png,LY
train_15965.png,LY
train_28428.png,PC
train_24346.png,LY
train_17294.png,SNE
train_11528.png,BNE
train_08580.png,EO
train_14494.png,SNE
train_10931.png,MO
train_24053.png,LY
train_07161.png,MO
train_04837.png,LY
train_05113.png,LY
train_01183.png,SNE
train_15731.png,MO
train_02611.png,SNE
train_10794.png,LY
train_22578.png,LY
train_15293.png,LY
train_15481.png,SNE
train_18769.png,SNE
train_25282.png,LY
train_00757.png,SNE
train_17861.png,LY
train_25411.png,BL
train_00178.png,SNE
train_27281.png,SNE
train_11120.png,SNE
train_05230.png,EO
train_22007.png,SNE
train_19196.png,SNE
train_09577.png,EO
train_22793.png,LY
train_04598.png,SNE
train_01447.png,LY
train_14202.png,SNE
train_11415.png,EO
train_22927.png,LY
train_01446.png,LY
train_11622.png,SNE
train_13223.png,LY
train_26784.png,SNE
train_03403.png,LY
train_09232.png,LY
train_02743.png,SNE
train_02488.png,SNE
train_24880.png,SNE
train_26739.png,LY
train_20519.png,SNE
train_09556.png,BL
train_02844.png,SNE
train_19431.png,MO
train_07779.png,LY
train_15508.png,SNE
train_21720.png,SNE
train_27046.png,LY
train_22221.png,SNE
train_07133.png,VLY
train_12333.png,SNE
train_19371.png,EO
train_01289.png,BL
train_26774.png,SNE
train_23003.png,MO
train_15889.png,EO
train_05004.png,SNE
train_21656.png,LY
train_22323.png,LY
train_24720.png,SNE
train_16468.png,SNE
train_19194.png,SNE
train_14473.png,EO
train_07144.png,SNE
train_28454.png,SNE
train_11049.png,SNE
train_20863.png,SNE
train_23746.png,BA
train_20165.png,SNE
train_10508.png,LY
train_04022.png,MO
train_26939.png,SNE
train_13108.png,MO
train_10401.png,SNE
train_04436.png,MO
train_24543.png,MO
train_11080.png,SNE
train_08868.png,SNE
train_08198.png,SNE
train_14842.png,SNE
train_12820.png,SNE
train_27193.png,LY
train_14187.png,SNE
train_02656.png,SNE
train_20298.png,LY
train_21342.png,BL
train_23718.png,LY
train_12952.png,MO
train_04111.png,SNE
train_01688.png,LY
train_13987.png,LY
train_05071.png,LY
train_02961.png,LY
train_25916.png,SNE
train_15570.png,PLY
train_02811.png,SNE
train_28598.png,SNE
train_11685.png,SNE
train_12995.png,BL
train_01357.png,LY
train_26384.png,LY
train_21563.png,LY
train_13850.png,SNE
train_27908.png,SNE
train_15632.png,SNE
train_24634.png,MO
train_07614.png,SNE
train_14058.png,BL
train_20272.png,SNE
train_06794.png,MO
train_17630.png,SNE
train_18848.png,EO
train_26553.png,SNE
train_17525.png,SNE
train_00052.png,MO
train_11573.png,LY
train_18485.png,SNE
train_10015.png,SNE
train_03258.png,SNE
train_19172.png,SNE
train_25106.png,MO
train_28007.png,SNE
train_14902.png,SNE
train_10140.png,SNE
train_27237.png,SNE
train_17776.png,LY
train_03113.png,SNE
train_19085.png,MMY
train_12229.png,SNE
train_12328.png,LY
train_14631.png,LY
train_22302.png,LY
train_01015.png,BL
train_25343.png,SNE
train_06504.png,SNE
train_11982.png,BL
train_02672.png,SNE
train_12065.png,EO
train_26764.png,LY
train_06451.png,SNE
train_28702.png,LY
train_10364.png,SNE
train_05580.png,LY
train_28435.png,SNE
train_23517.png,SNE
train_23077.png,SNE
train_26768.png,SNE
train_17190.png,SNE
train_05860.png,SNE
train_09486.png,MO
train_20049.png,LY
train_03909.png,EO
train_22141.png,SNE
train_16116.png,SNE
train_11324.png,LY
train_07137.png,LY
train_25087.png,MO
train_28373.png,LY
train_00431.png,SNE
train_00062.png,BL
train_13877.png,MO
train_11058.png,SNE
train_18568.png,LY
train_14199.png,EO
train_25636.png,SNE
train_15597.png,LY
train_16631.png,SNE
train_00569.png,SNE
train_05437.png,SNE
train_16132.png,SNE
train_18907.png,LY
train_16074.png,VLY
train_13598.png,SNE
train_15387.png,EO
train_26299.png,LY
train_24862.png,BL
train_09777.png,BL
train_28452.png,EO
train_07400.png,SNE
train_00357.png,SNE
train_20921.png,MO
train_06179.png,EO
train_14910.png,LY
train_11244.png,MY
train_16581.png,LY
train_02788.png,LY
train_08253.png,BL
train_07067.png,SNE
train_22591.png,MO
train_13158.png,SNE
train_21099.png,LY
train_20220.png,LY
train_27554.png,SNE
train_04959.png,BL
train_22081.png,SNE
train_05940.png,MO
train_11717.png,EO
train_24659.png,BA
train_05731.png,SNE
train_02673.png,SNE
train_12784.png,LY
train_03559.png,SNE
train_11797.png,LY
train_28149.png,BL
train_15180.png,LY
train_17481.png,SNE
train_01507.png,BL
train_23610.png,SNE
train_07641.png,BA
train_15912.png,LY
train_28753.png,LY
train_12253.png,MY
train_14706.png,MO
train_11044.png,SNE
train_23902.png,SNE
train_22963.png,MY
train_26323.png,MY
train_22641.png,SNE
train_19236.png,SNE
train_17527.png,BL
train_09566.png,SNE
train_11478.png,SNE
train_22536.png,LY
train_05280.png,SNE
train_17056.png,LY
train_23792.png,MO
train_23161.png,SNE
train_04884.png,SNE
train_25039.png,SNE
train_17677.png,SNE
train_17859.png,SNE
train_01858.png,SNE
train_17242.png,SNE
train_05922.png,SNE
train_26862.png,SNE
train_18071.png,SNE
train_01774.png,SNE
train_13104.png,LY
train_16088.png,SNE
train_08946.png,SNE
train_18448.png,EO
train_00238.png,LY
train_23160.png,SNE
train_16229.png,SNE
train_16546.png,SNE
train_26832.png,SNE
train_17310.png,LY
train_12319.png,MO
train_21017.png,SNE
train_06987.png,SNE
train_10000.png,SNE
train_12274.png,BL
train_28815.png,SNE
train_13323.png,LY
train_21343.png,LY
train_27720.png,LY
train_06447.png,BL
train_00467.png,MO
train_22692.png,SNE
train_03385.png,SNE
train_06217.png,EO
train_20753.png,LY
train_08168.png,LY
train_26686.png,LY
train_25470.png,LY
train_25156.png,LY
train_15915.png,SNE
train_08063.png,LY
train_03131.png,LY
train_02016.png,SNE
train_12195.png,LY
train_28833.png,MY
train_25725.png,BL
train_10707.png,LY
train_25815.png,MO
train_22249.png,MO
train_02148.png,SNE
train_22835.png,SNE
train_17016.png,BL
train_03196.png,SNE
train_18198.png,BL
train_01268.png,SNE
train_27163.png,SNE
train_11523.png,LY
train_08442.png,LY
train_12325.png,SNE
train_13829.png,LY
train_25298.png,SNE
train_06679.png,LY
train_04618.png,EO
train_16119.png,SNE
train_20621.png,SNE
train_02714.png,SNE
train_18624.png,SNE
train_17504.png,EO
train_18422.png,SNE
train_06826.png,SNE
train_23548.png,MO
train_25878.png,LY
train_07107.png,MO
train_12818.png,LY
train_00835.png,LY
train_25209.png,LY
train_21372.png,SNE
train_21218.png,SNE
train_04185.png,SNE
train_17448.png,VLY
train_22643.png,LY
train_18165.png,MO
train_25205.png,SNE
train_18293.png,LY
train_11203.png,EO
train_14281.png,SNE
train_11987.png,LY
train_01348.png,MY
train_24650.png,MO
train_01873.png,MY
train_28560.png,SNE
train_21302.png,SNE
train_20972.png,SNE
train_23541.png,LY
train_10436.png,SNE
train_00965.png,MO
train_01604.png,MO
train_28619.png,SNE
train_25020.png,SNE
train_06882.png,MO
train_12432.png,LY
train_17165.png,MO
train_28640.png,SNE
train_01922.png,SNE
train_14323.png,SNE
train_01640.png,MO
train_07838.png,SNE
train_01429.png,LY
train_03437.png,BL
train_03655.png,MY
train_12791.png,MO
train_10566.png,SNE
train_22822.png,BNE
train_16777.png,LY
train_25353.png,LY
train_07234.png,SNE
train_05387.png,SNE
train_26220.png,SNE
train_01572.png,SNE
train_22680.png,LY
train_05768.png,LY
train_06715.png,SNE
train_09607.png,MO
train_22757.png,SNE
train_14759.png,LY
train_11763.png,LY
train_22046.png,SNE
train_15001.png,SNE
train_02231.png,MO
train_13080.png,LY
train_11890.png,SNE
train_19704.png,SNE
train_03966.png,MO
train_10240.png,EO
train_14437.png,SNE
train_09715.png,SNE
train_10252.png,SNE
train_12557.png,BL
train_14970.png,LY
train_25143.png,BL
train_11909.png,LY
train_06380.png,BL
train_12104.png,MMY
train_08369.png,SNE
train_21871.png,LY
train_16035.png,VLY
train_16043.png,SNE
train_02355.png,SNE
train_15254.png,VLY
train_24827.png,SNE
train_26327.png,LY
train_23856.png,LY
train_07072.png,MMY
train_24189.png,LY
train_16275.png,BL
train_05296.png,MO
train_20136.png,MO
train_08941.png,SNE
train_14361.png,LY
train_12802.png,LY
train_21990.png,LY
train_24980.png,SNE
train_10956.png,MY
train_00707.png,PMY
train_09538.png,MO
train_01185.png,BL
train_05521.png,SNE
train_02913.png,SNE
train_02804.png,BL
train_04030.png,MO
train_15399.png,LY
train_24923.png,SNE
train_20277.png,BA
train_06648.png,MY
train_14243.png,LY
train_02479.png,LY
train_19548.png,SNE
train_17890.png,LY
train_16164.png,SNE
train_10796.png,SNE
train_18217.png,SNE
train_16080.png,SNE
train_21941.png,MY
train_03842.png,BNE
train_28818.png,MO
train_14215.png,LY
train_05145.png,SNE
train_14428.png,SNE
train_15623.png,BA
train_06913.png,EO
train_17288.png,MO
train_00688.png,PC
train_07383.png,SNE
train_19245.png,LY
train_09683.png,MO
train_14048.png,LY
train_04535.png,BL
train_24157.png,LY
train_09998.png,SNE
train_09271.png,EO
train_14804.png,BL
train_07507.png,EO
train_20724.png,SNE
train_23539.png,LY
train_27458.png,SNE
train_11758.png,SNE
train_14424.png,LY
train_03677.png,LY
train_23302.png,MO
train_02104.png,LY
train_00391.png,SNE
train_21001.png,LY
train_18530.png,MO
train_14042.png,SNE
train_06209.png,SNE
train_23949.png,LY
train_27181.png,BL
train_13812.png,SNE
train_25667.png,SNE
train_06109.png,SNE
train_28288.png,SNE
train_19140.png,LY
train_13553.png,LY
train_23747.png,LY
train_24456.png,MO
train_11298.png,SNE
train_27644.png,LY
train_19718.png,SNE
train_00844.png,SNE
train_03527.png,SNE
train_06196.png,SNE
train_28241.png,SNE
train_22339.png,SNE
train_08058.png,MO
train_03283.png,LY
train_11003.png,SNE
train_01591.png,SNE
train_05367.png,MO
train_24857.png,LY
train_19622.png,MMY
train_10357.png,SNE
train_25536.png,MO
train_24682.png,SNE
train_15835.png,SNE
train_06622.png,BA
train_12168.png,SNE
train_03657.png,LY
train_26895.png,SNE
train_23093.png,SNE
train_07235.png,LY
train_21486.png,MO
train_26262.png,SNE
train_28549.png,MO
train_16825.png,SNE
train_00332.png,VLY
train_16049.png,SNE
train_27455.png,SNE
train_01063.png,SNE
train_07506.png,LY
train_15041.png,BA
train_06293.png,SNE
train_06352.png,LY
train_00386.png,SNE
train_21096.png,SNE
train_06101.png,SNE
train_27472.png,SNE
train_12907.png,MO
train_06646.png,SNE
train_14933.png,EO
train_15266.png,SNE
train_19050.png,SNE
train_22717.png,VLY
train_09415.png,LY
train_09704.png,LY
train_17605.png,BL
train_21760.png,SNE
train_03418.png,BL
train_00792.png,MO
train_12743.png,SNE
train_27218.png,SNE
train_25852.png,MO
train_07556.png,SNE
train_01741.png,SNE
train_10171.png,LY
train_12373.png,SNE
train_19561.png,LY
train_16912.png,MO
train_09097.png,MO
train_13802.png,MO
train_03892.png,LY
train_12658.png,SNE
train_24227.png,LY
train_21608.png,LY
train_00407.png,SNE
train_22182.png,LY
train_20486.png,LY
train_01602.png,LY
train_27837.png,SNE
train_22820.png,SNE
train_04492.png,EO
train_15035.png,LY
train_20420.png,EO
train_10139.png,LY
train_24713.png,EO
train_09662.png,EO
train_13985.png,LY
train_08655.png,LY
train_16045.png,LY
train_18744.png,EO
train_11487.png,SNE
train_00065.png,MO
train_01136.png,SNE
train_03105.png,EO
train_27933.png,SNE
train_16627.png,MO
train_28151.png,SNE
train_19133.png,SNE
train_18093.png,SNE
train_27016.png,SNE
train_03089.png,MO
train_12226.png,SNE
train_26204.png,SNE
train_08479.png,SNE
train_08691.png,SNE
train_15930.png,LY
train_18921.png,SNE
train_05583.png,SNE
train_22025.png,LY
train_04565.png,SNE
train_04305.png,SNE
train_04801.png,SNE
train_23988.png,SNE
train_12006.png,MO
train_25494.png,SNE
train_04054.png,VLY
train_24712.png,BL
train_09426.png,SNE
train_00922.png,SNE
train_27135.png,LY
train_26000.png,MO
train_25760.png,SNE
train_12502.png,SNE
train_04421.png,SNE
train_22924.png,SNE
train_14189.png,BL
train_03214.png,SNE
train_02753.png,MY
train_04604.png,SNE
train_05897.png,LY
train_12411.png,SNE
train_19292.png,LY
train_19846.png,MY
train_14112.png,SNE
train_25233.png,BL
train_16970.png,SNE
train_09618.png,BL
train_00596.png,SNE
train_14458.png,SNE
train_28649.png,SNE
train_04438.png,LY
train_24673.png,LY
train_20799.png,SNE
train_25693.png,SNE
train_09131.png,MO
train_05955.png,LY
train_00306.png,LY
train_14516.png,SNE
train_17801.png,LY
train_09293.png,MO
train_01910.png,MO
train_19839.png,SNE
train_25880.png,SNE
train_14905.png,LY
train_26082.png,LY
train_07727.png,SNE
train_18807.png,SNE
train_20142.png,MY
train_22079.png,SNE
train_24091.png,MMY
train_12936.png,SNE
train_06474.png,LY
train_11243.png,BL
train_05871.png,SNE
train_20690.png,SNE
train_27096.png,LY
train_14111.png,LY
train_06266.png,SNE
train_05596.png,LY
train_21485.png,LY
train_01925.png,VLY
train_08724.png,LY
train_14233.png,SNE
train_14617.png,LY
train_15082.png,LY
train_07113.png,LY
train_18636.png,SNE
train_26981.png,SNE
train_02542.png,PC
train_09219.png,SNE
train_26467.png,SNE
train_19728.png,LY
train_05088.png,SNE
train_19940.png,SNE
train_11675.png,LY
train_14531.png,LY
train_08737.png,EO
train_23308.png,MO
train_00354.png,SNE
train_01648.png,SNE
train_20645.png,LY
train_06736.png,SNE
train_08776.png,SNE
train_20934.png,LY
train_17123.png,SNE
train_02065.png,SNE
train_21805.png,BL
train_24831.png,SNE
train_23637.png,SNE
train_18006.png,SNE
train_00424.png,MO
train_25669.png,BL
train_26723.png,LY
train_24184.png,SNE
train_04491.png,SNE
train_03866.png,SNE
train_14719.png,VLY
train_02983.png,LY
train_16860.png,BL
train_13176.png,SNE
train_03129.png,VLY
train_07443.png,LY
train_05692.png,LY
train_25564.png,SNE
train_10589.png,SNE
train_16687.png,MO
train_01589.png,LY
train_00247.png,SNE
train_15476.png,SNE
train_11895.png,LY
train_12585.png,BL
train_12825.png,SNE
train_05866.png,LY
train_15826.png,SNE
train_17857.png,MMY
train_16179.png,LY
train_24329.png,BL
train_01041.png,BA
train_26656.png,SNE
train_01639.png,BL
train_20016.png,BL
train_16858.png,SNE
train_03037.png,LY
train_00611.png,SNE
train_11841.png,SNE
train_14032.png,BL
train_25161.png,SNE
train_12476.png,SNE
train_11585.png,SNE
train_05126.png,MO
train_26003.png,SNE
train_07198.png,LY
train_26139.png,BL
train_12029.png,SNE
train_12826.png,SNE
train_25982.png,SNE
train_07463.png,LY
train_03444.png,SNE
train_08564.png,SNE
train_19385.png,SNE
train_20032.png,MO
train_17356.png,EO
train_22968.png,SNE
train_00348.png,MO
train_03737.png,SNE
train_16840.png,SNE
train_28822.png,LY
train_06155.png,SNE
train_20825.png,MO
train_26396.png,LY
train_10905.png,LY
train_18988.png,LY
train_02687.png,SNE
train_25534.png,BL
train_01975.png,SNE
train_14237.png,EO
train_13450.png,MO
train_08581.png,MY
train_25486.png,SNE
train_15673.png,SNE
train_24727.png,LY
train_17020.png,SNE
train_22704.png,LY
train_05954.png,SNE
train_22855.png,LY
train_25306.png,MO
train_11916.png,SNE
train_01456.png,BL
train_13270.png,SNE
train_27622.png,SNE
train_13920.png,LY
train_10722.png,SNE
train_00752.png,LY
train_14515.png,SNE
train_09602.png,SNE
train_19922.png,SNE
train_09023.png,SNE
train_16862.png,MY
train_21551.png,BL
train_05689.png,SNE
train_07231.png,SNE
train_09902.png,SNE
train_04023.png,LY
train_10980.png,BA
train_15689.png,SNE
train_18896.png,SNE
train_21236.png,BL
train_20152.png,SNE
train_11726.png,MO
train_02903.png,VLY
train_16245.png,LY
train_21819.png,SNE
train_20303.png,SNE
train_16793.png,MO
train_24800.png,SNE
train_25512.png,LY
train_18340.png,SNE
train_11853.png,SNE
train_14666.png,LY
train_22938.png,SNE
train_27950.png,SNE
train_00208.png,SNE
train_22021.png,LY
train_03072.png,LY
train_12186.png,LY
train_10771.png,LY
train_19568.png,SNE
train_26276.png,BL
train_27460.png,LY
train_17872.png,MO
train_18541.png,SNE
train_01791.png,SNE
train_16817.png,SNE
train_06243.png,SNE
train_22703.png,LY
train_25165.png,EO
train_06802.png,SNE
train_09533.png,LY
train_06692.png,LY
train_02684.png,SNE
train_10189.png,LY
train_20473.png,LY
train_04412.png,LY
train_22190.png,SNE
train_02495.png,SNE
train_22914.png,SNE
train_00228.png,LY
train_28659.png,VLY
train_03210.png,SNE
train_25778.png,SNE
train_21737.png,LY
train_15650.png,MO
train_14794.png,EO
train_10530.png,SNE
train_13740.png,SNE
train_25867.png,SNE
train_01819.png,BL
train_05379.png,BL
train_25427.png,BL
train_22075.png,SNE
train_26900.png,LY
train_05892.png,BL
train_02598.png,SNE
train_28608.png,LY
train_19828.png,LY
train_28805.png,SNE
train_14748.png,SNE
train_12879.png,SNE
train_25949.png,LY
train_13386.png,MO
train_12138.png,LY
train_09968.png,SNE
train_17582.png,SNE
train_09545.png,LY
train_17863.png,SNE
train_18897.png,BL
train_26880.png,SNE
train_14060.png,SNE
train_23008.png,SNE
train_11748.png,SNE
train_20341.png,SNE
train_08043.png,BL
train_15699.png,LY
train_28515.png,LY
train_12119.png,SNE
train_13355.png,LY
train_02914.png,SNE
train_12505.png,SNE
train_06834.png,LY
train_00964.png,PMY
train_19073.png,SNE
train_07666.png,LY
train_28618.png,LY
train_02060.png,PMY
train_04400.png,SNE
train_23604.png,SNE
train_00713.png,SNE
train_09345.png,SNE
train_04674.png,SNE
train_12034.png,SNE
train_13870.png,SNE
train_23749.png,SNE
train_03201.png,LY
train_15824.png,SNE
train_02261.png,SNE
train_02612.png,SNE
train_08568.png,LY
train_28555.png,SNE
train_11400.png,BL
train_08073.png,LY
train_13657.png,SNE
train_24220.png,VLY
train_14002.png,LY
train_15803.png,LY
train_02263.png,SNE
train_26543.png,SNE
train_03462.png,LY
train_15648.png,BNE
train_20358.png,BNE
train_22092.png,SNE
train_13239.png,SNE
train_10543.png,SNE
train_26062.png,LY
train_24148.png,MY
train_09343.png,LY
train_02333.png,SNE
train_11238.png,LY
train_20746.png,LY
train_11232.png,SNE
train_21501.png,BL
train_24724.png,LY
train_14467.png,EO
train_11048.png,BNE
train_13724.png,LY
train_26240.png,BL
train_02783.png,LY
train_26073.png,BL
train_25728.png,SNE
train_05523.png,SNE
train_19041.png,LY
train_09242.png,MO
train_27645.png,BL
train_17078.png,SNE
train_11396.png,SNE
train_08960.png,LY
train_14746.png,SNE
train_10402.png,SNE
train_11360.png,SNE
train_05518.png,SNE
train_20925.png,BL
train_17239.png,SNE
train_04357.png,SNE
train_27362.png,LY
train_06163.png,BL
train_24016.png,BL
train_20320.png,LY
train_20296.png,BL
train_25870.png,BL
train_07473.png,LY
train_02441.png,EO
train_03817.png,MY
train_20826.png,LY
train_14174.png,LY
train_18911.png,LY
train_03477.png,SNE
train_19560.png,MO
train_09086.png,BL
train_03915.png,EO
train_12760.png,LY
train_01730.png,LY
train_02785.png,SNE
train_20737.png,LY
train_05832.png,LY
train_10740.png,BL
train_06617.png,MO
train_19645.png,BL
train_15984.png,LY
train_07183.png,MY
train_01592.png,SNE
train_21964.png,MO
train_28000.png,SNE
train_13496.png,LY
train_15852.png,SNE
train_18829.png,BL
train_02392.png,BNE
train_15074.png,SNE
train_15958.png,SNE
train_15808.png,SNE
train_22394.png,LY
train_05890.png,LY
train_17866.png,BL
train_06264.png,SNE
train_14560.png,SNE
train_06685.png,EO
train_00384.png,SNE
train_08199.png,LY
train_14964.png,BL
train_05688.png,SNE
train_24671.png,SNE
train_23629.png,SNE
train_03411.png,LY
train_25899.png,SNE
train_11814.png,SNE
train_16093.png,LY
train_27141.png,SNE
train_20235.png,SNE
train_19646.png,SNE
train_24515.png,LY
train_01070.png,SNE
train_27305.png,LY
train_04071.png,SNE
train_21263.png,SNE
train_17221.png,BL
train_21468.png,LY
train_17117.png,SNE
train_00886.png,SNE
train_20221.png,SNE
train_16938.png,SNE
train_02082.png,SNE
train_07712.png,SNE
train_15682.png,SNE
train_19552.png,SNE
train_17772.png,BNE
train_09609.png,LY
train_18965.png,SNE
train_23631.png,MO
train_25698.png,BNE
train_07314.png,BL
train_01750.png,MO
train_01515.png,LY
train_03021.png,SNE
train_07385.png,SNE
train_19433.png,SNE
train_01098.png,LY
train_26617.png,SNE
train_17231.png,SNE
train_02670.png,LY
train_19848.png,SNE
train_17174.png,SNE
train_11036.png,SNE
train_03202.png,SNE
train_01924.png,SNE
train_04834.png,MO
train_17247.png,SNE
train_04762.png,SNE
train_16370.png,PMY
train_26554.png,MO
train_27707.png,SNE
train_08955.png,SNE
train_12272.png,SNE
train_20951.png,LY
train_22051.png,MO
train_01908.png,SNE
train_05397.png,LY
train_10326.png,SNE
train_01543.png,SNE
train_03841.png,BA
train_20060.png,MO
train_07752.png,SNE
train_23936.png,SNE
train_27929.png,SNE
train_19129.png,MO
train_20038.png,BL
train_06766.png,SNE
train_19309.png,EO
train_18349.png,LY
train_02568.png,SNE
train_18389.png,SNE
train_03397.png,SNE
train_27838.png,LY
train_05099.png,BL
train_10377.png,SNE
train_11972.png,SNE
train_03406.png,LY
train_10635.png,LY
train_08024.png,LY
train_01171.png,LY
train_20304.png,MO
train_10999.png,MO
train_03366.png,SNE
train_17652.png,SNE
train_01786.png,SNE
train_00951.png,SNE
train_10932.png,SNE
train_11939.png,EO
train_00909.png,BL
train_24498.png,MO
train_03818.png,EO
train_08470.png,SNE
train_26829.png,MO
train_01876.png,SNE
train_01471.png,LY
train_05447.png,BNE
train_09877.png,SNE
train_02445.png,SNE
train_13582.png,LY
train_16538.png,SNE
train_09396.png,BL
train_03624.png,SNE
train_16705.png,MO
train_22562.png,SNE
train_14035.png,LY
train_15781.png,SNE
train_00202.png,LY
train_16303.png,LY
train_17266.png,BL
train_17705.png,MMY
train_27748.png,LY
train_13807.png,SNE
train_24834.png,MO
train_08589.png,EO
train_25859.png,SNE
train_21476.png,SNE
train_14098.png,LY
train_02138.png,SNE
train_24310.png,SNE
train_10632.png,LY
train_02281.png,MO
train_18733.png,SNE
train_22497.png,SNE
train_02219.png,SNE
train_26456.png,BL
train_25276.png,SNE
train_26108.png,SNE
train_11255.png,MO
train_04917.png,SNE
train_00043.png,LY
train_00403.png,BL
train_07964.png,LY
train_23888.png,LY
train_24702.png,MO
train_24479.png,LY
train_06774.png,SNE
train_16089.png,EO
train_24657.png,LY
train_21351.png,SNE
train_16783.png,LY
train_14542.png,LY
train_24263.png,MO
train_12493.png,SNE
train_16890.png,SNE
train_09359.png,VLY
train_09943.png,MO
train_25239.png,MO
train_22175.png,SNE
train_13380.png,SNE
train_00131.png,LY
train_01936.png,SNE
train_22473.png,LY
train_09581.png,SNE
train_13681.png,SNE
train_21810.png,EO
train_10600.png,LY
train_05816.png,SNE
train_27155.png,SNE
train_27765.png,SNE
train_02836.png,SNE
train_19682.png,LY
train_07409.png,SNE
train_25346.png,SNE
train_26532.png,LY
train_24440.png,LY
train_11859.png,SNE
train_13332.png,SNE
train_00541.png,LY
train_18464.png,SNE
train_09884.png,BNE
train_07168.png,MO
train_12933.png,SNE
train_00848.png,LY
train_19555.png,BA
train_13465.png,MO
train_13999.png,LY
train_02218.png,LY
train_08350.png,SNE
train_27873.png,SNE
train_03711.png,SNE
train_21085.png,SNE
train_08754.png,MO
train_23243.png,LY
train_21344.png,SNE
train_04528.png,SNE
train_16603.png,LY
train_02085.png,SNE
train_22365.png,LY
train_01824.png,LY
train_16893.png,SNE
train_04220.png,SNE
train_00397.png,MO
train_01892.png,EO
train_07773.png,LY
train_26747.png,EO
train_27282.png,SNE
train_25138.png,SNE
train_03663.png,SNE
train_17503.png,LY
train_09712.png,SNE
train_01932.png,MY
train_15680.png,SNE
train_17587.png,SNE
train_04654.png,BL
train_02972.png,MO
train_15344.png,LY
train_06104.png,BNE
train_23763.png,SNE
train_01179.png,SNE
train_13836.png,LY
train_07426.png,LY
train_10673.png,SNE
train_21108.png,SNE
train_24518.png,SNE
train_03652.png,SNE
train_21363.png,BL
train_20408.png,SNE
train_22203.png,LY
train_08683.png,EO
train_14779.png,LY
train_26972.png,SNE
train_26496.png,SNE
train_17379.png,BL
train_01568.png,LY
train_18405.png,LY
train_20470.png,LY
train_07366.png,SNE
train_26040.png,BA
train_04058.png,SNE
train_07146.png,SNE
train_20760.png,SNE
train_02663.png,SNE
train_07812.png,LY
train_22789.png,SNE
train_06836.png,VLY
train_23859.png,SNE
train_23078.png,SNE
train_21665.png,LY
train_06549.png,LY
train_11433.png,SNE
train_03656.png,SNE
train_25876.png,EO
train_10563.png,BL
train_28006.png,LY
train_06152.png,SNE
train_11670.png,BL
train_06013.png,LY
train_25664.png,SNE
train_19430.png,LY
train_06207.png,SNE
train_16152.png,MO
train_20986.png,LY
train_14031.png,SNE
train_28131.png,BL
train_14814.png,LY
train_11101.png,SNE
train_13956.png,SNE
train_15357.png,BL
train_12508.png,SNE
train_27947.png,VLY
train_05226.png,MO
train_02069.png,VLY
train_23634.png,SNE
train_10296.png,SNE
train_09179.png,MY
train_17974.png,LY
train_09906.png,BA
train_00966.png,BL
train_20208.png,SNE
train_03940.png,SNE
train_02697.png,SNE
train_05655.png,LY
train_08490.png,BA
train_05385.png,SNE
train_18138.png,LY
train_25571.png,BL
train_23892.png,LY
train_17488.png,LY
train_19629.png,MO
train_08598.png,LY
train_16964.png,LY
train_01636.png,SNE
train_23459.png,SNE
train_06510.png,MO
train_05171.png,SNE
train_17899.png,SNE
train_00330.png,BL
train_23570.png,BL
train_09190.png,LY
train_28411.png,LY
train_26878.png,BL
train_13045.png,MO
train_03615.png,LY
train_01777.png,BL
train_05719.png,EO
train_24824.png,BL
train_19536.png,LY
train_02247.png,SNE
train_19384.png,SNE
train_17580.png,SNE
train_00913.png,LY
train_26502.png,LY
train_09679.png,SNE
train_18461.png,VLY
train_12109.png,SNE
train_19750.png,LY
train_08313.png,LY
train_04480.png,SNE
train_25211.png,SNE
train_14816.png,LY
train_02366.png,SNE
train_20944.png,BL
train_11933.png,MY
train_19815.png,SNE
train_12052.png,BL
train_04177.png,MO
train_07277.png,MY
train_18101.png,LY
train_28730.png,LY
train_09546.png,SNE
train_26153.png,SNE
train_06164.png,SNE
train_11106.png,SNE
train_02907.png,SNE
train_14331.png,LY
train_18851.png,LY
train_16799.png,LY
train_00426.png,SNE
train_03554.png,LY
train_18399.png,SNE
train_24871.png,LY
train_15042.png,LY
train_14534.png,LY
train_16348.png,SNE
train_09995.png,LY
train_17222.png,SNE
train_03649.png,LY
train_18376.png,LY
train_11869.png,SNE
train_28636.png,LY
train_15398.png,LY
train_20011.png,LY
train_11555.png,LY
train_10955.png,SNE
train_28514.png,BNE
train_10679.png,EO
train_25224.png,SNE
train_17531.png,LY
train_14407.png,LY
train_27565.png,MO
train_04317.png,LY
train_22239.png,SNE
train_20536.png,LY
train_17447.png,LY
train_09752.png,MO
train_08324.png,LY
train_19044.png,LY
train_19936.png,BL
train_08647.png,MO
train_26417.png,SNE
train_07524.png,BNE
train_28211.png,MO
train_23451.png,LY
train_14269.png,LY
train_20056.png,BL
train_10183.png,BL
train_28090.png,LY
train_05058.png,BL
train_02415.png,SNE
train_28263.png,LY
train_08287.png,SNE
train_26795.png,SNE
train_15292.png,SNE
train_14625.png,BL
train_18287.png,SNE
train_21034.png,SNE
train_28098.png,SNE
train_16810.png,SNE
train_10934.png,LY
train_28136.png,BL
train_01878.png,LY
train_11774.png,SNE
train_08643.png,LY
train_25301.png,SNE
train_20608.png,BNE
train_21736.png,SNE
train_21126.png,SNE
train_24646.png,LY
train_27980.png,VLY
train_20640.png,LY
train_26937.png,SNE
train_18162.png,BL
train_19175.png,SNE
train_03682.png,SNE
train_03583.png,BL
train_22264.png,SNE
train_17098.png,BA
train_27788.png,MMY
train_02819.png,SNE
train_01177.png,SNE
train_04316.png,PMY
train_26907.png,SNE
train_00917.png,SNE
train_03267.png,BL
train_07143.png,MO
train_18767.png,SNE
train_10872.png,SNE
train_18696.png,LY
train_10541.png,MY
train_21704.png,SNE
train_27993.png,SNE
train_00235.png,SNE
train_23867.png,LY
train_12219.png,SNE
train_06776.png,SNE
train_13957.png,SNE
train_04497.png,SNE
train_21809.png,LY
train_02474.png,SNE
train_05427.png,SNE
train_24334.png,BL
train_26107.png,SNE
train_20977.png,SNE
train_13980.png,SNE
train_07655.png,SNE
train_06976.png,SNE
train_13731.png,LY
train_14545.png,SNE
train_15908.png,MO
train_10152.png,LY
train_14699.png,MO
train_12452.png,LY
train_28894.png,SNE
train_11184.png,SNE
train_03873.png,SNE
train_21923.png,LY
train_06509.png,SNE
train_01160.png,SNE
train_23393.png,MO
train_21354.png,LY
train_05882.png,SNE
train_07500.png,BL
train_02755.png,SNE
train_10308.png,PC
train_07440.png,SNE
train_27740.png,LY
train_23752.png,SNE
train_20194.png,SNE
train_13675.png,SNE
train_18948.png,SNE
train_07356.png,SNE
train_11839.png,SNE
train_13257.png,SNE
train_20884.png,SNE
train_08066.png,BNE
train_25493.png,MO
train_19251.png,MY
train_11519.png,EO
train_01670.png,LY
train_10188.png,PMY
train_06046.png,MY
train_06024.png,MO
train_03336.png,LY
train_26029.png,BL
train_16505.png,SNE
train_21615.png,SNE
train_26494.png,LY
train_25897.png,BL
train_06734.png,LY
train_12838.png,BL
train_05125.png,SNE
train_21912.png,LY
train_05267.png,SNE
train_02157.png,LY
train_24705.png,SNE
train_24186.png,LY
train_00074.png,SNE
train_06607.png,LY
train_02951.png,SNE
train_11230.png,MO
train_01790.png,LY
train_11282.png,SNE
train_21288.png,MO
train_18479.png,SNE
train_09676.png,SNE
train_03898.png,SNE
train_04736.png,LY
train_14577.png,MO
train_11607.png,EO
train_00718.png,MY
train_27355.png,MO
train_27502.png,BA
train_20329.png,BNE
train_09926.png,LY
train_18189.png,LY
train_24545.png,MO
train_18013.png,SNE
train_13453.png,MO
train_16086.png,SNE
train_11702.png,EO
train_21244.png,MO
train_26347.png,SNE
train_19293.png,MMY
train_27184.png,SNE
train_23205.png,SNE
train_15150.png,SNE
train_00102.png,LY
train_08337.png,SNE
train_04589.png,LY
train_26678.png,BNE
train_10921.png,MY
train_01489.png,LY
train_03775.png,EO
train_13221.png,LY
train_04607.png,SNE
train_27207.png,LY
train_02693.png,LY
train_27081.png,LY
train_02413.png,LY
train_02633.png,SNE
train_11196.png,SNE
train_06656.png,LY
train_24294.png,SNE
train_16997.png,SNE
train_14321.png,SNE
train_18892.png,LY
train_12361.png,BL
train_11097.png,SNE
train_25235.png,SNE
train_28760.png,LY
train_00884.png,MO
train_17077.png,LY
train_07188.png,SNE
train_24106.png,SNE
train_02332.png,SNE
train_04302.png,BL
train_01830.png,SNE
train_08279.png,SNE
train_03330.png,LY
train_20458.png,LY
train_18122.png,LY
train_05036.png,BNE
train_08463.png,LY
train_05204.png,MO
train_19944.png,SNE
train_15210.png,SNE
train_12162.png,LY
train_05221.png,SNE
train_27713.png,VLY
train_18814.png,SNE
train_11214.png,LY
train_09297.png,BL
train_28563.png,SNE
train_26195.png,SNE
train_13986.png,MO
train_17113.png,SNE
train_03091.png,SNE
train_00204.png,SNE
train_28252.png,BL
train_18051.png,LY
train_17375.png,SNE
train_18673.png,SNE
train_17956.png,VLY
train_24436.png,SNE
train_19373.png,SNE
train_07421.png,BL
train_22197.png,SNE
train_17515.png,SNE
train_00422.png,LY
train_08151.png,SNE
train_19627.png,MO
train_01212.png,LY
train_17230.png,SNE
train_10345.png,MO
train_02483.png,SNE
train_05699.png,LY
train_13691.png,LY
train_07873.png,SNE
train_05648.png,SNE
train_06723.png,LY
train_14250.png,SNE
train_17207.png,SNE
train_13742.png,SNE
train_27754.png,SNE
train_08013.png,LY
train_08488.png,LY
train_12749.png,LY
train_15726.png,LY
train_25500.png,LY
train_18507.png,MO
train_11981.png,LY
train_19471.png,SNE
train_03361.png,SNE
train_18272.png,SNE
train_09394.png,SNE
train_12939.png,SNE
train_16129.png,SNE
train_08406.png,VLY
train_20720.png,LY
train_18326.png,SNE
train_10527.png,SNE
train_11245.png,SNE
train_26190.png,LY
train_05686.png,BNE
train_02108.png,LY
train_09691.png,EO
train_16578.png,SNE
train_25797.png,LY
train_23440.png,SNE
train_14062.png,SNE
train_16800.png,LY
train_04947.png,SNE
train_27011.png,SNE
train_26099.png,LY
train_03475.png,SNE
train_19171.png,LY
train_16715.png,BNE
train_05254.png,LY
train_28835.png,SNE
train_13790.png,SNE
train_23820.png,LY
train_18786.png,LY
train_19998.png,LY
train_15299.png,MO
train_22843.png,MY
train_19929.png,BL
train_06267.png,SNE
train_20642.png,LY
train_03585.png,LY
train_21844.png,LY
train_15016.png,SNE
train_15083.png,SNE
train_00148.png,MO
train_05008.png,LY
train_21556.png,MY
train_25307.png,BA
train_28134.png,LY
train_13808.png,BA
train_18167.png,SNE
train_27057.png,MO
train_02583.png,SNE
train_10857.png,LY
train_24478.png,SNE
train_04120.png,SNE
train_00406.png,SNE
train_00448.png,SNE
train_22098.png,SNE
train_08752.png,LY
train_06740.png,SNE
train_00264.png,LY
train_08860.png,SNE
train_00432.png,MO
train_02966.png,SNE
train_17769.png,BL
train_21370.png,MO
train_03063.png,BL
train_15894.png,LY
train_07575.png,SNE
train_09119.png,EO
train_05049.png,MO
train_17999.png,LY
train_26488.png,SNE
train_09524.png,SNE
train_24629.png,MY
train_12224.png,LY
train_13026.png,SNE
train_23446.png,SNE
train_25648.png,SNE
train_18387.png,BL
train_24795.png,SNE
train_18143.png,MMY
train_11224.png,PLY
train_22031.png,LY
train_09788.png,MO
train_18826.png,SNE
train_14010.png,EO
train_15011.png,LY
train_23739.png,LY
train_27588.png,MO
train_02851.png,SNE
train_20073.png,LY
train_06272.png,SNE
train_16294.png,SNE
train_08051.png,SNE
train_27628.png,LY
train_28792.png,SNE
train_21132.png,EO
train_13905.png,LY
train_06020.png,SNE
train_12412.png,LY
train_21000.png,LY
train_13340.png,LY
train_19527.png,SNE
train_05363.png,LY
train_25365.png,SNE
train_05249.png,SNE
train_12430.png,BNE
train_24417.png,MO
train_14106.png,MO
train_14765.png,LY
train_06583.png,LY
train_17973.png,SNE
train_18072.png,LY
train_20758.png,SNE
train_20352.png,MO
train_25310.png,SNE
train_25118.png,SNE
train_06263.png,LY
train_10898.png,SNE
train_04064.png,LY
train_28245.png,BA
train_02898.png,BL
train_14581.png,EO
train_24665.png,SNE
train_04677.png,LY
train_03592.png,LY
train_09872.png,LY
train_19965.png,SNE
train_03790.png,LY
train_10032.png,LY
train_12147.png,SNE
train_27999.png,SNE
train_19479.png,LY
train_09383.png,EO
train_22440.png,SNE
train_22362.png,LY
train_25843.png,SNE
train_24268.png,BA
train_21093.png,LY
train_09373.png,MO
train_00656.png,LY
train_18207.png,EO
train_11686.png,SNE
train_26113.png,LY
train_23228.png,LY
train_10041.png,SNE
train_17444.png,EO
train_22970.png,LY
train_21470.png,MO
train_17386.png,LY
train_11227.png,BL
train_01130.png,BA
train_10069.png,SNE
train_15314.png,LY
train_19961.png,LY
train_15421.png,SNE
train_22857.png,LY
train_15040.png,LY
train_00166.png,SNE
train_01937.png,LY
train_13774.png,SNE
train_19064.png,SNE
train_00341.png,SNE
train_05420.png,LY
train_16742.png,LY
train_01798.png,SNE
train_25645.png,SNE
train_00838.png,LY
train_07903.png,SNE
train_01550.png,SNE
train_04708.png,SNE
train_28501.png,LY
train_15854.png,LY
train_21458.png,SNE
train_20507.png,BL
train_00378.png,LY
train_14387.png,SNE
train_20999.png,SNE
train_12177.png,LY
train_21562.png,BA
train_15957.png,LY
train_18109.png,SNE
train_04679.png,VLY
train_18978.png,LY
train_03890.png,EO
train_17458.png,SNE
train_23475.png,VLY
train_26298.png,SNE
train_12697.png,SNE
train_16204.png,SNE
train_06100.png,SNE
train_07236.png,MO
train_13711.png,BL
train_05295.png,LY
train_00107.png,BL
train_27905.png,LY
train_08749.png,SNE
train_21508.png,LY
train_17049.png,SNE
train_05604.png,SNE
train_17657.png,SNE
train_01606.png,SNE
train_01410.png,BL
train_24289.png,LY
train_15224.png,SNE
train_04988.png,SNE
train_10270.png,EO
train_03916.png,LY
train_00437.png,SNE
train_09041.png,SNE
train_17152.png,MMY
train_27596.png,SNE
train_14859.png,SNE
train_09824.png,BL
train_06832.png,LY
train_08517.png,BA
train_10421.png,LY
train_17211.png,LY
train_04499.png,SNE
train_02301.png,SNE
train_06516.png,SNE
train_13451.png,LY
train_24386.png,SNE
train_13454.png,LY
train_18950.png,SNE
train_10869.png,SNE
train_01997.png,SNE
train_09886.png,EO
train_21265.png,SNE
train_26910.png,EO
train_28369.png,LY
train_27105.png,LY
train_12916.png,SNE
train_01850.png,BL
train_04258.png,SNE
train_01472.png,BL
train_24707.png,LY
train_20094.png,BL
train_16658.png,LY
train_10957.png,LY
train_07171.png,MO
train_24542.png,LY
train_01432.png,MO
train_04622.png,SNE
train_10254.png,SNE
train_04712.png,SNE
train_15475.png,LY
train_00914.png,SNE
train_23107.png,SNE
train_04789.png,SNE
train_04279.png,SNE
train_00943.png,SNE
train_12992.png,BNE
train_03496.png,MO
train_26120.png,SNE
train_15412.png,SNE
train_16187.png,MO
train_20555.png,SNE
train_11185.png,LY
train_11291.png,SNE
train_15282.png,SNE
train_28040.png,SNE
train_10239.png,SNE
train_00169.png,LY
train_27939.png,SNE
train_07554.png,LY
train_11210.png,SNE
train_28355.png,LY
train_26372.png,BL
train_22610.png,BNE
train_04925.png,VLY
train_12074.png,MO
train_26312.png,SNE
train_23450.png,LY
train_18518.png,SNE
train_11564.png,BL
train_01655.png,LY
train_21159.png,BL
train_10525.png,LY
train_13495.png,LY
train_18713.png,PC
train_11128.png,MO
train_12232.png,MO
train_03393.png,EO
train_12824.png,SNE
train_03687.png,SNE
train_23264.png,LY
train_14732.png,MO
train_09289.png,SNE
train_11043.png,VLY
train_13240.png,LY
train_00262.png,LY
train_04961.png,SNE
train_05639.png,LY
train_03556.png,MO
train_09144.png,SNE
train_14447.png,BNE
train_12735.png,VLY
train_09949.png,BA
train_00781.png,SNE
train_01496.png,SNE
train_20115.png,BA
train_03605.png,SNE
train_21278.png,MO
train_20587.png,MO
train_18936.png,LY
train_09802.png,VLY
train_27491.png,VLY
train_06596.png,LY
train_13523.png,MO
train_19127.png,LY
train_27910.png,LY
train_01956.png,SNE
train_11952.png,SNE
train_21012.png,SNE
train_02199.png,SNE
train_19522.png,LY
train_00483.png,MO
train_04786.png,LY
train_17809.png,SNE
train_24137.png,BL
train_19884.png,MMY
train_07428.png,BL
train_28482.png,LY
train_28471.png,SNE
train_11563.png,SNE
train_04384.png,VLY
train_22285.png,BL
train_09628.png,SNE
train_11546.png,EO
train_16377.png,MY
train_08474.png,SNE
train_25349.png,LY
train_19270.png,LY
train_11891.png,BNE
train_16967.png,LY
train_00186.png,VLY
train_16421.png,LY
train_22656.png,MO
train_12923.png,SNE
train_08674.png,MO
train_11506.png,SNE
train_07629.png,MY
train_17034.png,SNE
train_25832.png,BL
train_20517.png,SNE
train_09828.png,BL
train_02569.png,SNE
train_20058.png,BA
train_02694.png,SNE
train_14710.png,LY
train_13961.png,LY
train_00916.png,MY
train_09037.png,SNE
train_28720.png,LY
train_09523.png,LY
train_04580.png,LY
train_08979.png,SNE
train_25271.png,SNE
train_19604.png,SNE
train_09991.png,SNE
train_25484.png,MO
train_02531.png,SNE
train_11465.png,SNE
train_22577.png,LY
train_10393.png,MMY
train_06886.png,SNE
train_00072.png,SNE
train_04027.png,SNE
train_18409.png,SNE
train_17203.png,BL
train_12793.png,SNE
train_07431.png,EO
train_06710.png,BA
train_19749.png,MO
train_16315.png,LY
train_24796.png,SNE
train_05055.png,LY
train_02904.png,MO
train_03174.png,LY
train_08685.png,BNE
train_09476.png,LY
train_28599.png,SNE
train_04232.png,BL
train_17786.png,LY
train_00356.png,SNE
train_21701.png,LY
train_20655.png,LY
train_18944.png,LY
train_09220.png,LY
train_10043.png,SNE
train_27409.png,EO
train_12890.png,SNE
train_14188.png,SNE
train_07869.png,LY
train_17592.png,SNE
train_26019.png,SNE
train_17128.png,SNE
train_16451.png,SNE
train_03530.png,SNE
train_01195.png,SNE
train_17615.png,BL
train_21332.png,MO
train_12416.png,BL
train_12306.png,SNE
train_24046.png,LY
train_10106.png,MO
train_09935.png,SNE
train_09658.png,SNE
train_15468.png,SNE
train_27853.png,LY
train_26125.png,SNE
train_24251.png,SNE
train_09267.png,SNE
train_14943.png,SNE
train_15249.png,SNE
train_07962.png,BNE
train_25380.png,LY
train_25194.png,SNE
train_26164.png,LY
train_17664.png,MO
train_15187.png,BA
train_16172.png,SNE
train_27854.png,MY
train_11198.png,SNE
train_04905.png,SNE
train_22411.png,BNE
train_06663.png,LY
train_07723.png,LY
train_05228.png,SNE
train_24338.png,SNE
train_21778.png,LY
train_00390.png,MO
train_24416.png,MO
train_27867.png,SNE
train_00316.png,LY
train_16113.png,MO
train_12960.png,LY
train_25759.png,LY
train_00504.png,LY
train_04868.png,MO
train_06113.png,SNE
train_13614.png,VLY
train_15669.png,BL
train_17547.png,SNE
train_10292.png,SNE
train_18679.png,SNE
train_04338.png,LY
train_26769.png,LY
train_18091.png,LY
train_12623.png,LY
train_07291.png,BL
train_22426.png,SNE
train_11248.png,LY
train_24105.png,LY
train_20829.png,LY
train_01959.png,SNE
train_21390.png,SNE
train_17993.png,SNE
train_28527.png,SNE
train_13076.png,SNE
train_04138.png,MO
train_28613.png,MO
train_25023.png,SNE
train_09489.png,SNE
train_14975.png,LY
train_17879.png,SNE
train_21580.png,LY
train_16590.png,EO
train_22510.png,MO
train_04582.png,SNE
train_13203.png,LY
train_09859.png,SNE
train_08156.png,BL
train_07519.png,LY
train_18917.png,SNE
train_04920.png,SNE
train_12693.png,MY
train_03450.png,LY
train_20599.png,LY
train_27077.png,MY
train_20459.png,SNE
train_27256.png,LY
train_12067.png,BA
train_01497.png,LY
train_15393.png,LY
train_15008.png,SNE
train_04142.png,SNE
train_06905.png,SNE
train_21432.png,BL
train_18708.png,MY
train_12965.png,LY
train_23692.png,SNE
train_14826.png,SNE
train_26393.png,MO
train_28498.png,SNE
train_16281.png,SNE
train_14662.png,SNE
train_02848.png,SNE
train_01243.png,SNE
train_08539.png,MO
train_16943.png,SNE
train_14682.png,BL
train_15093.png,LY
train_11166.png,SNE
train_09826.png,LY
train_13281.png,LY
train_25024.png,SNE
train_16571.png,BNE
train_03109.png,BNE
train_03255.png,EO
train_12531.png,LY
train_06930.png,SNE
train_08178.png,LY
train_28357.png,BL
train_07891.png,LY
train_19234.png,SNE
train_03515.png,LY
train_20389.png,SNE
train_14033.png,SNE
train_08196.png,SNE
train_03491.png,SNE
train_14854.png,LY
train_14175.png,SNE
train_13426.png,LY
train_19255.png,MY
train_04531.png,SNE
train_08397.png,SNE
train_22360.png,LY
train_15341.png,SNE
train_28574.png,LY
train_08620.png,SNE
train_26762.png,LY
train_03014.png,LY
train_00638.png,SNE
train_28588.png,MO
train_21512.png,LY
train_09955.png,SNE
train_25107.png,MO
train_10551.png,LY
train_07737.png,LY
train_17850.png,LY
train_27607.png,BA
train_09653.png,SNE
train_11165.png,LY
train_19744.png,PMY
train_05185.png,LY
train_02463.png,MO
train_18345.png,SNE
train_09442.png,SNE
train_10588.png,LY
train_24561.png,SNE
train_05328.png,MY
train_14983.png,SNE
train_25279.png,BL
train_21567.png,SNE
train_05010.png,MO
train_01536.png,MO
train_03562.png,SNE
train_25766.png,SNE
train_05463.png,BA
train_16076.png,BL
train_13051.png,LY
train_25520.png,LY
train_26143.png,MO
train_15792.png,PMY
train_24208.png,SNE
train_16927.png,BA
train_26923.png,SNE
train_16314.png,LY
train_17040.png,SNE
train_01502.png,SNE
train_08498.png,BL
train_16963.png,SNE
train_07985.png,BL
train_27786.png,MO
train_23822.png,SNE
train_21703.png,LY
train_06915.png,BA
train_17721.png,SNE
train_27221.png,LY
train_11285.png,SNE
train_18581.png,SNE
train_03421.png,LY
train_28623.png,BL
train_08025.png,LY
train_20111.png,SNE
train_11199.png,SNE
train_10356.png,BL
train_05900.png,SNE
train_16804.png,SNE
train_17900.png,LY
train_26402.png,SNE
train_04151.png,SNE
train_08057.png,BA
train_25739.png,SNE
train_00129.png,LY
train_09309.png,LY
train_25252.png,LY
train_27103.png,SNE
train_17693.png,LY
train_24893.png,SNE
train_12768.png,SNE
train_17835.png,SNE
train_02440.png,SNE
train_25625.png,MO
train_18532.png,LY
train_01880.png,BNE
train_28405.png,SNE
train_10847.png,LY
train_22364.png,SNE
train_13933.png,MO
train_19147.png,SNE
train_27168.png,SNE
train_25014.png,BNE
train_03294.png,SNE
train_19823.png,SNE
train_03359.png,MO
train_01697.png,SNE
train_16720.png,SNE
train_05565.png,VLY
train_12144.png,SNE
train_04995.png,SNE
train_08164.png,LY
train_19014.png,SNE
train_09866.png,EO
train_22358.png,BL
train_27000.png,MO
train_05786.png,SNE
train_19574.png,SNE
train_08746.png,LY
train_17048.png,SNE
train_00920.png,LY
train_18601.png,LY
train_06213.png,SNE
train_14895.png,LY
train_21253.png,SNE
train_00031.png,SNE
train_28742.png,MY
train_27510.png,LY
train_17340.png,MO
train_00476.png,SNE
train_01145.png,SNE
train_01290.png,VLY
train_26442.png,MO
train_03430.png,LY
train_26890.png,EO
train_05696.png,BL
train_12662.png,SNE
train_07160.png,BL
train_20618.png,LY
train_04783.png,LY
train_12696.png,BNE
train_27979.png,SNE
train_21123.png,MO
train_00507.png,LY
train_10675.png,EO
train_04404.png,SNE
train_24501.png,SNE
train_17122.png,SNE
train_17749.png,SNE
train_18061.png,SNE
train_05155.png,MO
train_24695.png,LY
train_18554.png,SNE
train_09201.png,EO
train_23882.png,SNE
train_07350.png,SNE
train_04408.png,LY
train_03343.png,LY
train_20286.png,LY
train_25948.png,LY
train_18310.png,SNE
train_23834.png,LY
train_19855.png,SNE
train_26201.png,MO
train_14078.png,VLY
train_11518.png,SNE
train_12845.png,SNE
train_27563.png,BNE
train_10257.png,LY
train_27913.png,MY
train_01424.png,BNE
train_17981.png,BL
train_14052.png,SNE
train_05929.png,PLY
train_22483.png,SNE
train_21268.png,BL
train_21947.png,MO
train_03006.png,SNE
train_06761.png,LY
train_22400.png,SNE
train_28570.png,SNE
train_13833.png,LY
train_19793.png,SNE
train_02026.png,LY
train_20316.png,SNE
train_18512.png,SNE
train_25110.png,MMY
train_20254.png,SNE
train_08618.png,BL
train_15815.png,MO
train_02051.png,MO
train_01280.png,BL
train_16486.png,LY
train_01191.png,SNE
train_12221.png,SNE
train_21180.png,SNE
train_20116.png,SNE
train_01165.png,SNE
train_05392.png,SNE
train_03885.png,SNE
train_01514.png,SNE
train_12475.png,LY
train_03910.png,LY
train_05879.png,SNE
train_09499.png,LY
train_26109.png,BL
train_00607.png,SNE
train_15920.png,MO
train_07855.png,SNE
train_05299.png,LY
train_21864.png,SNE
train_27319.png,LY
train_09423.png,LY
train_04293.png,SNE
train_23773.png,MY
train_20687.png,SNE
train_11022.png,EO
train_05289.png,SNE
train_11644.png,BNE
train_14303.png,SNE
train_18952.png,SNE
train_24165.png,BL
train_22450.png,MO
train_22709.png,SNE
train_02478.png,LY
train_18362.png,SNE
train_25459.png,SNE
train_03831.png,SNE
train_15081.png,SNE
train_25744.png,PC
train_00282.png,MO
train_00070.png,SNE
train_11595.png,LY
train_02317.png,SNE
train_20874.png,SNE
train_26085.png,LY
train_28219.png,LY
train_24840.png,LY
train_10819.png,LY
train_16743.png,LY
train_02449.png,MO
train_11484.png,LY
train_21954.png,LY
train_06900.png,SNE
train_26677.png,MO
train_00730.png,LY
train_26567.png,BL
train_01723.png,MO
train_19670.png,LY
train_22517.png,LY
train_21035.png,LY
train_17825.png,SNE
train_28071.png,SNE
train_18556.png,MO
train_18857.png,SNE
train_13518.png,SNE
train_07472.png,BNE
train_12303.png,SNE
train_14333.png,LY
train_14628.png,SNE
train_14839.png,SNE
train_04765.png,VLY
train_07669.png,LY
train_02586.png,SNE
train_06592.png,LY
train_08169.png,LY
train_13663.png,LY
train_21335.png,BL
train_15272.png,SNE
train_26329.png,LY
train_18419.png,BL
train_11946.png,LY
train_27387.png,BL
train_04233.png,LY
train_22719.png,LY
train_18190.png,SNE
train_07569.png,SNE
train_19029.png,MO
train_22382.png,SNE
train_24022.png,LY
train_19495.png,LY
train_04358.png,SNE
train_27789.png,EO
train_08838.png,MO
train_08880.png,LY
train_21386.png,BL
train_13507.png,LY
train_22290.png,SNE
train_27086.png,SNE
train_17292.png,SNE
train_04862.png,LY
train_03395.png,SNE
train_05776.png,LY
train_22781.png,SNE
train_22534.png,SNE
train_22086.png,EO
train_06566.png,MO
train_27633.png,MMY
train_01981.png,LY
train_09507.png,MMY
train_15146.png,LY
train_13448.png,SNE
train_27313.png,BL
train_23873.png,MO
train_25256.png,SNE
train_03404.png,SNE
train_18258.png,SNE
train_11035.png,SNE
train_18338.png,LY
train_22482.png,SNE
train_22487.png,SNE
train_23608.png,SNE
train_17895.png,SNE
train_19964.png,SNE
train_01633.png,SNE
train_18096.png,SNE
train_23754.png,MO
train_28078.png,SNE
train_00694.png,MO
train_15191.png,LY
train_27261.png,LY
train_14265.png,SNE
train_14251.png,SNE
train_24356.png,SNE
train_07943.png,SNE
train_16143.png,BL
train_17545.png,SNE
train_05873.png,SNE
train_18658.png,LY
train_22642.png,SNE
train_13459.png,MO
train_18515.png,MY
train_02324.png,SNE
train_22009.png,SNE
train_19803.png,BL
train_18329.png,LY
train_03727.png,SNE
train_11728.png,SNE
train_21982.png,SNE
train_02327.png,MMY
train_02277.png,SNE
train_04927.png,SNE
train_16640.png,SNE
train_04171.png,LY
train_00782.png,SNE
train_08607.png,LY
train_28189.png,BA
train_23167.png,LY
train_19002.png,LY
train_08541.png,SNE
train_08153.png,SNE
train_27272.png,MMY
train_26511.png,SNE
train_15127.png,MO
train_16319.png,SNE
train_07754.png,VLY
train_24150.png,MO
train_10084.png,SNE
train_16501.png,SNE
train_16287.png,SNE
train_12098.png,SNE
train_20337.png,SNE
train_18213.png,SNE
train_14824.png,LY
train_04860.png,SNE
train_18234.png,BA
train_17961.png,SNE
train_15362.png,SNE
train_03504.png,SNE
train_13256.png,BL
train_14920.png,LY
train_07568.png,LY
train_00218.png,MO
train_07031.png,SNE
train_00095.png,SNE
train_03725.png,SNE
train_17241.png,SNE
train_16003.png,SNE
train_18342.png,SNE
train_08037.png,LY
train_09263.png,SNE
train_26612.png,LY
train_11462.png,EO
train_01113.png,SNE
train_11512.png,BL
train_07298.png,MO
train_19415.png,LY
train_06494.png,BL
train_23854.png,LY
train_05359.png,MO
train_08957.png,LY
train_02632.png,SNE
train_06897.png,SNE
train_13039.png,EO
train_13997.png,EO
train_21877.png,SNE
train_09185.png,SNE
train_08489.png,LY
train_16665.png,SNE
train_02557.png,BL
train_20406.png,LY
train_18413.png,LY
train_02161.png,MO
train_06270.png,SNE
train_07611.png,LY
train_01866.png,SNE
train_07558.png,SNE
train_01084.png,BL
train_14972.png,LY
train_24328.png,LY
train_21529.png,SNE
train_13946.png,SNE
train_00010.png,SNE
train_07219.png,SNE
train_12537.png,BL
train_16797.png,SNE
train_03033.png,BL
train_01422.png,SNE
train_16734.png,VLY
train_15794.png,PMY
train_11375.png,MO
train_02653.png,SNE
train_16041.png,MO
train_27983.png,BL
train_08771.png,SNE
train_21139.png,BL
train_02986.png,LY
train_26445.png,LY
train_13304.png,SNE
train_09243.png,SNE
train_28137.png,SNE
train_14226.png,MMY
train_15243.png,SNE
train_06879.png,MO
train_04019.png,LY
train_03480.png,LY
train_27048.png,LY
train_20674.png,SNE
train_05489.png,LY
train_27532.png,SNE
train_18906.png,LY
train_12892.png,BL
train_28559.png,LY
train_21554.png,LY
train_28035.png,LY
train_17471.png,SNE
train_02556.png,BL
train_24276.png,SNE
train_25980.png,BA
train_00244.png,SNE
train_12386.png,MY
train_14821.png,SNE
train_22233.png,SNE
train_20386.png,LY
train_20910.png,BA
train_24380.png,BL
train_26211.png,LY
train_13027.png,SNE
train_08525.png,LY
train_15617.png,SNE
train_10470.png,SNE
train_10297.png,SNE
train_18312.png,SNE
train_03598.png,MO
train_14875.png,LY
train_25923.png,LY
train_07763.png,PMY
train_03611.png,SNE
train_10860.png,LY
train_23741.png,SNE
train_20141.png,SNE
train_10472.png,MMY
train_23696.png,SNE
train_24262.png,LY
train_16437.png,BL
train_13814.png,BA
train_20988.png,SNE
train_15036.png,BL
train_17159.png,LY
train_14529.png,LY
train_19651.png,MY
train_24639.png,SNE
train_25302.png,LY
train_21622.png,SNE
train_21543.png,SNE
train_07420.png,SNE
train_24171.png,LY
train_10333.png,MO
train_05203.png,MMY
train_12499.png,SNE
train_19143.png,LY
train_22833.png,BL
train_07548.png,EO
train_16302.png,SNE
train_14386.png,MO
train_02661.png,SNE
train_05106.png,MMY
train_20437.png,SNE
train_21240.png,LY
train_28844.png,SNE
train_25130.png,SNE
train_04139.png,LY
train_03908.png,SNE
train_11369.png,LY
train_16548.png,SNE
train_28733.png,SNE
train_15010.png,LY
train_14322.png,LY
train_27959.png,BL
train_06367.png,LY
train_02200.png,SNE
train_03230.png,SNE
train_10597.png,SNE
train_08943.png,SNE
train_14508.png,BL
train_23979.png,LY
train_28682.png,SNE
train_08425.png,SNE
train_13085.png,MO
train_25155.png,LY
train_17259.png,SNE
train_05312.png,MO
train_16725.png,MO
train_01430.png,SNE
train_27643.png,BL
train_19488.png,LY
train_12097.png,SNE
train_13484.png,VLY
train_08945.png,LY
train_20200.png,SNE
train_06205.png,LY
train_20163.png,MO
train_10570.png,BA
train_27278.png,LY
train_25753.png,LY
train_03927.png,LY
train_06354.png,MO
train_17896.png,MMY
train_27624.png,SNE
train_03752.png,SNE
train_03391.png,SNE
train_04161.png,SNE
train_08238.png,SNE
train_13226.png,SNE
train_25884.png,SNE
train_11389.png,LY
train_12830.png,LY
train_26844.png,SNE
train_05614.png,EO
train_17181.png,LY
train_16022.png,SNE
train_23611.png,MO
train_16537.png,SNE
train_27174.png,SNE
train_07934.png,LY
train_27260.png,SNE
train_15404.png,LY
train_21740.png,MO
train_08777.png,MO
train_01318.png,LY
train_18799.png,BL
train_00501.png,SNE
train_22737.png,SNE
train_20785.png,SNE
train_08487.png,LY
train_23554.png,MMY
train_19747.png,LY
train_20916.png,SNE
train_27451.png,LY
train_18861.png,MO
train_27132.png,SNE
train_13030.png,LY
train_06994.png,SNE
train_20354.png,SNE
train_01226.png,LY
train_14736.png,SNE
train_15600.png,LY
train_25174.png,SNE
train_27514.png,LY
train_22261.png,BL
train_15353.png,SNE
train_10264.png,BA
train_00858.png,SNE
train_25535.png,SNE
train_12885.png,MO
train_06571.png,SNE
train_11263.png,SNE
train_24424.png,LY
train_07732.png,LY
train_23620.png,LY
train_14158.png,SNE
train_12380.png,MO
train_21793.png,MO
train_14011.png,SNE
train_15740.png,SNE
train_01117.png,LY
train_25241.png,EO
train_16635.png,SNE
train_17139.png,SNE
train_18611.png,BL
train_12026.png,SNE
train_25939.png,SNE
train_10190.png,LY
train_12213.png,LY
train_25290.png,SNE
train_07505.png,BL
train_22518.png,LY
train_23550.png,EO
train_19960.png,SNE
train_03287.png,BL
train_25893.png,SNE
train_13597.png,LY
train_05480.png,BA
train_18057.png,LY
train_26242.png,SNE
train_00957.png,MO
train_23891.png,SNE
train_17783.png,MO
train_24572.png,LY
train_28851.png,BL
train_06224.png,BL
train_22097.png,SNE
train_06283.png,SNE
train_10522.png,LY
train_22876.png,SNE
train_22568.png,LY
train_01351.png,SNE
train_12107.png,PMY
train_13375.png,MO
train_03814.png,SNE
train_04272.png,MO
train_04593.png,VLY
train_19028.png,LY
train_17698.png,LY
train_22220.png,SNE
train_23993.png,SNE
train_04073.png,VLY
train_20664.png,LY
train_08702.png,LY
train_07381.png,SNE
train_24961.png,SNE
train_25066.png,SNE
train_08615.png,VLY
train_03709.png,MO
train_01649.png,SNE
train_21578.png,BA
train_03269.png,SNE
train_27316.png,SNE
train_10244.png,LY
train_03169.png,SNE
train_01426.png,SNE
train_18610.png,SNE
train_13142.png,LY
train_15581.png,BL
train_21459.png,SNE
train_25915.png,SNE
train_26122.png,LY
train_23871.png,SNE
train_09040.png,BA
train_23712.png,SNE
train_11985.png,BL
train_05906.png,LY
train_21753.png,LY
train_16079.png,LY
train_28890.png,LY
train_22882.png,SNE
train_12167.png,SNE
train_07880.png,BL
train_10732.png,SNE
train_09689.png,BL
train_05908.png,LY
train_19416.png,SNE
train_02401.png,BL
train_01180.png,SNE
train_04116.png,SNE
train_11724.png,LY
train_04132.png,SNE
train_22320.png,SNE
train_28304.png,LY
train_19634.png,EO
train_00276.png,BL
train_18203.png,SNE
train_19045.png,SNE
train_03012.png,MO
train_03718.png,SNE
train_25856.png,LY
train_19363.png,LY
train_26733.png,LY
train_23757.png,LY
train_28794.png,SNE
train_13981.png,SNE
train_11609.png,BL
train_12262.png,LY
train_07504.png,SNE
train_13967.png,SNE
train_02565.png,LY
train_18928.png,SNE
train_24471.png,SNE
train_11231.png,LY
train_26778.png,LY
train_14988.png,BL
train_26708.png,LY
train_05472.png,LY
train_08021.png,LY
train_24955.png,BNE
train_15816.png,SNE
train_15671.png,LY
train_09804.png,LY
train_11554.png,SNE
train_09892.png,MMY
train_03422.png,SNE
train_08828.png,MY
train_23110.png,SNE
train_18199.png,MMY
train_08211.png,SNE
train_23538.png,LY
train_28695.png,LY
train_23258.png,LY
train_05130.png,SNE
train_28077.png,MO
train_07544.png,LY
train_11109.png,MO
train_17202.png,SNE
train_05680.png,SNE
train_15309.png,SNE
train_28444.png,LY
train_28427.png,BNE
train_04396.png,LY
train_07936.png,BL
train_04222.png,SNE
train_04773.png,LY
train_15550.png,LY
train_08547.png,SNE
train_23177.png,LY
train_15395.png,SNE
train_25236.png,MY
train_07465.png,SNE
train_11477.png,LY
train_08410.png,MO
train_26130.png,SNE
train_18009.png,LY
train_14153.png,SNE
train_28743.png,LY
train_05177.png,SNE
train_22023.png,LY
train_28396.png,MMY
train_05211.png,LY
train_03603.png,LY
train_02976.png,BL
train_28088.png,LY
train_14493.png,MO
train_18986.png,SNE
train_25516.png,BL
train_07483.png,SNE
train_05549.png,SNE
train_02039.png,SNE
train_16186.png,LY
train_25521.png,BL
train_24517.png,BL
train_05421.png,BL
train_05657.png,LY
train_12287.png,MY
train_24974.png,EO
train_04928.png,SNE
train_07758.png,SNE
train_17360.png,LY
train_05030.png,MY
train_23472.png,LY
train_17878.png,EO
train_02122.png,SNE
train_20278.png,SNE
train_06722.png,SNE
train_27580.png,LY
train_02424.png,MO
train_20428.png,LY
train_01560.png,SNE
train_03271.png,BNE
train_21722.png,BL
train_07498.png,SNE
train_08765.png,LY
train_12480.png,SNE
train_02152.png,SNE
train_14150.png,SNE
train_26987.png,VLY
train_27213.png,SNE
train_27669.png,SNE
train_14544.png,LY
train_11289.png,LY
train_22392.png,SNE
train_00936.png,SNE
train_11356.png,SNE
train_22167.png,MY
train_23836.png,SNE
train_21922.png,SNE
train_02090.png,SNE
train_26232.png,SNE
train_01400.png,BL
train_07485.png,SNE
train_11405.png,SNE
train_07657.png,SNE
train_26341.png,BL
train_21317.png,LY
train_08679.png,MO
train_13926.png,MO
train_28713.png,LY
train_08987.png,LY
train_01903.png,SNE
train_14937.png,SNE
train_28848.png,SNE
train_14687.png,SNE
train_23231.png,EO
train_16202.png,LY
train_04519.png,LY
train_04477.png,SNE
train_10524.png,SNE
train_02558.png,BL
train_19439.png,LY
train_10343.png,SNE
train_05976.png,SNE
train_02654.png,LY
train_22805.png,LY
train_23235.png,BL
train_26662.png,BL
train_01205.png,SNE
train_27322.png,SNE
train_23688.png,LY
train_16071.png,LY
train_14279.png,LY
train_10330.png,LY
train_08303.png,LY
train_17806.png,BL
train_03158.png,SNE
train_13449.png,LY
train_00862.png,SNE
train_17081.png,SNE
train_16365.png,SNE
train_22646.png,SNE
train_23720.png,SNE
train_07986.png,SNE
train_16717.png,LY
train_05045.png,LY
train_02834.png,MO
train_19195.png,BL
train_05358.png,MY
train_19395.png,SNE
train_08866.png,BL
train_27084.png,SNE
train_11149.png,SNE
train_20880.png,LY
train_09321.png,SNE
train_07667.png,LY
train_09191.png,LY
train_03334.png,LY
train_09044.png,LY
train_13001.png,SNE
train_02698.png,BL
train_26665.png,MMY
train_05419.png,LY
train_03324.png,SNE
train_07823.png,SNE
train_04690.png,SNE
train_16258.png,SNE
train_10776.png,BL
train_08412.png,MO
train_11023.png,LY
train_09303.png,LY
train_17083.png,LY
train_00093.png,EO
train_18148.png,LY
train_04627.png,SNE
train_07246.png,BNE
train_28662.png,PMY
train_19996.png,LY
train_28341.png,MO
train_13866.png,LY
train_23260.png,BA
train_16661.png,LY
train_15220.png,SNE
train_02702.png,SNE
train_04431.png,EO
train_00940.png,SNE
train_08078.png,SNE
train_27755.png,LY
train_20287.png,SNE
train_12729.png,SNE
train_02980.png,SNE
train_21624.png,SNE
train_22540.png,SNE
train_05016.png,LY
train_03662.png,MO
train_14901.png,LY
train_11000.png,SNE
train_28303.png,SNE
train_24585.png,SNE
train_02759.png,SNE
train_19764.png,LY
train_01169.png,MO
train_25805.png,BL
train_09098.png,MO
train_13528.png,LY
train_02064.png,MO
train_26638.png,LY
train_05522.png,SNE
train_11074.png,SNE
train_18046.png,LY
train_01647.png,MO
train_23805.png,LY
train_10004.png,SNE
train_00953.png,SNE
train_03925.png,LY
train_16558.png,EO
train_16992.png,LY
train_06340.png,MY
train_13370.png,LY
train_02842.png,LY
train_24692.png,BL
train_12312.png,SNE
train_23255.png,BL
train_18993.png,SNE
train_25864.png,EO
train_05525.png,LY
train_09912.png,SNE
train_03438.png,SNE
train_08312.png,SNE
train_26881.png,BL
train_16378.png,LY
train_03936.png,SNE
train_22761.png,SNE
train_03400.png,LY
train_21951.png,SNE
train_15622.png,SNE
train_11944.png,MY
train_26873.png,LY
train_07029.png,BL
train_23912.png,SNE
train_02786.png,BNE
train_02839.png,SNE
train_05910.png,SNE
train_08895.png,SNE
train_21392.png,MO
train_24817.png,MO
train_24926.png,SNE
train_28200.png,MO
train_16327.png,BL
train_18384.png,MO
train_00292.png,SNE
train_23431.png,MO
train_19145.png,SNE
train_11917.png,BL
train_23477.png,SNE
train_12414.png,LY
train_19248.png,MY
train_04578.png,EO
train_23753.png,EO
train_07190.png,SNE
train_03501.png,SNE
train_22620.png,MO
train_11346.png,LY
train_28764.png,LY
train_08118.png,LY
train_20450.png,LY
train_07589.png,LY
train_19734.png,BA
train_26500.png,SNE
train_06595.png,SNE
train_14536.png,SNE
train_12172.png,LY
train_22090.png,LY
train_14714.png,SNE
train_01579.png,SNE
train_04099.png,LY
train_26311.png,LY
train_02024.png,SNE
train_06962.png,LY
train_14346.png,LY
train_27481.png,SNE
train_13859.png,LY
train_24223.png,SNE
train_21652.png,SNE
train_02230.png,SNE
train_25788.png,EO
train_27488.png,SNE
train_28722.png,SNE
train_19275.png,MO
train_23059.png,SNE
train_25386.png,LY
train_18436.png,SNE
train_19094.png,SNE
train_00642.png,MMY
train_23208.png,SNE
train_12875.png,SNE
train_05852.png,SNE
train_20377.png,SNE
train_04887.png,MO
train_24451.png,SNE
train_08931.png,MO
train_12146.png,MO
train_21116.png,MY
train_16989.png,LY
train_24889.png,MO
train_25932.png,LY
train_02769.png,LY
train_20174.png,LY
train_12363.png,MMY
train_13898.png,LY
train_03731.png,LY
train_11999.png,SNE
train_27120.png,EO
train_27884.png,SNE
train_17023.png,SNE
train_21286.png,MO
train_13519.png,BL
train_19311.png,MO
train_06229.png,MO
train_14097.png,SNE
train_08422.png,MO
train_03434.png,BNE
train_28102.png,SNE
train_04374.png,LY
train_07592.png,SNE
train_16990.png,SNE
train_05245.png,MMY
train_25532.png,LY
train_24510.png,BNE
train_18519.png,LY
train_08165.png,LY
train_02725.png,SNE
train_09161.png,MMY
train_18398.png,SNE
train_12171.png,LY
train_03634.png,SNE
train_09586.png,BA
train_04164.png,LY
train_27496.png,LY
train_19781.png,SNE
train_13706.png,LY
train_26374.png,SNE
train_26620.png,SNE
train_12008.png,LY
train_19666.png,SNE
train_18380.png,MO
train_17671.png,LY
train_05854.png,SNE
train_08476.png,BL
train_13462.png,SNE
train_01103.png,MO
train_03455.png,SNE
train_11617.png,SNE
train_04562.png,LY
train_08696.png,SNE
train_23097.png,SNE
train_11322.png,LY
train_06958.png,SNE
train_15459.png,SNE
train_07009.png,LY
train_09474.png,MO
train_02638.png,SNE
train_26719.png,LY
train_26746.png,SNE
train_14836.png,SNE
train_12400.png,SNE
train_24534.png,SNE
train_06460.png,SNE
train_07267.png,MO
train_17910.png,LY
train_16520.png,LY
train_12215.png,SNE
train_13751.png,SNE
train_24933.png,LY
train_04206.png,LY
train_13771.png,SNE
train_11833.png,SNE
train_05961.png,LY
train_01719.png,LY
train_28791.png,MY
train_13135.png,LY
train_11063.png,SNE
train_03460.png,LY
train_23060.png,LY
train_22457.png,MY
train_03013.png,BL
train_07297.png,LY
train_07832.png,SNE
train_12293.png,SNE
train_12132.png,SNE
train_03703.png,BA
train_13998.png,LY
train_28756.png,SNE
train_03321.png,SNE
train_17437.png,LY
train_05343.png,LY
train_26015.png,SNE
train_03295.png,SNE
train_06161.png,SNE
train_11788.png,BNE
train_12698.png,LY
train_23957.png,MO
train_02141.png,VLY
train_18629.png,LY
train_09313.png,SNE
train_20461.png,BA
train_22485.png,LY
train_10724.png,BL
train_04848.png,LY
train_15226.png,BL
train_19757.png,MO
train_03090.png,LY
train_14541.png,LY
train_23434.png,MO
train_08849.png,LY
train_24156.png,LY
train_06526.png,MO
train_08706.png,SNE
train_26622.png,MMY
train_26928.png,SNE
train_03669.png,SNE
train_04805.png,SNE
train_23801.png,LY
train_25122.png,LY
train_15192.png,LY
train_22572.png,SNE
train_24143.png,SNE
train_01846.png,LY
train_09720.png,MMY
train_15723.png,SNE
train_10040.png,LY
train_08008.png,MO
train_21110.png,LY
train_18218.png,SNE
train_02588.png,LY
train_13007.png,SNE
train_13609.png,LY
train_11923.png,LY
train_18773.png,SNE
train_20899.png,SNE
train_23154.png,LY
train_12800.png,SNE
train_13018.png,BL
train_14822.png,SNE
train_14689.png,SNE
train_16021.png,MO
train_13002.png,SNE
train_22893.png,SNE
train_24706.png,SNE
train_28509.png,LY
train_12877.png,EO
train_15339.png,LY
train_11600.png,BL
train_18445.png,SNE
train_05091.png,BA
train_26796.png,SNE
train_16026.png,BL
train_08640.png,SNE
train_20350.png,LY
train_15582.png,MO
train_03218.png,LY
train_28127.png,LY
train_21584.png,SNE
train_01230.png,MO
train_06088.png,LY
train_19990.png,BA
train_09634.png,SNE
train_04951.png,LY
train_07573.png,LY
train_07230.png,MO
train_18220.png,SNE
train_16085.png,LY
train_20595.png,LY
train_16158.png,LY
train_24285.png,MY
train_24041.png,LY
train_06758.png,LY
train_20935.png,LY
train_06524.png,SNE
train_03451.png,SNE
train_19407.png,LY
train_07663.png,LY
train_24858.png,LY
train_05369.png,SNE
train_03926.png,LY
train_02459.png,LY
train_07581.png,LY
train_04689.png,MO
train_23253.png,SNE
train_08396.png,LY
train_14813.png,SNE
train_22292.png,SNE
train_15610.png,SNE
train_21755.png,SNE
train_16836.png,MY
train_12438.png,SNE
train_15347.png,MO
train_17395.png,BA
train_08225.png,SNE
train_08999.png,SNE
train_08935.png,SNE
train_28384.png,LY
train_01781.png,SNE
train_08261.png,EO
train_06086.png,LY
train_23439.png,SNE
train_08520.png,MO
train_11871.png,EO
train_24821.png,SNE
train_25101.png,SNE
train_18997.png,SNE
train_24566.png,SNE
train_19327.png,LY
train_01823.png,SNE
train_06317.png,SNE
train_19054.png,MO
train_08523.png,BL
train_22037.png,SNE
train_11046.png,LY
train_06520.png,LY
train_17996.png,BL
train_13318.png,SNE
train_03167.png,MO
train_15845.png,SNE
train_13995.png,MY
train_26797.png,LY
train_25770.png,MO
train_17790.png,LY
train_05591.png,SNE
train_06825.png,LY
train_26457.png,LY
train_19369.png,SNE
train_02466.png,LY
train_18429.png,SNE
train_20902.png,BL
train_17511.png,SNE
train_26548.png,SNE
train_19510.png,SNE
train_02887.png,LY
train_07362.png,LY
train_28042.png,LY
train_19592.png,SNE
train_13552.png,SNE
train_02917.png,BNE
train_03289.png,LY
train_24355.png,SNE
train_07191.png,LY
train_26779.png,LY
train_09863.png,LY
train_08939.png,LY
train_15122.png,SNE
train_10050.png,BL
train_26464.png,SNE
train_05610.png,SNE
train_09516.png,LY
train_02576.png,MO
train_24679.png,BL
train_07944.png,SNE
train_02212.png,SNE
train_26149.png,SNE
train_06050.png,LY
train_20768.png,SNE
train_03693.png,MO
train_23636.png,MO
train_11922.png,BL
train_00246.png,SNE
train_09528.png,SNE
train_00005.png,MO
train_01164.png,BL
train_14177.png,LY
train_17906.png,SNE
train_23402.png,LY
train_15868.png,BL
train_18542.png,LY
train_27506.png,SNE
train_16233.png,SNE
train_07322.png,SNE
train_07274.png,SNE
train_04715.png,EO
train_20248.png,SNE
train_03676.png,SNE
train_07583.png,LY
train_04072.png,SNE
train_01206.png,SNE
train_02735.png,SNE
train_16321.png,SNE
train_26427.png,LY
train_12454.png,BL
train_03368.png,SNE
train_15458.png,BNE
train_19511.png,SNE
train_01840.png,SNE
train_11339.png,SNE
train_03919.png,SNE
train_28060.png,SNE
train_13124.png,BNE
train_28615.png,EO
train_27296.png,LY
train_19235.png,SNE
train_15171.png,BL
train_28577.png,BL
train_10721.png,SNE
train_21439.png,SNE
train_27556.png,MO
train_23745.png,LY
train_04933.png,SNE
train_23863.png,SNE
train_03494.png,SNE
train_28101.png,MMY
train_17415.png,SNE
train_16854.png,BL
train_09928.png,SNE
train_21065.png,SNE
train_13813.png,MY
train_28358.png,SNE
train_06712.png,SNE
train_10695.png,LY
train_01988.png,MO
train_27097.png,LY
train_11536.png,LY
train_20706.png,LY
train_12247.png,SNE
train_01623.png,SNE
train_20422.png,SNE
train_04985.png,BL
train_05325.png,SNE
train_19336.png,SNE
train_01784.png,SNE
train_12971.png,SNE
train_27136.png,BL
train_01533.png,LY
train_26462.png,MO
train_19512.png,LY
train_05994.png,SNE
train_07914.png,SNE
train_19455.png,SNE
train_08993.png,SNE
train_08552.png,LY
train_10518.png,SNE
train_03370.png,SNE
train_08342.png,LY
train_20714.png,MY
train_21295.png,BA
train_12899.png,SNE
train_21031.png,LY
train_15231.png,LY
train_17357.png,SNE
train_08089.png,MO
train_04372.png,SNE
train_10468.png,LY
train_14284.png,LY
train_00236.png,LY
train_14593.png,SNE
train_19193.png,SNE
train_06877.png,EO
train_02280.png,BL
train_01818.png,LY
train_11565.png,MO
train_12604.png,SNE
train_00614.png,BL
train_12833.png,LY
train_25418.png,MO
train_22587.png,BNE
train_09336.png,LY
train_20373.png,SNE
train_10901.png,PC
train_24982.png,SNE
train_14832.png,SNE
train_09323.png,SNE
train_25471.png,SNE
train_17200.png,SNE
train_20414.png,SNE
train_26128.png,BL
train_23374.png,LY
train_08851.png,SNE
train_01967.png,SNE
train_17982.png,SNE
train_26249.png,SNE
train_07214.png,MO
train_20474.png,LY
train_10959.png,SNE
train_07378.png,SNE
train_16075.png,MMY
train_14653.png,SNE
train_27089.png,LY
train_23678.png,EO
train_12286.png,SNE
train_10639.png,LY
train_08661.png,MO
train_06557.png,LY
train_02070.png,BNE
train_05505.png,LY
train_17986.png,LY
train_28796.png,LY
train_02931.png,SNE
train_12289.png,LY
train_15265.png,SNE
train_04518.png,SNE
train_01277.png,LY
train_08280.png,LY
train_04437.png,LY
train_02435.png,BNE
train_16702.png,SNE
train_10381.png,EO
train_09829.png,BL
train_05394.png,LY
train_19167.png,LY
train_26002.png,MO
train_06816.png,PMY
train_14016.png,LY
train_04741.png,SNE
train_20641.png,BL
train_05409.png,SNE
train_03224.png,LY
train_23423.png,BL
train_26897.png,LY
train_00180.png,SNE
train_07797.png,SNE
train_12234.png,SNE
train_08795.png,SNE
train_05080.png,SNE
train_13461.png,SNE
train_15483.png,SNE
train_18244.png,SNE
train_10781.png,LY
train_13821.png,BA
train_23242.png,LY
train_15910.png,LY
train_11156.png,EO
train_21019.png,SNE
train_18085.png,MO
train_21267.png,SNE
train_06560.png,LY
train_23516.png,MO
train_04850.png,MMY
train_04413.png,MO
train_12534.png,SNE
train_07915.png,SNE
train_18754.png,SNE
train_18924.png,BNE
train_14076.png,SNE
train_28093.png,SNE
train_22992.png,SNE
train_06799.png,SNE
train_22861.png,LY
train_02935.png,LY
train_18379.png,SNE
train_26297.png,LY
train_13924.png,LY
train_19506.png,SNE
train_14285.png,LY
train_10253.png,SNE
train_22840.png,SNE
train_14778.png,MMY
train_26277.png,SNE
train_03894.png,SNE
train_01409.png,LY
train_13113.png,BA
train_20336.png,LY
train_05813.png,MO
train_02526.png,LY
train_03176.png,MO
train_01146.png,SNE
train_27963.png,SNE
train_12134.png,SNE
train_17793.png,SNE
train_01274.png,BL
train_02994.png,SNE
train_08907.png,LY
train_18959.png,EO
train_23984.png,SNE
train_22100.png,SNE
train_20914.png,MO
train_00993.png,BA
train_13679.png,VLY
train_02523.png,BL
train_14209.png,SNE
train_11623.png,SNE
train_14380.png,SNE
train_17997.png,SNE
train_02892.png,LY
train_22136.png,BL
train_14683.png,SNE
train_00659.png,SNE
train_28196.png,SNE
train_28602.png,SNE
train_28157.png,BA
train_17277.png,SNE
train_28859.png,SNE
train_04104.png,SNE
train_26869.png,SNE
train_20484.png,LY
train_23555.png,MY
train_04399.png,LY
train_17324.png,LY
train_06072.png,SNE
train_12198.png,LY
train_22131.png,EO
train_26252.png,LY
train_18040.png,LY
train_22059.png,SNE
train_01806.png,LY
train_01834.png,VLY
train_26210.png,SNE
train_01617.png,PC
train_03239.png,EO
train_23069.png,LY
train_22718.png,SNE
train_16387.png,LY
train_09096.png,SNE
train_27717.png,SNE
train_11078.png,SNE
train_04667.png,LY
train_02147.png,EO
train_08003.png,SNE
train_02667.png,SNE
train_10665.png,SNE
train_08948.png,EO
train_03465.png,LY
train_26497.png,SNE
train_17120.png,LY
train_27673.png,LY
train_26169.png,LY
train_03106.png,SNE
train_08890.png,MO
train_10187.png,SNE
train_02240.png,LY
train_04095.png,BL
train_09492.png,SNE
train_26607.png,MO
train_09382.png,MO
train_23775.png,BA
train_24314.png,LY
train_20199.png,LY
train_17658.png,SNE
train_04576.png,LY
train_21943.png,SNE
train_02768.png,LY
train_05065.png,SNE
train_23492.png,SNE
train_25311.png,SNE
train_22688.png,LY
train_10473.png,SNE
train_01355.png,BL
train_08237.png,MO
train_14857.png,VLY
train_01406.png,SNE
train_18197.png,BL
train_14426.png,SNE
train_10747.png,SNE
train_03879.png,LY
train_09814.png,SNE
train_28111.png,SNE
train_21905.png,SNE
train_10353.png,SNE
train_26534.png,SNE
train_14381.png,MMY
train_10344.png,LY
train_15235.png,SNE
train_02691.png,MO
train_07148.png,SNE
train_00868.png,SNE
train_19207.png,BL
train_06432.png,SNE
train_12352.png,SNE
train_06043.png,LY
train_16554.png,SNE
train_26451.png,BL
train_07382.png,BL
train_00697.png,LY
train_24814.png,MO
train_24853.png,MO
train_13055.png,MO
train_16940.png,LY
train_19595.png,SNE
train_11799.png,PC
train_26960.png,MMY
train_19466.png,SNE
train_25370.png,LY
train_24635.png,BL
train_12197.png,SNE
train_12536.png,SNE
train_04150.png,MO
train_09793.png,LY
train_15960.png,SNE
train_25461.png,SNE
train_02777.png,MO
train_14040.png,BL
train_25247.png,LY
train_11927.png,LY
train_04944.png,SNE
train_15876.png,SNE
train_17770.png,SNE
train_25280.png,SNE
train_14717.png,SNE
train_06107.png,SNE
train_09428.png,SNE
train_23509.png,SNE
train_09192.png,MMY
train_01690.png,LY
train_07073.png,SNE
train_13958.png,MY
train_25015.png,SNE
train_09732.png,LY
train_25968.png,BNE
train_10660.png,LY
train_03133.png,SNE
train_21525.png,BL
train_03960.png,SNE
train_17061.png,SNE
train_15427.png,MO
train_12884.png,LY
train_13422.png,SNE
train_21692.png,SNE
train_28160.png,LY
train_00490.png,SNE
train_19405.png,LY
train_26841.png,LY
train_02643.png,SNE
train_04376.png,SNE
train_13133.png,SNE
train_17382.png,SNE
train_24326.png,BL
train_18548.png,SNE
train_20328.png,BL
train_19109.png,MO
train_06714.png,LY
train_05589.png,SNE
train_05501.png,EO
train_09646.png,SNE
train_28540.png,SNE
train_10100.png,MMY
train_27537.png,SNE
train_04489.png,LY
train_18594.png,LY
train_28117.png,MO
train_19139.png,SNE
train_23738.png,SNE
train_14705.png,BL
train_15611.png,LY
train_02096.png,BL
train_27699.png,MO
train_26475.png,SNE
train_20949.png,VLY
train_06108.png,MO
train_26017.png,SNE
train_02326.png,EO
train_18080.png,LY
train_15749.png,SNE
train_16343.png,VLY
train_27251.png,SNE
train_08343.png,SNE
train_14236.png,BL
train_25081.png,BA
train_09591.png,MO
train_09285.png,SNE
train_15719.png,SNE
train_14583.png,SNE
train_05864.png,LY
train_06093.png,LY
train_09444.png,LY
train_05825.png,SNE
train_19388.png,LY
train_18147.png,LY
train_21425.png,SNE
train_09660.png,SNE
train_14262.png,SNE
train_02120.png,SNE
train_05166.png,LY
train_06026.png,MO
train_20218.png,LY
train_19229.png,SNE
train_18977.png,SNE
train_20051.png,SNE
train_01482.png,LY
train_07512.png,SNE
train_05885.png,LY
train_10453.png,MO
train_24199.png,LY
train_19116.png,LY
train_19157.png,SNE
train_17349.png,LY
train_21582.png,SNE
train_09692.png,MO
train_17853.png,SNE
train_06303.png,LY
train_13428.png,SNE
train_14851.png,MO
train_06515.png,LY
train_12905.png,EO
train_13064.png,SNE
train_15462.png,SNE
train_00233.png,BL
train_22711.png,SNE
train_13034.png,LY
train_13514.png,LY
train_19712.png,SNE
train_12222.png,LY
train_26956.png,BL
train_08925.png,MO
train_26228.png,SNE
train_28350.png,BL
train_02516.png,SNE
train_04242.png,SNE
train_01487.png,LY
train_20990.png,LY
train_21124.png,LY
train_04267.png,LY
train_06579.png,LY
train_27017.png,LY
train_04511.png,SNE
train_22250.png,SNE
train_08595.png,SNE
train_27632.png,SNE
train_11419.png,SNE
train_28016.png,SNE
train_19519.png,SNE
train_28896.png,LY
train_28262.png,LY
train_12560.png,SNE
train_05306.png,SNE
train_19673.png,SNE
train_25149.png,LY
train_12089.png,SNE
train_13072.png,MO
train_01796.png,LY
train_01695.png,SNE
train_06594.png,LY
train_07868.png,LY
train_07217.png,LY
train_02487.png,SNE
train_04130.png,MO
train_16823.png,SNE
train_10964.png,SNE
train_23227.png,BA
train_15657.png,SNE
train_11849.png,SNE
train_12139.png,BL
train_12066.png,SNE
train_03918.png,SNE
train_00548.png,SNE
train_15873.png,LY
train_21681.png,SNE
train_07325.png,VLY
train_16097.png,MO
train_20747.png,MO
train_14882.png,LY
train_03781.png,SNE
train_06917.png,SNE
train_05286.png,EO
train_07474.png,BL
train_17848.png,SNE
train_16385.png,MO
train_10396.png,SNE
train_28603.png,SNE
train_05566.png,MY
train_28230.png,MMY
train_08975.png,SNE
train_27604.png,SNE
train_10937.png,SNE
train_26322.png,LY
train_22333.png,SNE
train_09447.png,SNE
train_21646.png,BL
train_14571.png,LY
train_04990.png,LY
train_02602.png,BL
train_25034.png,SNE
train_06809.png,LY
train_19777.png,LY
train_00094.png,SNE
train_05321.png,MO
train_15720.png,BL
train_24379.png,BL
train_00528.png,LY
train_25822.png,EO
train_05378.png,SNE
train_27106.png,LY
train_07247.png,MY
train_21460.png,SNE
train_11766.png,VLY
train_15267.png,LY
train_15896.png,MY
train_03688.png,SNE
train_25121.png,LY
train_00882.png,SNE
train_13493.png,BL
train_15598.png,SNE
train_10562.png,EO
train_17732.png,SNE
train_02732.png,SNE
train_24260.png,LY
train_13487.png,EO
train_00042.png,SNE
train_14201.png,MO
train_08018.png,LY
train_15799.png,LY
train_13845.png,SNE
train_13596.png,SNE
train_14948.png,BL
train_07859.png,SNE
train_15494.png,SNE
train_24924.png,SNE
train_07572.png,MO
train_05550.png,BL
train_24460.png,SNE
train_27818.png,LY
train_10451.png,BL
train_03178.png,SNE
train_05355.png,EO
train_18677.png,SNE
train_03792.png,LY
train_01285.png,SNE
train_21206.png,LY
train_25741.png,SNE
train_16032.png,LY
train_28167.png,SNE
train_07099.png,SNE
train_07360.png,SNE
train_17296.png,SNE
train_13544.png,BL
train_12619.png,LY
train_18304.png,SNE
train_03642.png,SNE
train_17672.png,SNE
train_24371.png,LY
train_07088.png,BL
train_05509.png,BL
train_18526.png,MY
train_00411.png,SNE
train_12059.png,LY
train_11131.png,SNE
train_10840.png,SNE
train_17874.png,SNE
train_03679.png,LY
train_03519.png,SNE
train_00716.png,LY
train_08360.png,LY
train_04845.png,MO
train_11234.png,BA
train_24675.png,SNE
train_22481.png,LY
train_13125.png,LY
train_09169.png,LY
train_01517.png,LY
train_20787.png,EO
train_10133.png,VLY
train_24242.png,SNE
train_19217.png,SNE
train_19882.png,LY
train_13896.png,SNE
train_12656.png,MO
train_23419.png,SNE
train_08699.png,SNE
train_00655.png,SNE
train_01382.png,SNE
train_15892.png,LY
train_10314.png,LY
train_08553.png,BL
train_28855.png,SNE
train_18932.png,SNE
train_24119.png,SNE
train_28547.png,SNE
train_13283.png,MO
train_25646.png,BL
train_13440.png,SNE
train_15241.png,MO
train_00999.png,LY
train_07319.png,LY
train_27223.png,MO
train_23850.png,LY
train_13187.png,BL
train_21517.png,SNE
train_23313.png,LY
train_07373.png,LY
train_08980.png,LY
train_19733.png,SNE
train_02323.png,SNE
train_03844.png,LY
train_07683.png,SNE
train_15411.png,SNE
train_27121.png,LY
train_24722.png,MO
train_14523.png,MO
train_00117.png,SNE
train_08646.png,LY
train_12237.png,LY
train_01307.png,LY
train_07791.png,LY
train_08751.png,LY
train_11274.png,SNE
train_23971.png,LY
train_03057.png,MO
train_06934.png,LY
train_20612.png,SNE
train_02809.png,BA
train_20243.png,SNE
train_07631.png,MY
train_15117.png,SNE
train_09017.png,LY
train_12309.png,SNE
train_27690.png,SNE
train_07689.png,SNE
train_04866.png,SNE
train_01874.png,SNE
train_01248.png,LY
train_10375.png,LY
train_27109.png,SNE
train_01271.png,BL
train_24863.png,LY
train_27447.png,BL
train_14071.png,LY
train_21617.png,SNE
train_03832.png,BNE
train_07460.png,MO
train_21749.png,SNE
train_01659.png,SNE
train_19461.png,BL
train_26123.png,SNE
train_19695.png,SNE
train_21058.png,BL
train_13599.png,EO
train_22073.png,SNE
train_27489.png,LY
train_12638.png,SNE
train_09725.png,LY
train_11051.png,SNE
train_25551.png,SNE
train_09644.png,SNE
train_17816.png,MO
train_12290.png,MO
train_27657.png,SNE
train_04503.png,MY
train_25539.png,SNE
train_13539.png,LY
train_20379.png,LY
train_18762.png,VLY
train_08122.png,SNE
train_23966.png,SNE
train_23818.png,SNE
train_21576.png,SNE
train_11363.png,SNE
train_12615.png,SNE
train_04818.png,SNE
train_16429.png,SNE
train_12665.png,SNE
train_10072.png,EO
train_00061.png,SNE
train_15814.png,SNE
train_00903.png,SNE
train_18785.png,LY
train_11510.png,SNE
train_22791.png,SNE
train_06469.png,BL
train_19095.png,EO
train_11438.png,LY
train_22295.png,SNE
train_26618.png,LY
train_24750.png,LY
train_11217.png,LY
train_28781.png,LY
train_02765.png,LY
train_07982.png,SNE
train_26416.png,SNE
train_00648.png,SNE
train_01755.png,LY
train_26558.png,BL
train_23642.png,LY
train_03754.png,LY
train_03971.png,LY
train_14057.png,MO
train_22464.png,BA
train_10894.png,SNE
train_26184.png,SNE
train_14452.png,MO
train_15504.png,LY
train_06154.png,SNE
train_15276.png,MO
train_21125.png,SNE
train_08140.png,LY
train_12772.png,SNE
train_09873.png,MO
train_18949.png,SNE
train_22946.png,SNE
train_08548.png,LY
train_08599.png,SNE
train_04344.png,SNE
train_09617.png,LY
train_03048.png,LY
train_03763.png,LY
train_07675.png,SNE
train_28351.png,SNE
train_26684.png,LY
train_21989.png,LY
train_26233.png,SNE
train_19888.png,SNE
train_09149.png,SNE
train_09868.png,SNE
train_28186.png,MO
train_23254.png,LY
train_14956.png,LY
train_14543.png,LY
train_00561.png,MO
train_03168.png,PMY
train_28037.png,MO
train_19943.png,SNE
train_24990.png,LY
train_12873.png,SNE
train_22685.png,SNE
train_12071.png,BNE
train_16526.png,SNE
train_01861.png,MO
train_20619.png,SNE
train_10779.png,SNE
train_11002.png,LY
train_23036.png,MO
train_04989.png,LY
train_21358.png,BL
train_17557.png,LY
train_00308.png,SNE
train_22790.png,BA
train_03590.png,LY
train_12722.png,MO
train_17433.png,BNE
train_11030.png,SNE
train_00114.png,LY
train_26753.png,LY
train_16439.png,MO
train_00057.png,LY
train_14900.png,LY
train_06014.png,LY
train_18585.png,LY
train_20897.png,LY
train_03745.png,LY
train_25959.png,SNE
train_07616.png,LY
train_23289.png,BL
train_21366.png,SNE
train_25792.png,LY
train_10532.png,SNE
train_07397.png,LY
train_17005.png,SNE
train_27642.png,LY
train_18621.png,LY
train_23247.png,LY
train_04045.png,SNE
train_12942.png,LY
train_18225.png,LY
train_22272.png,SNE
train_11819.png,SNE
train_10315.png,SNE
train_26170.png,SNE
train_23903.png,LY
train_23367.png,LY
train_01448.png,SNE
train_11935.png,LY
train_16692.png,SNE
train_08092.png,SNE
train_14146.png,MO
train_08916.png,LY
train_25830.png,SNE
train_00144.png,SNE
train_13799.png,LY
train_28353.png,MO
train_26557.png,PC
train_22379.png,VLY
train_15686.png,BL
train_26352.png,SNE
train_17334.png,LY
train_10477.png,SNE
train_23895.png,LY
train_15982.png,MO
train_02639.png,BL
train_02283.png,SNE
train_04114.png,SNE
train_22831.png,EO
train_10629.png,LY
train_20410.png,SNE
train_24078.png,BL
train_10271.png,SNE
train_12679.png,SNE
train_27170.png,LY
train_16954.png,BA
train_01995.png,LY
train_25168.png,LY
train_26959.png,VLY
train_07300.png,SNE
train_28316.png,MY
train_25557.png,MO
train_24360.png,SNE
train_21664.png,LY
train_27948.png,SNE
train_00189.png,BL
train_06485.png,SNE
train_16543.png,SNE
train_17924.png,LY
train_06921.png,SNE
train_18374.png,LY
train_24900.png,LY
train_15626.png,SNE
train_27761.png,LY
train_00657.png,LY
train_01249.png,BL
train_27798.png,LY
train_28716.png,SNE
train_28694.png,SNE
train_22472.png,BA
train_01031.png,SNE
train_28689.png,SNE
train_28206.png,BL
train_27706.png,SNE
train_12433.png,SNE
train_00515.png,MMY
train_13348.png,BL
train_23219.png,BNE
train_26404.png,LY
train_00849.png,SNE
train_04637.png,SNE
train_10307.png,MO
train_27461.png,SNE
train_12083.png,LY
train_19294.png,SNE
train_02942.png,LY
train_15332.png,SNE
train_12185.png,LY
train_24250.png,MO
train_27295.png,LY
train_16875.png,SNE
train_26290.png,SNE
train_06716.png,LY
train_20727.png,LY
train_24748.png,SNE
train_17465.png,LY
train_01864.png,BA
train_09223.png,BL
train_26997.png,LY
train_21764.png,LY
train_13198.png,SNE
train_22234.png,LY
train_18705.png,SNE
train_03848.png,MO
train_25335.png,BL
train_16965.png,MO
train_15846.png,MO
train_16985.png,SNE
train_25426.png,SNE
train_07531.png,LY
train_23172.png,LY
train_01963.png,MO
train_20563.png,EO
train_02007.png,LY
train_27534.png,LY
train_20008.png,LY
train_24799.png,SNE
train_07720.png,SNE
train_24735.png,LY
train_24455.png,SNE
train_28044.png,LY
train_24994.png,SNE
train_05983.png,LY
train_18524.png,SNE
train_16536.png,SNE
train_07774.png,SNE
train_19842.png,SNE
train_07272.png,SNE
train_11848.png,LY
train_18818.png,SNE
train_10360.png,MO
train_09861.png,LY
train_09764.png,SNE
train_21204.png,SNE
train_26817.png,MO
train_04502.png,MO
train_18397.png,LY
train_04501.png,MY
train_18252.png,BL
train_02084.png,SNE
train_01071.png,SNE
train_07913.png,BNE
train_20322.png,SNE
train_03952.png,SNE
train_24805.png,BL
train_22143.png,SNE
train_27551.png,SNE
train_14907.png,SNE
train_05034.png,SNE
train_25558.png,EO
train_13712.png,SNE
train_28686.png,BL
train_12095.png,SNE
train_07846.png,SNE
train_01083.png,SNE
train_06498.png,LY
train_23094.png,LY
train_27008.png,MO
train_03293.png,LY
train_27312.png,SNE
train_26683.png,SNE
train_07636.png,PMY
train_01308.png,SNE
train_19198.png,LY
train_17147.png,MY
train_21583.png,LY
train_16871.png,SNE
train_27918.png,SNE
train_07806.png,EO
train_02824.png,SNE
train_21360.png,SNE
train_23905.png,SNE
train_02081.png,EO
train_22087.png,BL
train_02855.png,MO
train_00026.png,BL
train_11842.png,SNE
train_03596.png,LY
train_16895.png,LY
train_06731.png,MO
train_12000.png,LY
train_17085.png,SNE
train_26901.png,LY
train_28297.png,SNE
train_12690.png,BL
train_24792.png,BA
train_23691.png,SNE
train_04881.png,LY
train_07649.png,MMY
train_10365.png,SNE
train_10885.png,MY
train_10141.png,BL
train_05485.png,MO
train_25001.png,LY
train_12823.png,SNE
train_08521.png,SNE
train_15812.png,LY
train_12970.png,BL
train_20546.png,LY
train_06331.png,LY
train_10246.png,SNE
train_17100.png,SNE
train_14610.png,BL
train_22080.png,EO
train_15625.png,SNE
train_11345.png,LY
train_16282.png,EO
train_05782.png,LY
train_07452.png,LY
train_07323.png,SNE
train_05572.png,MO
train_14670.png,SNE
train_08872.png,LY
train_23917.png,LY
train_12406.png,LY
train_12796.png,SNE
train_25677.png,SNE
train_13851.png,LY
train_20974.png,SNE
train_28259.png,SNE
train_24179.png,MO
train_06725.png,LY
train_15515.png,LY
train_22509.png,SNE
train_14652.png,LY
train_23616.png,SNE
train_23569.png,SNE
train_26866.png,SNE
train_13258.png,SNE
train_10294.png,SNE
train_08434.png,BL
train_12957.png,LY
train_20391.png,LY
train_06979.png,SNE
train_10761.png,SNE
train_22696.png,LY
train_00828.png,BA
train_09883.png,EO
train_17378.png,SNE
train_28393.png,LY
train_14268.png,SNE
train_19630.png,SNE
train_17281.png,SNE
train_21021.png,VLY
train_15971.png,SNE
train_02190.png,LY
train_18612.png,SNE
train_17234.png,SNE
train_26064.png,SNE
train_06530.png,LY
train_06282.png,SNE
train_25956.png,MMY
train_25088.png,SNE
train_00893.png,LY
train_14137.png,BL
train_17219.png,MMY
train_22940.png,SNE
train_05050.png,SNE
train_01279.png,LY
train_27384.png,SNE
train_04040.png,SNE
train_19863.png,SNE
train_09208.png,LY
train_27438.png,SNE
train_11571.png,SNE
train_05971.png,BL
train_01884.png,MO
train_14142.png,SNE
train_01157.png,VLY
train_24187.png,LY
train_01047.png,MY
train_09380.png,SNE
train_14166.png,SNE
train_07248.png,SNE
train_26367.png,SNE
train_27157.png,SNE
train_21992.png,BL
train_01546.png,LY
train_08879.png,SNE
train_00263.png,SNE
train_22750.png,SNE
train_14299.png,SNE
train_23005.png,SNE
train_04557.png,LY
train_25042.png,PMY
train_11979.png,MO
train_02491.png,SNE
train_02530.png,LY
train_10053.png,BL
train_24425.png,SNE
train_11052.png,EO
train_14648.png,SNE
train_21910.png,SNE
train_03108.png,SNE
train_07578.png,EO
train_25059.png,LY
train_03332.png,SNE
train_11679.png,BL
train_02050.png,LY
train_23551.png,MO
train_13955.png,SNE
train_02117.png,MO
train_28443.png,SNE
train_05483.png,LY
train_22397.png,SNE
train_08550.png,SNE
train_02826.png,BL
train_12209.png,SNE
train_04029.png,LY
train_11847.png,EO
train_06674.png,SNE
train_04342.png,LY
train_20019.png,MO
train_27536.png,MO
train_24361.png,SNE
train_09632.png,SNE
train_06813.png,VLY
train_28813.png,SNE
train_21321.png,LY
train_02008.png,SNE
train_20521.png,SNE
train_28827.png,SNE
train_19660.png,BL
train_00703.png,SNE
train_21984.png,BNE
train_03798.png,LY
train_03365.png,SNE
train_24008.png,LY
train_08439.png,SNE
train_21443.png,VLY
train_17663.png,MO
train_15311.png,LY
train_24714.png,SNE
train_28203.png,LY
train_05372.png,PMY
train_08970.png,MY
train_03384.png,SNE
train_08528.png,SNE
train_08658.png,SNE
train_24144.png,LY
train_13154.png,SNE
train_28571.png,SNE
train_06185.png,SNE
train_01567.png,LY
train_13871.png,SNE
train_20156.png,LY
train_23622.png,SNE
train_15063.png,SNE
train_04759.png,BL
train_00025.png,SNE
train_23772.png,BL
train_01662.png,SNE
train_18319.png,MO
train_20838.png,SNE
train_03777.png,LY
train_25665.png,SNE
train_18211.png,LY
train_16816.png,SNE
train_05452.png,SNE
train_28870.png,MO
train_02572.png,SNE
train_24670.png,BL
train_01200.png,LY
train_12421.png,EO
train_03569.png,MO
train_11970.png,SNE
train_25977.png,SNE
train_13044.png,SNE
train_14989.png,SNE
train_10542.png,LY
train_26889.png,SNE
train_15990.png,SNE
train_10882.png,SNE
train_02926.png,SNE
train_02419.png,SNE
train_06022.png,SNE
train_16472.png,BL
train_23076.png,LY
train_22166.png,MO
train_08519.png,EO
train_17046.png,EO
train_28201.png,SNE
train_05881.png,SNE
train_00161.png,SNE
train_01152.png,SNE
train_03836.png,LY
train_11098.png,MO
train_14981.png,LY
train_04341.png,BA
train_09929.png,MO
train_09589.png,SNE
train_01702.png,SNE
train_17199.png,BL
train_09570.png,MO
train_08386.png,SNE
train_20466.png,SNE
train_15261.png,MY
train_02297.png,SNE
train_22297.png,SNE
train_15303.png,MO
train_10591.png,LY
train_02351.png,PMY
train_23299.png,LY
train_23787.png,MO
train_03186.png,SNE
train_07713.png,LY
train_17534.png,LY
train_11550.png,SNE
train_07153.png,SNE
train_14811.png,LY
train_15838.png,MMY
train_06923.png,SNE
train_09221.png,EO
train_21634.png,SNE
train_17130.png,SNE
train_20867.png,SNE
train_08794.png,SNE
train_14620.png,LY
train_12721.png,MY
train_24453.png,SNE
train_20912.png,VLY
train_24448.png,BA
train_06629.png,SNE
train_24986.png,SNE
train_06285.png,BL
train_08967.png,SNE
train_19726.png,LY
train_05175.png,LY
train_15382.png,BL
train_02539.png,MO
train_06704.png,LY
train_14872.png,LY
train_12447.png,BL
train_05450.png,BL
train_07329.png,BL
train_05796.png,SNE
train_03197.png,LY
train_24437.png,LY
train_21960.png,SNE
train_10943.png,LY
train_09026.png,LY
train_24056.png,LY
train_16729.png,LY
train_07430.png,SNE
train_14024.png,SNE
train_02954.png,SNE
train_23133.png,SNE
train_22752.png,SNE
train_18651.png,LY
train_08688.png,MO
train_01476.png,SNE
train_05282.png,SNE
train_10505.png,SNE
train_17176.png,LY
train_21763.png,EO
train_05899.png,SNE
train_07527.png,MMY
train_08775.png,EO
train_26476.png,SNE
train_10766.png,SNE
train_28433.png,LY
train_19454.png,BL
train_15963.png,SNE
train_05669.png,SNE
train_03658.png,SNE
train_08952.png,BL
train_03273.png,SNE
train_13156.png,BL
train_03264.png,SNE
train_01935.png,SNE
train_24761.png,BL
train_17275.png,BL
train_00754.png,SNE
train_22326.png,BL
train_26680.png,MO
train_03008.png,MY
train_11397.png,SNE
train_11253.png,SNE
train_17271.png,BL
train_22947.png,LY
train_10692.png,SNE
train_10623.png,MO
train_21010.png,SNE
train_01049.png,SNE
train_16208.png,LY
train_24120.png,BA
train_09468.png,LY
train_05659.png,BL
train_14248.png,SNE
train_00592.png,SNE
train_08234.png,MO
train_17467.png,LY
train_24287.png,SNE
train_00530.png,BL
train_12808.png,SNE
train_12657.png,BL
train_01211.png,LY
train_10961.png,LY
train_23132.png,LY
train_11079.png,LY
train_05364.png,LY
train_06604.png,LY
train_15111.png,SNE
train_28576.png,EO
train_19542.png,MO
train_25715.png,SNE
train_21256.png,BL
train_03939.png,SNE
train_21451.png,SNE
train_08403.png,SNE
train_28472.png,SNE
train_27931.png,LY
train_03506.png,SNE
train_22582.png,BL
train_07576.png,LY
train_09899.png,SNE
train_02662.png,SNE
train_13968.png,SNE
train_14505.png,SNE
train_22814.png,LY
train_02338.png,SNE
train_13378.png,SNE
train_14258.png,SNE
train_03228.png,SNE
train_06806.png,LY
train_14891.png,BNE
train_16430.png,LY
train_05678.png,MO
train_10667.png,BA
train_25223.png,LY
train_13472.png,BL
train_19387.png,LY
train_24096.png,SNE
train_01968.png,LY
train_08666.png,SNE
train_21176.png,SNE
train_00690.png,LY
train_19494.png,SNE
train_19640.png,LY
train_24316.png,BL
train_16591.png,MO
train_17256.png,SNE
train_11357.png,MY
train_24145.png,SNE
train_18573.png,EO
train_24070.png,EO
train_28561.png,SNE
train_08759.png,SNE
train_28616.png,BA
train_23531.png,MO
train_14951.png,SNE
train_00340.png,SNE
train_13700.png,MO
train_20823.png,SNE
train_13555.png,LY
train_16701.png,SNE
train_15218.png,SNE
train_04722.png,SNE
train_07149.png,SNE
train_17156.png,LY
train_02268.png,MO
train_12725.png,SNE
train_21813.png,EO
train_22162.png,BNE
train_00446.png,SNE
train_20774.png,MO
train_22158.png,SNE
train_13447.png,LY
train_26914.png,SNE
train_18802.png,SNE
train_07432.png,LY
train_22205.png,SNE
train_08235.png,LY
train_01684.png,MY
train_15716.png,LY
train_19891.png,SNE
train_13077.png,BL
train_05184.png,LY
train_28020.png,LY
train_09867.png,LY
train_22332.png,LY
train_08281.png,LY
train_12758.png,BA
train_23084.png,SNE
train_20801.png,SNE
train_25429.png,MO
train_12284.png,SNE
train_05840.png,LY
train_28802.png,SNE
train_07957.png,MY
train_28900.png,LY
train_10460.png,EO
train_18938.png,SNE
train_03150.png,BL
train_06443.png,LY
train_21949.png,SNE
train_02429.png,SNE
train_25531.png,SNE
train_23384.png,LY
train_14096.png,LY
train_26009.png,SNE
train_02936.png,SNE
train_12852.png,MO
train_21155.png,LY
train_01392.png,SNE
train_04732.png,SNE
train_09937.png,BL
train_15937.png,MO
train_12087.png,LY
train_08388.png,SNE
train_07064.png,SNE
train_09686.png,EO
train_28403.png,MO
train_06973.png,EO
train_20680.png,SNE
train_15281.png,LY
train_02176.png,LY
train_13777.png,LY
train_13667.png,SNE
train_05616.png,BL
train_18748.png,SNE
train_06252.png,SNE
train_06695.png,SNE
train_28301.png,SNE
train_05683.png,SNE
train_13201.png,SNE
train_09142.png,SNE
train_02835.png,MO
train_21707.png,SNE
train_17935.png,SNE
train_06153.png,LY
train_09551.png,BL
train_28445.png,LY
train_01363.png,SNE
train_27297.png,BL
train_08601.png,LY
train_24354.png,SNE
train_20772.png,SNE
train_24954.png,SNE
train_02729.png,LY
train_05132.png,BL
train_25621.png,LY
train_12140.png,MO
train_13337.png,SNE
train_06591.png,VLY
train_17951.png,LY
train_21999.png,BL
train_19550.png,LY
train_11027.png,SNE
train_20522.png,SNE
train_07622.png,SNE
train_20412.png,SNE
train_28205.png,SNE
train_14132.png,SNE
train_12192.png,SNE
train_17468.png,LY
train_25945.png,LY
train_07537.png,SNE
train_27087.png,MO
train_19486.png,SNE
train_18163.png,LY
train_09407.png,LY
train_10179.png,MO
train_26005.png,LY
train_00001.png,LY
train_19483.png,LY
train_08617.png,SNE
train_19112.png,SNE
train_19852.png,SNE
train_22470.png,SNE
train_28545.png,SNE
train_26685.png,SNE
train_18027.png,SNE
train_07673.png,SNE
train_12169.png,MO
train_13004.png,LY
train_25891.png,BL
train_09438.png,SNE
train_21573.png,SNE
train_06110.png,SNE
train_05668.png,LY
train_18933.png,EO
train_20039.png,VLY
train_22902.png,BL
train_20312.png,BNE
train_11948.png,LY
train_19773.png,MMY
train_25594.png,LY
train_21270.png,SNE
train_22434.png,PC
train_28408.png,MY
train_00890.png,LY
train_09611.png,MO
train_24531.png,LY
train_08117.png,MO
train_13720.png,SNE
train_05309.png,SNE
train_26334.png,LY
train_14382.png,BL
train_27759.png,SNE
train_23135.png,LY
train_02367.png,MO
train_09315.png,MO
train_24401.png,EO
train_04255.png,SNE
train_27941.png,LY
train_08504.png,SNE
train_00972.png,SNE
train_14472.png,VLY
train_07756.png,SNE
train_17244.png,LY
train_11957.png,SNE
train_22235.png,SNE
train_07981.png,SNE
train_10949.png,PC
train_11509.png,LY
train_02135.png,SNE
train_23935.png,SNE
train_07738.png,LY
train_21367.png,SNE
train_27772.png,SNE
train_22110.png,SNE
train_19927.png,SNE
train_01516.png,BL
train_20703.png,BL
train_12990.png,VLY
train_27894.png,SNE
train_01678.png,MO
train_09742.png,LY
train_23174.png,LY
train_10946.png,BL
train_02528.png,SNE
train_12085.png,SNE
train_23759.png,LY
train_15933.png,MO
train_23357.png,SNE
train_01102.png,SNE
train_12775.png,SNE
train_05167.png,LY
train_08921.png,MO
train_19456.png,LY
train_12940.png,SNE
train_10936.png,LY
train_28274.png,SNE
train_15681.png,LY
train_21574.png,SNE
train_05209.png,EO
train_05982.png,MMY
train_12196.png,SNE
train_09709.png,SNE
train_09177.png,BL
train_18664.png,SNE
train_01004.png,SNE
train_07743.png,SNE
train_10506.png,SNE
train_24861.png,SNE
train_20581.png,SNE
train_12451.png,MO
train_10008.png,SNE
train_07309.png,SNE
train_21083.png,SNE
train_19814.png,BNE
train_05224.png,SNE
train_03595.png,LY
train_16078.png,LY
train_04730.png,SNE
train_23930.png,SNE
train_04590.png,LY
train_21472.png,SNE
train_16465.png,MO
train_11543.png,SNE
train_06053.png,LY
train_18886.png,LY
train_19162.png,LY
train_13342.png,BL
train_04683.png,SNE
train_22347.png,LY
train_18528.png,SNE
train_21006.png,SNE
train_07152.png,SNE
train_20927.png,SNE
train_09305.png,LY
train_01305.png,SNE
train_27646.png,SNE
train_07825.png,EO
train_04733.png,MO
train_18747.png,BL
train_21678.png,SNE
train_03286.png,SNE
train_02410.png,LY
train_22874.png,SNE
train_19016.png,LY
train_03558.png,BL
train_08085.png,SNE
train_25604.png,SNE
train_27749.png,MY
train_10626.png,MO
train_18951.png,SNE
train_00720.png,LY
train_22002.png,MO
train_10200.png,SNE
train_11461.png,SNE
train_21530.png,SNE
train_17936.png,SNE
train_13210.png,SNE
train_27018.png,SNE
train_06688.png,LY
train_01283.png,VLY
train_21609.png,SNE
train_02393.png,SNE
train_04544.png,LY
train_25450.png,LY
train_06959.png,SNE
train_21133.png,SNE
train_25686.png,VLY
train_04069.png,LY
train_07708.png,SNE
train_26668.png,MO
train_05064.png,LY
train_11958.png,SNE
train_10977.png,SNE
train_20940.png,SNE
train_24681.png,SNE
train_10284.png,SNE
train_06624.png,SNE
train_15369.png,SNE
train_10960.png,LY
train_22125.png,SNE
train_09389.png,SNE
train_14366.png,SNE
train_05186.png,SNE
train_26697.png,SNE
train_14141.png,MMY
train_01549.png,LY
train_22157.png,BL
train_16027.png,SNE
train_13669.png,SNE
train_23997.png,LY
train_24207.png,SNE
train_08560.png,LY
train_22984.png,MO
train_24461.png,SNE
train_21907.png,SNE
train_22738.png,LY
train_27775.png,SNE
train_00747.png,SNE
train_25736.png,LY
train_10390.png,MO
train_25062.png,LY
train_21834.png,SNE
train_17273.png,LY
train_20691.png,SNE
train_00181.png,SNE
train_12592.png,LY
train_22398.png,LY
train_14965.png,BL
train_21729.png,MO
train_07628.png,SNE
train_20396.png,LY
train_28388.png,LY
train_23736.png,LY
train_05494.png,MO
train_07911.png,BL
train_07786.png,SNE
train_16506.png,SNE
train_01664.png,BL
train_11206.png,SNE
train_27293.png,LY
train_09202.png,LY
train_14227.png,BNE
train_21659.png,SNE
train_22066.png,LY
train_09914.png,LY
train_10792.png,MO
train_14693.png,LY
train_10712.png,SNE
train_24631.png,SNE
train_24649.png,MO
train_23381.png,SNE
train_12821.png,SNE
train_22355.png,BL
train_01423.png,SNE
train_27783.png,SNE
train_19715.png,SNE
train_23210.png,SNE
train_10651.png,SNE
train_06855.png,SNE
train_10351.png,SNE
train_23897.png,SNE
train_28625.png,SNE
train_05434.png,LY
train_22560.png,LY
train_07256.png,SNE
train_04790.png,SNE
train_20596.png,VLY
train_06056.png,MY
train_13287.png,MO
train_17593.png,MO
train_03620.png,SNE
train_03111.png,SNE
train_23635.png,SNE
train_16879.png,SNE
train_06453.png,LY
train_15365.png,LY
train_20107.png,LY
train_16024.png,SNE
train_28367.png,LY
train_05611.png,LY
train_05601.png,SNE
train_01150.png,SNE
train_08371.png,EO
train_23600.png,LY
train_11448.png,SNE
train_10321.png,SNE
train_03333.png,SNE
train_25751.png,SNE
train_21521.png,SNE
train_16227.png,SNE
train_22706.png,SNE
train_11517.png,LY
train_27620.png,LY
train_09821.png,SNE
train_09196.png,MO
train_08762.png,EO
train_07784.png,BA
train_15185.png,SNE
train_03863.png,SNE
train_14525.png,BL
train_14530.png,SNE
train_24584.png,SNE
train_10554.png,SNE
train_13179.png,LY
train_20593.png,SNE
train_17739.png,LY
train_16310.png,MMY
train_21981.png,SNE
train_19760.png,SNE
train_13516.png,LY
train_25146.png,LY
train_26272.png,SNE
train_22655.png,LY
train_02017.png,BL
train_28436.png,SNE
train_27396.png,LY
train_23145.png,LY
train_27727.png,MO
train_10950.png,SNE
train_05619.png,SNE
train_10572.png,SNE
train_10734.png,BL
train_14524.png,SNE
train_18953.png,BNE
train_21074.png,MMY
train_27578.png,SNE
train_06156.png,MO
train_15230.png,EO
train_14869.png,SNE
train_04149.png,SNE
train_04911.png,SNE
train_20742.png,LY
train_28504.png,LY
train_00950.png,MO
train_26340.png,BL
train_15944.png,MO
train_05541.png,SNE
train_25120.png,LY
train_08096.png,SNE
train_02451.png,SNE
train_03160.png,MY
train_24357.png,SNE
train_06615.png,BL
train_20510.png,SNE
train_00234.png,BL
train_27085.png,SNE
train_18856.png,MMY
train_09385.png,SNE
train_22728.png,SNE
train_27861.png,BNE
train_02251.png,LY
train_18791.png,SNE
train_15859.png,SNE
train_05868.png,SNE
train_25338.png,BL
train_10814.png,SNE
train_11005.png,SNE
train_07434.png,SNE
train_06388.png,SNE
train_23596.png,SNE
train_04219.png,LY
train_21465.png,LY
train_13853.png,SNE
train_13589.png,SNE
train_05697.png,SNE
train_15106.png,MO
train_02087.png,LY
train_23270.png,BA
train_08239.png,SNE
train_17528.png,VLY
train_08505.png,LY
train_10169.png,MO
train_28710.png,LY
train_17251.png,LY
train_23013.png,SNE
train_17889.png,SNE
train_13626.png,LY
train_13591.png,SNE
train_12331.png,EO
train_05597.png,LY
train_03851.png,SNE
train_19397.png,SNE
train_11910.png,SNE
train_14561.png,BNE
train_08183.png,SNE
train_24793.png,LY
train_27411.png,BL
train_19396.png,SNE
train_15318.png,SNE
train_11660.png,SNE
train_05006.png,SNE
train_09729.png,MY
train_21489.png,MO
train_03308.png,LY
train_23149.png,LY
train_07106.png,SNE
train_26710.png,SNE
train_02757.png,BL
train_25763.png,MO
train_15782.png,MO
train_16376.png,LY
train_19224.png,SNE
train_11921.png,SNE
train_06047.png,LY
train_03531.png,LY
train_19919.png,SNE
train_04457.png,BL
train_07948.png,SNE
train_21130.png,SNE
train_20017.png,SNE
train_17068.png,LY
train_04958.png,SNE
train_02993.png,SNE
train_04249.png,MMY
train_05303.png,LY
train_02776.png,SNE
train_20849.png,SNE
train_27049.png,BNE
train_16539.png,LY
train_01062.png,LY
train_17412.png,SNE
train_28227.png,BA
train_08844.png,MO
train_19144.png,SNE
train_27275.png,MMY
train_11671.png,LY
train_27029.png,EO
train_24098.png,LY
train_26437.png,SNE
train_20531.png,LY
train_16470.png,SNE
train_18527.png,SNE
train_06403.png,MO
train_11897.png,LY
train_28450.png,LY
train_21719.png,LY
train_18391.png,LY
train_20992.png,SNE
train_14926.png,LY
train_08569.png,BA
train_22668.png,SNE
train_10640.png,BA
train_27928.png,SNE
train_19529.png,SNE
train_24075.png,LY
train_08798.png,BL
train_08032.png,SNE
train_25801.png,BNE
train_02701.png,EO
train_20027.png,SNE
train_07674.png,SNE
train_01143.png,EO
train_14135.png,SNE
train_10938.png,MO
train_19223.png,LY
train_25300.png,SNE
train_10312.png,VLY
train_11068.png,VLY
train_19588.png,SNE
train_15305.png,MMY
train_05423.png,SNE
train_15579.png,BL
train_18099.png,SNE
train_27167.png,LY
train_04488.png,SNE
train_18719.png,SNE
train_12423.png,MY
train_26640.png,EO
train_03099.png,LY
train_05635.png,SNE
train_28204.png,MO
train_16693.png,BA
train_19591.png,SNE
train_02616.png,SNE
train_01008.png,SNE
train_28489.png,SNE
train_01265.png,MO
train_03821.png,SNE
train_14712.png,LY
train_14470.png,MO
train_06797.png,LY
train_12910.png,SNE
train_01343.png,SNE
train_25481.png,LY
train_22600.png,BL
train_11587.png,LY
train_00952.png,LY
train_07620.png,LY
train_28179.png,LY
train_00459.png,LY
train_13527.png,LY
train_04423.png,MY
train_28676.png,MO
train_22788.png,MO
train_11222.png,SNE
train_18498.png,SNE
train_10164.png,MO
train_19464.png,SNE
train_14270.png,MO
train_13775.png,SNE
train_20327.png,SNE
train_01499.png,SNE
train_17053.png,EO
train_10622.png,SNE
train_04587.png,SNE
train_06319.png,BL
train_14922.png,LY
train_21547.png,SNE
train_28823.png,SNE
train_01748.png,SNE
train_13046.png,SNE
train_00313.png,LY
train_22226.png,BL
train_11817.png,LY
train_10574.png,MMY
train_17766.png,SNE
train_11737.png,SNE
train_19748.png,BL
train_23028.png,LY
train_22054.png,MO
train_08430.png,LY
train_22076.png,SNE
train_00766.png,LY
train_27091.png,SNE
train_23206.png,SNE
train_01577.png,SNE
train_21490.png,BA
train_12344.png,SNE
train_16363.png,MO
train_28727.png,LY
train_10553.png,LY
train_11721.png,EO
train_27425.png,SNE
train_23952.png,LY
train_19753.png,SNE
train_26705.png,LY
train_09738.png,SNE
train_07275.png,LY
train_03464.png,SNE
train_00733.png,SNE
train_11118.png,LY
train_24983.png,MO
train_08588.png,PMY
train_16221.png,SNE
train_07241.png,SNE
train_23098.png,LY
train_11612.png,SNE
train_27344.png,EO
train_10581.png,LY
train_16667.png,SNE
train_10434.png,SNE
train_01927.png,MO
train_21553.png,BL
train_15456.png,BL
train_19656.png,BL
train_06232.png,SNE
train_01551.png,SNE
train_17427.png,MO
train_22150.png,SNE
train_27898.png,SNE
train_25082.png,MO
train_21078.png,LY
train_18841.png,VLY
train_21575.png,LY
train_25845.png,SNE
train_11408.png,SNE
train_14378.png,MO
train_13766.png,SNE
train_00662.png,SNE
train_18644.png,SNE
train_07036.png,LY
train_23476.png,LY
train_06665.png,LY
train_13948.png,SNE
train_28637.png,SNE
train_08213.png,EO
train_18694.png,SNE
train_25749.png,LY
train_08271.png,BA
train_23921.png,SNE
train_13249.png,LY
train_21938.png,MY
train_13365.png,SNE
train_23848.png,SNE
train_20777.png,LY
train_07052.png,LY
train_08689.png,MO
train_03298.png,BL
train_09853.png,SNE
train_07056.png,LY
train_07836.png,SNE
train_04569.png,LY
train_25339.png,MY
train_18185.png,SNE
train_26527.png,SNE
train_20145.png,BNE
train_18783.png,SNE
train_21219.png,SNE
train_18370.png,SNE
train_19847.png,SNE
train_01329.png,SNE
train_20983.png,SNE
train_01311.png,SNE
train_10081.png,SNE
train_12926.png,SNE
train_08464.png,MY
train_28866.png,BL
train_23872.png,SNE
train_26161.png,SNE
train_12125.png,SNE
train_28019.png,SNE
train_05744.png,SNE
train_14492.png,LY
train_17315.png,BL
train_18356.png,BL
train_17966.png,SNE
train_17636.png,LY
train_01490.png,SNE
train_18717.png,SNE
train_06873.png,LY
train_17399.png,EO
train_01657.png,LY
train_00299.png,SNE
train_20684.png,LY
train_27176.png,SNE
train_04184.png,SNE
train_09063.png,SNE
train_14657.png,VLY
train_12174.png,SNE
train_24400.png,SNE
train_27320.png,LY
train_08429.png,SNE
train_21448.png,SNE
train_19804.png,MO
train_00622.png,SNE
train_28741.png,LY
train_00085.png,BL
train_16286.png,LY
train_14459.png,LY
train_00252.png,BL
train_26752.png,BA
train_20095.png,SNE
train_11634.png,SNE
train_20713.png,SNE
train_16802.png,BL
train_18718.png,SNE
train_21548.png,MMY
train_16664.png,BL
train_24698.png,SNE
train_16622.png,MO
train_23053.png,LY
train_16769.png,SNE
train_02197.png,LY
train_23362.png,BL
train_22735.png,SNE
train_26207.png,LY
train_03750.png,MY
train_22459.png,SNE
train_27039.png,SNE
train_21475.png,LY
train_08004.png,SNE
train_13607.png,SNE
train_02345.png,SNE
train_27589.png,LY
train_00417.png,SNE
train_07691.png,SNE
train_02584.png,SNE
train_00063.png,SNE
train_26984.png,LY
train_21790.png,LY
train_10567.png,SNE
train_13086.png,LY
train_10743.png,MY
train_24798.png,SNE
train_21441.png,SNE
train_02428.png,LY
train_13273.png,SNE
train_17625.png,LY
train_17631.png,SNE
train_18503.png,LY
train_25352.png,SNE
train_22701.png,LY
train_14572.png,MY
train_16145.png,MO
train_05889.png,SNE
train_13880.png,SNE
train_12211.png,SNE
train_15079.png,SNE
train_21698.png,SNE
train_08728.png,MO
train_02035.png,LY
train_03149.png,LY
train_26194.png,SNE
train_14173.png,MO
train_12266.png,LY
train_09808.png,SNE
train_26022.png,SNE
train_14014.png,SNE
train_14658.png,SNE
train_07624.png,SNE
train_08918.png,LY
train_27090.png,SNE
train_15608.png,MO
train_26254.png,SNE
train_27493.png,LY
train_11261.png,SNE
train_13510.png,SNE
train_06527.png,MY
train_21588.png,SNE
train_26386.png,MO
train_22649.png,SNE
train_16473.png,SNE
train_24409.png,LY
train_14093.png,LY
train_00461.png,SNE
train_12765.png,SNE
train_16328.png,SNE
train_11914.png,LY
train_16695.png,LY
train_17987.png,SNE
train_06933.png,LY
train_23920.png,SNE
train_22993.png,MY
train_09798.png,SNE
train_00151.png,SNE
train_11164.png,LY
train_07819.png,SNE
train_00770.png,LY
train_27045.png,MMY
train_00859.png,SNE
train_21842.png,EO
train_11827.png,LY
train_23108.png,BA
train_26887.png,SNE
train_04987.png,SNE
train_03697.png,SNE
train_20603.png,LY
train_23072.png,SNE
train_08969.png,SNE
train_01134.png,LY
train_14341.png,SNE
train_16367.png,SNE
train_28611.png,VLY
train_26171.png,EO
train_21807.png,BA
train_10973.png,MO
train_10463.png,LY
train_01153.png,SNE
train_27405.png,LY
train_21571.png,LY
train_08297.png,SNE
train_26196.png,SNE
train_09648.png,SNE
train_21440.png,SNE
train_05225.png,LY
train_17146.png,SNE
train_09153.png,LY
train_27709.png,SNE
train_06396.png,SNE
train_13155.png,SNE
train_23043.png,SNE
train_26647.png,VLY
train_24782.png,SNE
train_28485.png,LY
train_13419.png,BNE
train_03828.png,BL
train_08379.png,SNE
train_14311.png,LY
train_14006.png,LY
train_26589.png,SNE
train_20632.png,SNE
train_14352.png,SNE
train_16002.png,SNE
train_21437.png,SNE
train_07894.png,SNE
train_26163.png,LY
train_20232.png,SNE
train_07310.png,LY
train_18895.png,SNE
train_07529.png,SNE
train_12155.png,SNE
train_17754.png,BL
train_27407.png,EO
train_18016.png,SNE
train_03392.png,SNE
train_15198.png,MO
train_25187.png,SNE
train_22273.png,SNE
train_26812.png,SNE
train_10267.png,SNE
train_06244.png,BNE
train_11786.png,BL
train_17837.png,LY
train_15181.png,SNE
train_17035.png,SNE
train_26023.png,LY
train_07499.png,LY
train_26573.png,SNE
train_27012.png,SNE
train_08419.png,LY
train_15289.png,SNE
train_17010.png,SNE
train_19593.png,LY
train_14400.png,MO
train_18724.png,MO
train_24293.png,LY
train_13149.png,LY
train_02499.png,SNE
train_03645.png,BL
train_01734.png,SNE
train_10071.png,LY
train_09713.png,SNE
train_19719.png,EO
train_16110.png,BL
train_17138.png,MO
train_00768.png,LY
train_21841.png,LY
train_19856.png,MMY
train_15401.png,MO
train_22281.png,SNE
train_28795.png,MO
train_17922.png,LY
train_15779.png,LY
train_08686.png,SNE
train_26354.png,LY
train_21781.png,LY
train_26824.png,SNE
train_14611.png,SNE
train_14081.png,SNE
train_26601.png,MO
train_05274.png,SNE
train_12485.png,SNE
train_21885.png,MO
train_00618.png,LY
train_08241.png,BL
train_25816.png,SNE
train_07026.png,SNE
train_25904.png,SNE
train_16362.png,LY
train_20491.png,BL
train_26657.png,BL
train_18194.png,BA
train_03945.png,LY
train_19758.png,LY
train_08275.png,LY
train_25889.png,SNE
train_09003.png,SNE
train_15172.png,LY
train_12068.png,EO
train_18625.png,MO
train_27721.png,LY
train_11930.png,MY
train_12759.png,SNE
train_16408.png,SNE
train_23980.png,SNE
train_27159.png,SNE
train_09673.png,BL
train_19086.png,SNE
train_12711.png,MO
train_02362.png,SNE
train_07715.png,SNE
train_19228.png,SNE
train_23707.png,LY
train_21316.png,SNE
train_09384.png,SNE
train_27258.png,MO
train_22570.png,SNE
train_12948.png,SNE
train_01616.png,BL
train_15310.png,SNE
train_01881.png,SNE
train_05332.png,LY
train_19662.png,SNE
train_27634.png,EO
train_26892.png,LY
train_15953.png,SNE
train_22581.png,MO
train_24758.png,SNE
train_16694.png,SNE
train_11978.png,LY
train_06647.png,LY
train_20311.png,BL
train_19450.png,SNE
train_11998.png,SNE
train_07881.png,SNE
train_12428.png,PMY
train_20848.png,LY
train_03468.png,MO
train_04467.png,LY
train_25701.png,SNE
train_25967.png,LY
train_19820.png,LY
train_22229.png,SNE
train_12525.png,SNE
train_15577.png,SNE
train_05153.png,LY
train_17611.png,LY
train_24011.png,SNE
train_19700.png,SNE
train_01930.png,LY
train_06793.png,BL
train_27705.png,BA
train_06208.png,LY
train_27471.png,SNE
train_15073.png,MMY
train_04476.png,BL
train_13653.png,MO
train_12299.png,BL
train_10491.png,LY
train_00381.png,BL
train_02597.png,SNE
train_01618.png,MO
train_00409.png,SNE
train_28876.png,LY
train_16673.png,SNE
train_20151.png,SNE
train_19169.png,SNE
train_06248.png,SNE
train_19182.png,LY
train_10850.png,SNE
train_21338.png,SNE
train_25965.png,SNE
train_23317.png,LY
train_04814.png,MO
train_17473.png,SNE
train_05439.png,SNE
train_24680.png,SNE
train_08711.png,LY
train_10598.png,LY
train_09573.png,LY
train_24616.png,LY
train_21086.png,SNE
train_15801.png,SNE
train_27859.png,LY
train_06988.png,BL
train_00664.png,BA
train_11959.png,LY
train_25041.png,SNE
train_19467.png,LY
train_04274.png,SNE
train_13261.png,MO
train_24102.png,SNE
train_10537.png,LY
train_11561.png,BL
train_16331.png,LY
train_01831.png,LY
train_00788.png,MY
train_09795.png,LY
train_09049.png,LY
train_28010.png,LY
train_24192.png,MO
train_22185.png,LY
train_01250.png,SNE
train_17865.png,MY
train_12244.png,SNE
train_07736.png,SNE
train_25713.png,SNE
train_12442.png,MO
train_04932.png,MMY
train_27044.png,EO
train_22124.png,LY
train_10414.png,LY
train_12124.png,SNE
train_19122.png,SNE
train_00924.png,BL
train_13678.png,PMY
train_13549.png,SNE
train_19280.png,LY
train_25492.png,LY
train_24738.png,MMY
train_12064.png,SNE
train_02493.png,SNE
train_21770.png,LY
train_12732.png,SNE
train_14105.png,MO
train_17967.png,LY
train_01948.png,BL
train_07684.png,LY
train_01742.png,LY
train_20803.png,LY
train_04669.png,LY
train_06440.png,SNE
train_14952.png,VLY
train_09224.png,MO
train_04288.png,SNE
train_13608.png,BNE
train_19334.png,SNE
train_22262.png,SNE
train_17205.png,MMY
train_16727.png,MY
train_04921.png,VLY
train_27229.png,SNE
train_14733.png,SNE
train_13267.png,SNE
train_08446.png,MO
train_20726.png,LY
train_26407.png,LY
train_11568.png,SNE
train_24807.png,LY
train_08906.png,SNE
train_28395.png,SNE
train_10638.png,SNE
train_22352.png,SNE
train_01045.png,BL
train_03182.png,LY
train_02311.png,MO
train_21113.png,SNE
train_22421.png,SNE
train_02189.png,SNE
train_25689.png,LY
train_25687.png,LY
train_24689.png,SNE
train_28024.png,LY
train_21200.png,MO
train_09320.png,LY
train_01531.png,LY
train_09282.png,SNE
train_20431.png,SNE
train_01043.png,MO
train_19521.png,LY
train_13504.png,BNE
train_07534.png,SNE
train_00625.png,SNE
train_04874.png,BL
train_21320.png,SNE
train_02246.png,BNE
train_21303.png,LY
train_24985.png,SNE
train_15278.png,MY
train_13188.png,MO
train_02847.png,SNE
train_09541.png,SNE
train_02306.png,MO
train_08040.png,LY
train_03409.png,SNE
train_01947.png,SNE
train_13308.png,LY
train_03795.png,BL
train_09508.png,LY
train_01595.png,SNE
train_05025.png,MO
train_08079.png,SNE
train_04378.png,SNE
train_00722.png,SNE
train_25818.png,SNE
train_04106.png,LY
train_22128.png,LY
train_07238.png,SNE
train_21756.png,VLY
train_05551.png,SNE
train_09146.png,LY
train_11158.png,BL
train_15639.png,SNE
train_00399.png,SNE
train_05727.png,LY
train_20003.png,LY
train_05941.png,MO
train_17144.png,SNE
train_16157.png,LY
train_04542.png,SNE
train_03189.png,LY
train_05964.png,LY
train_04902.png,LY
train_16329.png,LY
train_00413.png,SNE
train_20920.png,LY
train_12844.png,BNE
train_09334.png,LY
train_24477.png,SNE
train_16352.png,PMY
train_24023.png,MO
train_24341.png,LY
train_10831.png,SNE
train_22827.png,MO
train_07815.png,MO
train_23823.png,LY
train_19658.png,SNE
train_01085.png,SNE
train_00686.png,LY
train_22995.png,MO
train_14500.png,LY
train_07167.png,SNE
train_01300.png,SNE
train_01275.png,MO
train_27731.png,MO
train_21677.png,SNE
train_11331.png,EO
train_12568.png,LY
train_21059.png,SNE
train_24746.png,LY
train_00110.png,SNE
train_22648.png,SNE
train_15762.png,SNE
train_22974.png,MO
train_08755.png,LY
train_02095.png,MO
train_05107.png,MO
train_06605.png,BA
train_13293.png,SNE
train_09275.png,SNE
train_10876.png,LY
train_10666.png,SNE
train_22544.png,SNE
train_09287.png,LY
train_09446.png,SNE
train_15959.png,EO
train_00395.png,SNE
train_26904.png,SNE
train_02890.png,SNE
train_12121.png,BA
train_05914.png,SNE
train_19956.png,SNE
train_02550.png,BL
train_25374.png,SNE
train_18973.png,BL
train_25707.png,VLY
train_01776.png,SNE
train_00699.png,BL
train_08787.png,LY
train_20959.png,LY
train_03076.png,SNE
train_01545.png,SNE
train_03161.png,LY
train_02164.png,SNE
train_18008.png,SNE
train_27035.png,MY
train_22832.png,SNE
train_05229.png,MO
train_10431.png,BL
train_10716.png,SNE
train_14349.png,MO
train_15026.png,SNE
train_06198.png,LY
train_12148.png,SNE
train_02845.png,SNE
train_11313.png,LY
train_16713.png,SNE
train_18801.png,SNE
train_11971.png,BNE
train_13069.png,SNE
train_08370.png,LY
train_00003.png,LY
train_27216.png,SNE
train_08139.png,LY
train_17971.png,SNE
train_22799.png,SNE
train_28046.png,LY
train_12220.png,LY
train_11256.png,BL
train_21453.png,SNE
train_03779.png,LY
train_27346.png,BNE
train_27526.png,LY
train_10683.png,EO
train_01260.png,SNE
train_06659.png,SNE
train_07807.png,SNE
train_04363.png,BL
train_00138.png,SNE
train_09865.png,SNE
train_05053.png,SNE
train_15160.png,LY
train_03931.png,LY
train_14931.png,MO
train_08162.png,SNE
train_22762.png,SNE
train_05498.png,LY
train_15368.png,SNE
train_23520.png,SNE
train_24206.png,MO
train_23924.png,EO
train_21839.png,LY
train_13922.png,LY
train_16260.png,MO
train_25839.png,BL
train_12663.png,SNE
train_13310.png,SNE
train_07496.png,LY
train_27483.png,LY
train_12533.png,LY
train_14195.png,MY
train_09887.png,SNE
train_13644.png,SNE
train_22760.png,MY
train_17423.png,LY
train_28819.png,SNE
train_03648.png,SNE
train_09238.png,SNE
train_00636.png,SNE
train_10889.png,SNE
train_17178.png,LY
train_07979.png,SNE
train_22550.png,LY
train_12666.png,SNE
train_06631.png,SNE
train_00368.png,SNE
train_17285.png,PC
train_14512.png,LY
train_26035.png,SNE
train_13745.png,BL
train_15672.png,EO
train_02278.png,LY
train_13011.png,SNE
train_00485.png,SNE
train_19102.png,MO
train_02995.png,SNE
train_00832.png,BNE
train_09724.png,SNE
train_00477.png,VLY
train_00575.png,SNE
train_06436.png,SNE
train_28180.png,LY
train_05066.png,LY
train_08633.png,LY
train_11992.png,LY
train_22664.png,SNE
train_05028.png,SNE
train_19787.png,BL
train_19849.png,LY
train_03382.png,SNE
train_22783.png,LY
train_04427.png,LY
train_23586.png,SNE
train_12190.png,LY
train_11065.png,SNE
train_12616.png,LY
train_06944.png,SNE
train_24101.png,SNE
train_02403.png,SNE
train_25810.png,SNE
train_25840.png,SNE
train_14152.png,LY
train_09152.png,SNE
train_10780.png,LY
train_16231.png,MO
train_15320.png,SNE
train_03362.png,SNE
train_22033.png,LY
train_23670.png,MMY
train_04935.png,LY
train_15606.png,MO
train_28110.png,MMY
train_09481.png,SNE
train_01321.png,SNE
train_22306.png,BL
train_14636.png,LY
train_26809.png,MO
train_03723.png,BL
train_28709.png,MO
train_18150.png,SNE
train_00015.png,VLY
train_15946.png,MO
train_17578.png,SNE
train_09095.png,SNE
train_07204.png,LY
train_05563.png,SNE
train_26990.png,SNE
train_28144.png,SNE
train_21966.png,SNE
train_03666.png,MO
train_22211.png,VLY
train_24996.png,SNE
train_23394.png,SNE
train_06795.png,LY
train_24621.png,SNE
train_17553.png,SNE
train_26736.png,BNE
train_03296.png,BL
train_08937.png,LY
train_12687.png,SNE
train_25098.png,MO
train_16057.png,SNE
train_11316.png,SNE
train_27214.png,SNE
train_27668.png,MMY
train_19915.png,LY
train_22779.png,SNE
train_08069.png,SNE
train_20113.png,LY
train_00995.png,SNE
train_00283.png,MO
train_20853.png,LY
train_07311.png,EO
train_26321.png,SNE
train_00265.png,SNE
train_08910.png,BL
train_04332.png,LY
train_17283.png,LY
train_20451.png,SNE
train_05482.png,LY
train_19845.png,SNE
train_05924.png,LY
train_22393.png,LY
train_17015.png,SNE
train_15373.png,SNE
train_28112.png,BNE
train_09120.png,SNE
train_06666.png,LY
train_27968.png,MO
train_01667.png,SNE
train_21030.png,LY
train_26313.png,MO
train_07080.png,MMY
train_12672.png,SNE
train_01061.png,LY
train_10547.png,LY
train_05896.png,SNE
train_22988.png,SNE
train_06450.png,LY
train_06682.png,LY
train_26016.png,SNE
train_03028.png,LY
train_23319.png,LY
train_21515.png,SNE
train_10322.png,MY
train_10549.png,EO
train_22759.png,BL
train_01234.png,LY
train_10384.png,SNE
train_10540.png,SNE
train_10466.png,MO
train_06903.png,MO
train_24730.png,LY
train_11711.png,SNE
train_13822.png,BNE
train_07862.png,LY
train_19813.png,SNE
train_08135.png,LY
train_21314.png,LY
train_16726.png,LY
train_00605.png,SNE
train_26499.png,LY
train_08291.png,SNE
train_18152.png,SNE
train_22637.png,MO
train_04929.png,LY
train_28839.png,LY
train_05497.png,SNE
train_08720.png,MO
train_17325.png,BL
train_24775.png,SNE
train_26112.png,SNE
train_15285.png,LY
train_04748.png,SNE
train_23011.png,SNE
train_25609.png,SNE
train_16140.png,SNE
train_26150.png,LY
train_28638.png,SNE
train_19802.png,SNE
train_20266.png,SNE
train_16453.png,LY
train_14157.png,LY
train_23992.png,SNE
train_02174.png,SNE
train_14973.png,LY
train_16883.png,SNE
train_09137.png,EO
train_15166.png,SNE
train_20605.png,LY
train_03240.png,LY
train_27423.png,MO
train_23103.png,SNE
train_22099.png,LY
train_08493.png,SNE
train_06970.png,SNE
train_12574.png,MO
train_09633.png,SNE
train_14651.png,SNE
train_26790.png,PMY
train_07898.png,BL
train_01480.png,LY
train_09377.png,SNE
train_21039.png,BL
train_23404.png,SNE
train_12737.png,LY
train_26295.png,EO
train_01474.png,LY
train_25552.png,SNE
train_03262.png,LY
train_04880.png,LY
train_06433.png,SNE
train_00650.png,SNE
train_13719.png,LY
train_18032.png,MY
train_04861.png,MO
train_18069.png,LY
train_21044.png,SNE
train_05909.png,SNE
train_00223.png,LY
train_10499.png,SNE
train_05834.png,SNE
train_13274.png,LY
train_00080.png,LY
train_24939.png,BNE
train_21596.png,MO
train_18100.png,LY
train_28751.png,SNE
train_16414.png,PMY
train_25220.png,LY
train_22132.png,SNE
train_07374.png,LY
train_23547.png,LY
train_08247.png,LY
train_09931.png,LY
train_11223.png,BL
train_02624.png,LY
train_04597.png,BNE
train_14655.png,BNE
train_08041.png,LY
train_09222.png,LY
train_18129.png,SNE
train_04411.png,LY
train_00877.png,SNE
train_22944.png,SNE
train_11963.png,SNE
train_10568.png,SNE
train_24562.png,SNE
train_15193.png,LY
train_16015.png,MY
train_17932.png,LY
train_01235.png,SNE
train_11967.png,LY
train_19889.png,SNE
train_17623.png,BL
train_21067.png,EO
train_27935.png,BA
train_12688.png,LY
train_13767.png,BL
train_01658.png,SNE
train_01918.png,SNE
train_02330.png,SNE
train_01953.png,SNE
train_18586.png,BA
train_11348.png,SNE
train_22583.png,SNE
train_01754.png,SNE
train_14443.png,MO
train_05062.png,LY
train_20609.png,SNE
train_19759.png,SNE
train_18228.png,BL
train_05403.png,SNE
train_26973.png,LY
train_15685.png,MO
train_21347.png,LY
train_28814.png,SNE
train_16409.png,SNE
train_03126.png,MO
train_16519.png,SNE
train_08357.png,LY
train_06002.png,VLY
train_15279.png,EO
train_00978.png,SNE
train_09734.png,EO
train_12947.png,BA
train_03878.png,SNE
train_16389.png,VLY
train_06259.png,LY
train_06274.png,SNE
train_20534.png,SNE
train_13715.png,MO
train_01404.png,SNE
train_08716.png,LY
train_19873.png,SNE
train_00763.png,LY
train_21414.png,SNE
train_08930.png,SNE
train_04481.png,SNE
train_16807.png,MO
train_00843.png,SNE
train_04024.png,SNE
train_19168.png,LY
train_26281.png,BL
train_12999.png,LY
train_25629.png,SNE
train_10958.png,SNE
train_09199.png,LY
train_02166.png,MO
train_08533.png,SNE
train_22402.png,SNE
train_18654.png,PC
train_23790.png,SNE
train_27040.png,BL
train_10464.png,SNE
train_08230.png,SNE
train_23429.png,EO
train_12720.png,SNE
train_07941.png,LY
train_09283.png,SNE
train_26538.png,SNE
train_15523.png,BL
train_03497.png,LY
train_26922.png,LY
train_12217.png,SNE
train_26225.png,SNE
train_11335.png,SNE
train_05076.png,MO
train_16778.png,SNE
train_25336.png,LY
train_22766.png,SNE
train_18401.png,SNE
train_08471.png,BL
train_03532.png,LY
train_19238.png,MO
train_13275.png,LY
train_19026.png,BL
train_18477.png,SNE
train_15555.png,LY
train_07794.png,SNE
train_19057.png,BL
train_24884.png,LY
train_16431.png,MO
train_19099.png,BL
train_19303.png,SNE
train_03765.png,LY
train_20686.png,LY
train_19382.png,PMY
train_25277.png,BL
train_06269.png,LY
train_16877.png,LY
train_08611.png,SNE
train_12035.png,LY
train_04365.png,LY
train_24956.png,EO
train_14845.png,LY
train_05082.png,EO
train_10025.png,SNE
train_20624.png,SNE
train_06176.png,LY
train_01488.png,LY
train_17849.png,BL
train_02501.png,SNE
train_04202.png,LY
train_13366.png,BL
train_02946.png,SNE
train_04478.png,SNE
train_07103.png,SNE
train_28557.png,LY
train_05119.png,EO
train_11469.png,VLY
train_15091.png,SNE
train_09879.png,BL
train_03594.png,MO
train_20712.png,LY
train_18853.png,LY
train_10124.png,SNE
train_12632.png,LY
train_02348.png,VLY
train_13520.png,SNE
train_11525.png,SNE
train_02235.png,SNE
train_21920.png,SNE
train_09431.png,SNE
train_00631.png,EO
train_07980.png,BNE
train_00830.png,VLY
train_15488.png,LY
train_14336.png,SNE
train_25348.png,LY
train_26837.png,EO
train_25376.png,SNE
train_22627.png,LY
train_17298.png,SNE
train_00075.png,SNE
train_18811.png,BA
train_01773.png,SNE
train_26533.png,LY
train_26671.png,LY
train_20888.png,MO
train_07634.png,MY
train_07493.png,SNE
train_25995.png,SNE
train_04643.png,EO
train_20175.png,BL
train_04089.png,SNE
train_16511.png,VLY
train_01897.png,SNE
train_06609.png,MO
train_15179.png,LY
train_09816.png,SNE
train_01599.png,SNE
train_18235.png,MY
train_19232.png,SNE
train_04244.png,LY
train_23358.png,SNE
train_12850.png,MY
train_22787.png,MO
train_14169.png,MO
train_18667.png,LY
train_09021.png,MO
train_20413.png,BL
train_26513.png,SNE
train_08962.png,SNE
train_05952.png,SNE
train_08385.png,LY
train_28858.png,LY
train_27816.png,SNE
train_15501.png,SNE
train_26631.png,SNE
train_17518.png,SNE
train_15054.png,SNE
train_06009.png,SNE
train_20190.png,SNE
train_16391.png,SNE
train_02083.png,MO
train_20704.png,LY
train_27137.png,LY
train_20155.png,LY
train_21227.png,LY
train_08881.png,LY
train_12882.png,LY
train_10361.png,BL
train_11712.png,LY
train_01080.png,LY
train_15302.png,LY
train_07364.png,BL
train_27735.png,MY
train_17803.png,SNE
train_26420.png,SNE
train_21606.png,SNE
train_06145.png,LY
train_13879.png,LY
train_15135.png,SNE
train_25640.png,LY
train_14685.png,SNE
train_25726.png,SNE
train_28114.png,LY
train_21899.png,SNE
train_05603.png,LY
train_02525.png,SNE
train_25771.png,SNE
train_08763.png,SNE
train_18710.png,MY
train_02925.png,SNE
train_03357.png,LY
train_28324.png,SNE
train_21870.png,MO
train_26813.png,VLY
train_04583.png,MY
train_02365.png,SNE
train_03016.png,BL
train_12133.png,LY
train_11383.png,LY
train_01580.png,LY
train_08129.png,SNE
train_22558.png,LY
train_21292.png,LY
train_04826.png,LY
train_08104.png,SNE
train_01654.png,SNE
train_16235.png,SNE
train_11470.png,LY
train_10299.png,SNE
train_22095.png,SNE
train_03104.png,LY
train_19093.png,SNE
train_02800.png,SNE
train_26117.png,LY
train_17155.png,VLY
train_22852.png,SNE
train_20148.png,LY
train_20598.png,BL
train_16550.png,LY
train_07559.png,LY
train_08047.png,PMY
train_07497.png,MO
train_15646.png,LY
train_04031.png,LY
train_19741.png,LY
train_21921.png,MO
train_15840.png,SNE
train_02562.png,LY
train_18776.png,BL
train_05629.png,SNE
train_00270.png,SNE
train_17533.png,LY
train_23211.png,BL
train_13115.png,SNE
train_07207.png,BNE
train_15701.png,LY
train_18077.png,EO
train_09461.png,LY
train_04281.png,SNE
train_26735.png,SNE
train_19877.png,PLY
train_24323.png,MO
train_14828.png,SNE
train_25424.png,SNE
train_11655.png,LY
train_02738.png,LY
train_08307.png,BL
train_09259.png,SNE
train_07697.png,LY
train_00230.png,LY
train_15394.png,SNE
train_02551.png,LY
train_04277.png,MMY
train_16752.png,SNE
train_09531.png,MO
train_01494.png,SNE
train_18843.png,SNE
train_10146.png,SNE
train_28150.png,LY
train_26633.png,LY
train_16750.png,EO
train_26075.png,SNE
train_03127.png,LY
train_01385.png,BNE
train_01358.png,SNE
train_24402.png,SNE
train_12231.png,SNE
train_28739.png,LY
train_17443.png,SNE
train_15142.png,SNE
train_16084.png,SNE
train_00658.png,SNE
train_26214.png,MO
train_13702.png,BNE
train_09006.png,LY
train_11625.png,SNE
train_07827.png,LY
train_16732.png,MO
train_11601.png,BL
train_15120.png,BL
train_07607.png,EO
train_00756.png,MO
train_11636.png,SNE
train_12928.png,MO
train_17550.png,LY
train_21794.png,MO
train_21024.png,SNE
train_09916.png,MO
train_02155.png,LY
train_15913.png,BL
train_05935.png,LY
train_09366.png,SNE
train_04876.png,LY
train_12326.png,LY
train_15255.png,MO
train_14255.png,VLY
train_00101.png,SNE
train_15328.png,LY
train_05400.png,MO
train_25466.png,MMY
train_07814.png,SNE
train_12913.png,SNE
train_24034.png,SNE
train_19301.png,BL
train_10916.png,SNE
train_01154.png,LY
train_15131.png,LY
train_08152.png,SNE
train_13109.png,MO
train_16592.png,BL
train_12545.png,BL
train_24762.png,LY
train_15592.png,BL
train_24991.png,MO
train_03886.png,SNE
train_08322.png,SNE
train_26289.png,SNE
train_17700.png,LY
train_16859.png,BA
train_16722.png,LY
train_21733.png,BNE
train_01973.png,SNE
train_07303.png,LY
train_05115.png,LY
train_22401.png,LY
train_13717.png,SNE
train_22407.png,LY
train_15277.png,SNE
train_23511.png,VLY
train_02220.png,SNE
train_09206.png,SNE
train_03804.png,LY
train_10202.png,SNE
train_07132.png,SNE
train_21895.png,SNE
train_04952.png,SNE
train_06792.png,SNE
train_00221.png,MO
train_13033.png,LY
train_16448.png,MO
train_28237.png,SNE
train_20688.png,LY
train_07039.png,SNE
train_20034.png,SNE
train_17317.png,VLY
train_21242.png,BL
train_07324.png,LY
train_12782.png,LY
train_26506.png,MO
train_03716.png,SNE
train_14446.png,BL
train_16929.png,LY
train_01184.png,BL
train_12603.png,LY
train_11373.png,SNE
train_02130.png,BL
train_16009.png,LY
train_04422.png,SNE
train_03175.png,BL
train_05526.png,EO
train_15294.png,SNE
train_00676.png,LY
train_17137.png,LY
train_01123.png,EO
train_26667.png,BL
train_08989.png,LY
train_22898.png,LY
train_02402.png,LY
train_01992.png,LY
train_14392.png,SNE
train_26138.png,MO
train_26998.png,SNE
train_25518.png,MY
train_09834.png,SNE
train_00692.png,BL
train_01413.png,LY
train_24283.png,LY
train_06349.png,SNE
train_04033.png,LY
train_01052.png,SNE
train_21866.png,SNE
train_26885.png,MO
train_23467.png,LY
train_07331.png,BL
train_23354.png,LY
train_23389.png,SNE
train_13568.png,LY
train_14241.png,BL
train_02731.png,MO
train_11919.png,SNE
train_03185.png,MO
train_18616.png,SNE
train_13381.png,SNE
train_08438.png,MO
train_26192.png,LY
train_04066.png,SNE
train_09778.png,LY
train_17537.png,LY
train_14998.png,SNE
train_09132.png,SNE
train_03226.png,MO
train_00185.png,SNE
train_21814.png,SNE
train_05017.png,SNE
train_23283.png,BA
train_13792.png,LY
train_16663.png,MY
train_12342.png,SNE
train_21997.png,MO
train_00415.png,SNE
train_27792.png,SNE
train_24247.png,SNE
train_06246.png,SNE
train_07535.png,MO
train_19739.png,SNE
train_07260.png,MO
train_07228.png,SNE
train_27887.png,SNE
train_00036.png,MO
train_28499.png,SNE
train_15260.png,SNE
train_21406.png,SNE
train_10300.png,SNE
train_15237.png,LY
train_12408.png,BA
train_06486.png,SNE
train_17441.png,SNE
train_14487.png,SNE
train_14940.png,LY
train_01022.png,VLY
train_15594.png,SNE
train_03555.png,SNE
train_23880.png,LY
train_14639.png,SNE
train_20071.png,SNE
train_22603.png,SNE
train_04873.png,SNE
train_05495.png,LY
train_09639.png,SNE
train_26057.png,MO
train_17881.png,BL
train_24484.png,LY
train_27107.png,SNE
train_20506.png,BNE
train_14575.png,LY
train_08000.png,LY
train_00907.png,LY
train_23703.png,SNE
train_03548.png,LY
train_08398.png,BNE
train_10488.png,LY
train_26362.png,EO
train_05911.png,MMY
train_08174.png,LY
train_12131.png,LY
train_25489.png,BL
train_22445.png,SNE
train_02934.png,SNE
train_04623.png,MO
train_23115.png,BL
train_17280.png,MO
train_03369.png,SNE
train_05698.png,MO
train_04577.png,LY
train_16733.png,LY
train_03052.png,PMY
train_08417.png,LY
train_20314.png,SNE
train_14506.png,SNE
train_09552.png,LY
train_22869.png,SNE
train_21101.png,SNE
train_15129.png,SNE
train_07717.png,SNE
train_19485.png,SNE
train_25793.png,SNE
train_17722.png,LY
train_27465.png,LY
train_03493.png,SNE
train_10448.png,LY
train_15943.png,SNE
train_04294.png,LY
train_09791.png,SNE
train_07923.png,LY
train_11754.png,SNE
train_19090.png,LY
train_25727.png,LY
train_04008.png,LY
train_21250.png,LY
train_05539.png,MY
train_15906.png,SNE
train_19767.png,SNE
train_03485.png,LY
train_17186.png,SNE
train_12260.png,SNE
train_12179.png,MO
train_12166.png,SNE
train_24313.png,SNE
train_25453.png,SNE
train_23329.png,EO
train_07192.png,MO
train_26390.png,SNE
train_10001.png,LY
train_25869.png,SNE
train_15125.png,LY
train_20915.png,SNE
train_23887.png,MY
train_23858.png,LY
train_16768.png,MO
train_19701.png,EO
train_16044.png,SNE
train_21457.png,LY
train_00337.png,SNE
train_10538.png,LY
train_22545.png,BNE
train_20862.png,SNE
train_07307.png,LY
train_19179.png,LY
train_28087.png,SNE
train_13330.png,SNE
train_11868.png,SNE
train_01615.png,SNE
train_27410.png,LY
train_21579.png,BNE
train_26814.png,SNE
train_18089.png,SNE
train_25978.png,LY
train_09084.png,LY
train_22241.png,LY
train_11714.png,MO
train_15263.png,LY
train_26713.png,VLY
train_26707.png,SNE
train_05508.png,SNE
train_03957.png,SNE
train_18685.png,MO
train_13272.png,SNE
train_18570.png,MMY
train_25076.png,LY
train_02452.png,SNE
train_24024.png,SNE
train_27209.png,LY
train_27823.png,SNE
train_13393.png,SNE
train_18662.png,SNE
train_00259.png,SNE
train_23102.png,LY
train_10455.png,LY
train_18232.png,LY
train_11119.png,MO
train_16205.png,SNE
train_25362.png,EO
train_02456.png,LY
train_27710.png,SNE
train_19137.png,LY
train_01795.png,SNE
train_24393.png,LY
train_10117.png,LY
train_15897.png,SNE
train_02124.png,LY
train_03235.png,LY
train_16066.png,BNE
train_16569.png,MO
train_15018.png,LY
train_06929.png,SNE
train_15595.png,LY
train_14598.png,SNE
train_15149.png,VLY
train_21245.png,BL
train_12046.png,BNE
train_12153.png,LY
train_11696.png,SNE
train_23574.png,MY
train_00887.png,SNE
train_16062.png,LY
train_19096.png,MO
train_21670.png,SNE
train_21744.png,SNE
train_25438.png,LY
train_19427.png,SNE
train_15134.png,LY
train_17709.png,SNE
train_24623.png,SNE
train_07908.png,LY
train_14343.png,LY
train_03897.png,SNE
train_21389.png,SNE
train_01196.png,LY
train_22594.png,LY
train_14960.png,LY
train_03529.png,SNE
train_09136.png,EO
train_17018.png,SNE
train_18929.png,SNE
train_23824.png,SNE
train_10010.png,BL
train_21908.png,SNE
train_20181.png,MO
train_24948.png,BL
train_21037.png,SNE
train_08636.png,SNE
train_23445.png,BL
train_11252.png,MO
train_07058.png,BL
train_04178.png,SNE
train_08107.png,SNE
train_12444.png,SNE
train_10486.png,SNE
train_03342.png,SNE
train_01641.png,EO
train_24574.png,LY
train_14949.png,SNE
train_18323.png,SNE
train_11567.png,SNE
train_11104.png,SNE
train_18831.png,SNE
train_12346.png,SNE
train_08637.png,LY
train_02535.png,SNE
train_14691.png,MY
train_19633.png,SNE
train_16944.png,BA
train_16278.png,MO
train_28313.png,SNE
train_08996.png,LY
train_22765.png,SNE
train_13533.png,BL
train_12296.png,SNE
train_15383.png,SNE
train_00565.png,LY
train_10975.png,EO
train_27152.png,LY
train_28703.png,SNE
train_18169.png,MY
train_10834.png,LY
train_12713.png,EO
train_12751.png,SNE
train_13612.png,EO
train_25697.png,SNE
train_12542.png,BL
train_24740.png,SNE
train_28095.png,LY
train_07202.png,BL
train_00401.png,LY
train_05691.png,BA
train_15283.png,SNE
train_14502.png,MO
train_22318.png,LY
train_04354.png,LY
train_10158.png,SNE
train_15541.png,BL
train_27052.png,MO
train_01055.png,MO
train_26652.png,BA
train_06218.png,MO
train_19174.png,LY
train_17267.png,BL
train_00463.png,MMY
train_01006.png,MO
train_22004.png,SNE
train_23237.png,VLY
train_05059.png,LY
train_01023.png,SNE
train_00240.png,SNE
train_06875.png,SNE
train_17718.png,LY
train_15851.png,SNE
train_14140.png,MY
train_17714.png,MO
train_10783.png,BL
train_02708.png,MY
train_14991.png,MY
train_18442.png,BL
train_13163.png,LY
train_12647.png,BNE
train_06620.png,MO
train_25312.png,SNE
train_21666.png,LY
train_28679.png,SNE
train_21455.png,LY
train_17442.png,SNE
train_22461.png,BL
train_09100.png,SNE
train_21014.png,SNE
train_22428.png,SNE
train_27623.png,SNE
train_07998.png,LY
train_23417.png,LY
train_22565.png,LY
train_01220.png,LY
train_15478.png,SNE
train_08670.png,SNE
train_13436.png,LY
train_13169.png,SNE
train_05270.png,SNE
train_07811.png,LY
train_05682.png,SNE
train_09593.png,SNE
train_27422.png,SNE
train_24319.png,SNE
train_03769.png,LY
train_23996.png,MO
train_28013.png,SNE
train_26067.png,MO
train_01913.png,SNE
train_01087.png,LY
train_05742.png,EO
train_19221.png,SNE
train_17009.png,SNE
train_04900.png,LY
train_22679.png,SNE
train_19528.png,MMY
train_06585.png,SNE
train_02046.png,SNE
train_07821.png,BL
train_22145.png,SNE
train_00376.png,LY
train_27397.png,LY
train_13443.png,SNE
train_04559.png,VLY
train_16357.png,SNE
train_02567.png,BL
train_22821.png,MO
train_15258.png,SNE
train_05158.png,SNE
train_08283.png,SNE
train_10159.png,SNE
train_06357.png,SNE
train_27145.png,SNE
train_04211.png,SNE
train_19643.png,SNE
train_12080.png,BL
train_02856.png,SNE
train_13099.png,SNE
train_00502.png,LY
train_06279.png,SNE
train_16597.png,LY
train_16200.png,SNE
train_21688.png,SNE
train_22654.png,LY
train_04043.png,SNE
train_09402.png,SNE
train_14362.png,SNE
train_00749.png,SNE
train_25344.png,LY
train_25204.png,EO
train_03435.png,SNE
train_18179.png,SNE
train_07722.png,SNE
train_01056.png,LY
train_02244.png,SNE
train_05991.png,LY
train_10412.png,VLY
train_06318.png,LY
train_16677.png,SNE
train_25025.png,MY
train_06927.png,LY
train_11407.png,MO
train_17731.png,SNE
train_15236.png,MO
train_22575.png,MO
train_16873.png,LY
train_19858.png,LY
train_21336.png,PMY
train_04863.png,LY
train_17552.png,SNE
train_21702.png,LY
train_20123.png,SNE
train_24266.png,LY
train_21791.png,MO
train_04558.png,SNE
train_20815.png,MO
train_20583.png,LY
train_05921.png,MMY
train_12129.png,SNE
train_19409.png,BL
train_26828.png,SNE
train_00229.png,LY
train_06881.png,SNE
train_18714.png,SNE
train_03094.png,SNE
train_18355.png,MO
train_06291.png,LY
train_04791.png,LY
train_12590.png,EO
train_16772.png,SNE
train_11628.png,LY
train_22879.png,SNE
train_01245.png,LY
train_26007.png,MO
train_26028.png,EO
train_08220.png,SNE
train_28368.png,LY
train_11900.png,LY
train_03714.png,SNE
train_02383.png,SNE
train_04603.png,LY
train_25706.png,SNE
train_06529.png,EO
train_05124.png,BA
train_02650.png,SNE
train_09250.png,SNE
train_16880.png,MO
train_03047.png,SNE
train_21411.png,LY
train_21049.png,LY
train_27991.png,SNE
train_23821.png,BL
train_23615.png,MO
train_04547.png,LY
train_26999.png,LY
train_02866.png,MO
train_00260.png,LY
train_14735.png,VLY
train_11347.png,SNE
train_22989.png,MO
train_14221.png,SNE
train_11643.png,SNE
train_18816.png,SNE
train_21913.png,SNE
train_04216.png,SNE
train_07839.png,SNE
train_00334.png,SNE
train_20861.png,BNE
train_13615.png,LY
train_23722.png,SNE
train_03766.png,SNE
train_08727.png,BL
train_16375.png,SNE
train_08829.png,SNE
train_26033.png,MO
train_02604.png,BL
train_06452.png,SNE
train_10571.png,MO
train_21514.png,LY
train_23449.png,SNE
train_06745.png,SNE
train_26921.png,SNE
train_27881.png,LY
train_12653.png,MO
train_16117.png,LY
train_23664.png,SNE
train_24302.png,SNE
train_03756.png,BL
train_11047.png,MY
train_11317.png,SNE
train_19286.png,SNE
train_07664.png,MO
train_02109.png,PC
train_03031.png,LY
train_19005.png,MO
train_16266.png,SNE
train_17179.png,LY
train_00851.png,SNE
train_18751.png,SNE
train_05020.png,SNE
train_25823.png,MO
train_28898.png,VLY
train_23232.png,SNE
train_22918.png,LY
train_15075.png,SNE
train_17807.png,LY
train_04125.png,LY
train_16775.png,SNE
train_11907.png,LY
train_02974.png,LY
train_26865.png,PC
train_03396.png,SNE
train_13083.png,LY
train_08858.png,LY
train_22519.png,BL
train_14684.png,LY
train_15352.png,SNE
train_19625.png,SNE
train_21691.png,MO
train_13800.png,MO
train_03845.png,VLY
train_03539.png,SNE
train_07945.png,MMY
train_12199.png,LY
train_22017.png,BL
train_06727.png,BL
train_07755.png,SNE
train_19316.png,MO
train_09151.png,SNE
train_12541.png,SNE
train_11779.png,LY
train_00159.png,SNE
train_02688.png,SNE
train_08729.png,LY
train_21546.png,SNE
train_15537.png,SNE
train_04391.png,LY
train_18634.png,LY
train_08052.png,SNE
train_06828.png,EO
train_20723.png,SNE
train_15003.png,SNE
train_24596.png,LY
train_15425.png,MO
train_14589.png,SNE
train_27142.png,LY
train_27015.png,LY
train_02838.png,SNE
train_23359.png,SNE
train_19597.png,LY
train_27824.png,SNE
train_09623.png,LY
train_15096.png,SNE
train_13757.png,EO
train_25158.png,LY
train_22590.png,EO
train_28750.png,SNE
train_19546.png,BL
train_14409.png,LY
train_06027.png,LY
train_03912.png,LY
train_10340.png,EO
train_12989.png,SNE
train_04463.png,SNE
train_28860.png,LY
train_23422.png,MMY
train_02678.png,SNE
train_15917.png,SNE
train_19887.png,SNE
train_27400.png,MO
train_01532.png,SNE
train_14860.png,LY
train_22163.png,LY
train_21002.png,MO
train_24569.png,MY
train_18990.png,LY
train_06996.png,MY
train_23593.png,BA
train_10157.png,SNE
train_10890.png,SNE
train_09301.png,SNE
train_22616.png,SNE
train_10585.png,SNE
train_27773.png,EO
train_22072.png,SNE
train_02864.png,SNE
train_01914.png,SNE
train_20805.png,LY
train_10990.png,MO
train_11321.png,LY
train_04865.png,EO
train_15905.png,MO
train_02334.png,SNE
train_24614.png,SNE
train_17576.png,MO
train_02918.png,MMY
train_10248.png,SNE
train_28738.png,BA
train_11144.png,MO
train_20962.png,LY
train_27401.png,SNE
train_06587.png,SNE
train_16390.png,LY
train_28319.png,LY
train_26615.png,SNE
train_09733.png,BL
train_05018.png,BL
train_11126.png,MMY
train_19587.png,SNE
train_11886.png,MO
train_05112.png,SNE
train_03553.png,SNE
train_20994.png,SNE
train_18511.png,SNE
train_19359.png,SNE
train_17741.png,MO
train_14464.png,SNE
train_06015.png,SNE
train_24439.png,SNE
train_08740.png,LY
train_17282.png,SNE
train_21331.png,MO
train_08068.png,MMY
train_14207.png,LY
train_23273.png,BL
train_28776.png,EO
train_05969.png,BL
train_16901.png,LY
train_05674.png,SNE
train_17457.png,MO
train_27019.png,SNE
train_24549.png,SNE
train_18663.png,SNE
train_15806.png,LY
train_11787.png,SNE
train_07710.png,LY
train_10379.png,EO
train_08827.png,SNE
train_08351.png,MO
train_02151.png,SNE
train_26371.png,LY
train_15059.png,SNE
train_15775.png,MY
train_12027.png,SNE
train_02503.png,SNE
train_24372.png,EO
train_11808.png,MMY
train_22439.png,SNE
train_08544.png,LY
train_14249.png,LY
train_09064.png,LY
train_19563.png,MO
train_28766.png,SNE
train_13102.png,LY
train_17668.png,LY
train_12369.png,LY
train_04199.png,SNE
train_03060.png,SNE
train_23448.png,SNE
train_08894.png,SNE
train_25694.png,SNE
train_03664.png,SNE
train_07850.png,SNE
train_22567.png,LY
train_18934.png,LY
train_00804.png,SNE
train_22670.png,SNE
train_06368.png,LY
train_05012.png,MO
train_03115.png,SNE
train_07587.png,SNE
train_21496.png,LY
train_26115.png,EO
train_24123.png,MO
train_12500.png,LY
train_15907.png,SNE
train_09008.png,SNE
train_22580.png,LY
train_03288.png,SNE
train_04875.png,LY
train_15545.png,SNE
train_05009.png,SNE
train_01629.png,BL
train_07511.png,SNE
train_01455.png,BL
train_26325.png,BL
train_07034.png,SNE
train_27264.png,EO
train_00211.png,MY
train_08856.png,SNE
train_21856.png,SNE
train_28311.png,LY
train_08534.png,MO
train_07702.png,LY
train_09412.png,LY
train_09247.png,LY
train_04804.png,SNE
train_20057.png,SNE
train_22091.png,VLY
train_00164.png,LY
train_17726.png,SNE
train_01105.png,SNE
train_09071.png,MO
train_25651.png,EO
train_25022.png,SNE
train_04986.png,LY
train_03425.png,MO
train_10295.png,SNE
train_23778.png,MY
train_21644.png,LY
train_20061.png,LY
train_08926.png,SNE
train_12909.png,SNE
train_04532.png,BL
train_09189.png,SNE
train_06919.png,BA
train_19237.png,LY
train_24945.png,LY
train_04718.png,MO
train_13286.png,LY
train_15084.png,MO
train_18964.png,BA
train_23116.png,LY
train_16716.png,SNE
train_24928.png,SNE
train_01379.png,SNE
train_07384.png,BL
train_10941.png,SNE
train_11401.png,LY
train_01381.png,SNE
train_26581.png,LY
train_26129.png,BA
train_09435.png,LY
train_14864.png,LY
train_24061.png,LY
train_17822.png,SNE
train_05784.png,SNE
train_15045.png,LY
train_17215.png,MO
train_18236.png,LY
train_17314.png,BA
train_20323.png,SNE
train_07733.png,MO
train_28656.png,SNE
train_27815.png,BNE
train_20085.png,SNE
train_13313.png,SNE
train_24565.png,LY
train_01666.png,LY
train_15767.png,SNE
train_28785.png,BNE
train_04490.png,LY
train_05251.png,SNE
train_07091.png,SNE
train_02054.png,SNE
train_09176.png,LY
train_25153.png,SNE
train_20087.png,SNE
train_19703.png,LY
train_11884.png,MO
train_10587.png,SNE
train_20164.png,MO
train_00867.png,LY
train_17064.png,BL
train_07197.png,LY
train_23715.png,SNE
train_10172.png,LY
train_25809.png,SNE
train_08315.png,LY
train_27151.png,BNE
train_26833.png,PMY
train_09913.png,SNE
train_22322.png,EO
train_12578.png,VLY
train_09154.png,LY
train_14082.png,SNE
train_13587.png,SNE
train_16467.png,LY
train_19620.png,BA
train_04942.png,BL
train_13923.png,SNE
train_24535.png,SNE
train_14183.png,LY
train_09620.png,SNE
train_04591.png,EO
train_27253.png,LY
train_16889.png,MO
train_26373.png,SNE
train_01039.png,SNE
train_02289.png,LY
train_19811.png,MMY
train_09059.png,BL
train_19617.png,MO
train_11169.png,BL
train_26141.png,BL
train_16703.png,SNE
train_01564.png,SNE
train_14344.png,BNE
train_10968.png,SNE
train_14810.png,SNE
train_06393.png,LY
train_20455.png,SNE
train_01124.png,BA
train_19035.png,SNE
train_14445.png,MY
train_24598.png,MO
train_27042.png,SNE
train_28448.png,MY
train_03964.png,LY
train_19717.png,MO
train_16919.png,LY
train_27548.png,BL
train_21658.png,LY
train_01010.png,SNE
train_14145.png,SNE
train_05442.png,SNE
train_05344.png,LY
train_08651.png,SNE
train_03740.png,SNE
train_25517.png,SNE
train_24917.png,MO
train_05061.png,BL
train_05390.png,LY
train_14738.png,SNE
train_18119.png,EO
train_21473.png,SNE
train_26811.png,BL
train_01555.png,SNE
train_06036.png,LY
train_19879.png,LY
train_25324.png,SNE
train_07448.png,SNE
train_06216.png,SNE
train_13479.png,SNE
train_18237.png,BA
train_23708.png,SNE
train_18632.png,LY
train_17403.png,LY
train_10170.png,LY
train_02599.png,LY
train_10443.png,BL
train_09705.png,SNE
train_00302.png,SNE
train_13197.png,LY
train_10929.png,LY
train_00949.png,LY
train_15396.png,LY
train_05422.png,SNE
train_06829.png,SNE
train_05849.png,SNE
train_15072.png,MO
train_15270.png,LY
train_26177.png,SNE
train_20675.png,SNE
train_14784.png,SNE
train_11575.png,SNE
train_13811.png,EO
train_05182.png,MMY
train_27291.png,SNE
train_08579.png,LY
train_12867.png,SNE
train_20189.png,SNE
train_16081.png,SNE
train_08855.png,SNE
train_19980.png,MO
train_03350.png,SNE
train_15678.png,BL
train_17400.png,SNE
train_03316.png,MO
train_09324.png,LY
train_27371.png,LY
train_21251.png,SNE
train_16525.png,SNE
train_05163.png,SNE
train_18569.png,SNE
train_07095.png,LY
train_23298.png,EO
train_00239.png,MO
train_15060.png,SNE
train_16865.png,SNE
train_03638.png,BL
train_28680.png,SNE
train_00209.png,SNE
train_14144.png,BL
train_02960.png,SNE
train_17963.png,MO
train_11638.png,LY
train_27004.png,LY
train_25908.png,LY
train_12143.png,LY
train_07178.png,SNE
train_22218.png,SNE
train_13556.png,SNE
train_01431.png,BL
train_20792.png,SNE
train_25528.png,LY
train_07061.png,LY
train_27164.png,LY
train_22883.png,LY
train_20685.png,SNE
train_19437.png,SNE
train_12747.png,LY
train_05324.png,BNE
train_17238.png,LY
train_14671.png,SNE
train_27234.png,BL
train_16719.png,LY
train_02647.png,BNE
train_09997.png,SNE
train_05846.png,SNE
train_00866.png,SNE
train_04328.png,SNE
train_26826.png,LY
train_04648.png,MMY
train_21272.png,LY
train_06082.png,LY
train_09693.png,SNE
train_06651.png,MO
train_13437.png,LY
train_08721.png,LY
train_27952.png,SNE
train_10643.png,SNE
train_20700.png,MO
train_04439.png,SNE
train_20868.png,LY
train_17192.png,BL
train_13908.png,LY
train_26292.png,SNE
train_08143.png,BL
train_04347.png,LY
train_01356.png,SNE
train_00087.png,LY
train_04394.png,LY
train_08404.png,LY
train_00948.png,SNE
train_00012.png,MO
train_06241.png,SNE
train_25226.png,LY
train_26742.png,SNE
train_04296.png,LY
train_28402.png,MO
train_05408.png,LY
train_13959.png,SNE
train_25942.png,SNE
train_04549.png,LY
train_26715.png,BL
train_15203.png,BA
train_03776.png,SNE
train_16864.png,LY
train_13172.png,EO
train_16978.png,BL
train_24810.png,MO
train_28329.png,LY
train_02711.png,SNE
train_07750.png,SNE
train_20245.png,BL
train_24964.png,LY
train_24620.png,LY
train_02074.png,SNE
train_16317.png,SNE
train_20463.png,LY
train_13438.png,SNE
train_03654.png,MO
train_01042.png,SNE
train_14501.png,SNE
train_15865.png,SNE
train_26044.png,SNE
train_22183.png,SNE
train_03707.png,SNE
train_07800.png,LY
train_00855.png,SNE
train_17007.png,EO
train_05411.png,LY
train_17655.png,MO
train_21179.png,SNE
train_08486.png,LY
train_17759.png,SNE
train_19868.png,SNE
train_16411.png,LY
train_16059.png,MO
train_07769.png,MO
train_14165.png,SNE
train_21210.png,LY
train_28033.png,SNE
train_19626.png,SNE
train_02552.png,EO
train_19346.png,LY
train_13327.png,LY
train_27325.png,MO
train_01964.png,LY
train_07781.png,MO
train_19890.png,SNE
train_24885.png,SNE
train_17206.png,MO
train_02644.png,SNE
train_27973.png,LY
train_20345.png,SNE
train_07355.png,SNE
train_08249.png,BL
train_04239.png,EO
train_05466.png,LY
train_06121.png,LY
train_08632.png,MO
train_17038.png,MO
train_15985.png,SNE
train_10059.png,SNE
train_26676.png,MO
train_15742.png,LY
train_01075.png,LY
train_21430.png,BA
train_24255.png,SNE
train_02036.png,LY
train_06508.png,LY
train_06347.png,SNE
train_15158.png,SNE
train_25454.png,BL
train_22950.png,LY
train_23857.png,LY
train_27099.png,MO
train_13977.png,SNE
train_17585.png,MMY
train_19007.png,SNE
train_25659.png,MO
train_16605.png,SNE
train_22168.png,SNE
train_13815.png,MO
train_20930.png,MO
train_10362.png,LY
train_26436.png,EO
train_22809.png,VLY
train_12189.png,MY
train_07671.png,BL
train_24860.png,SNE
train_28528.png,SNE
train_28735.png,BL
train_02047.png,SNE
train_05449.png,SNE
train_17208.png,BL
train_20359.png,SNE
train_13384.png,LY
train_10752.png,SNE
train_01619.png,SNE
train_27180.png,SNE
train_17175.png,SNE
train_00931.png,SNE
train_12519.png,LY
train_24801.png,LY
train_04830.png,SNE
train_10135.png,SNE
train_10080.png,SNE
train_06314.png,MO
train_15549.png,SNE
train_16820.png,SNE
train_16326.png,LY
train_21188.png,BA
train_28339.png,LY
train_25934.png,LY
train_21523.png,LY
train_05297.png,SNE
train_05193.png,SNE
train_24716.png,BL
train_10279.png,SNE
train_07461.png,LY
train_03736.png,SNE
train_28516.png,SNE
train_28287.png,SNE
train_03514.png,SNE
train_20895.png,SNE
train_01872.png,LY
train_20840.png,SNE
train_00963.png,SNE
train_08717.png,MY
train_28363.png,LY
train_14858.png,LY
train_03340.png,SNE
train_18090.png,SNE
train_22825.png,EO
train_00006.png,LY
train_16678.png,SNE
train_24492.png,LY
train_07793.png,LY
train_13290.png,MO
train_09416.png,LY
train_06517.png,LY
train_07826.png,LY
train_14723.png,PC
train_04698.png,LY
train_17024.png,SNE
train_13739.png,LY
train_16087.png,LY
train_22123.png,SNE
train_13277.png,SNE
train_18902.png,BL
train_03973.png,SNE
train_17134.png,SNE
train_24466.png,LY
train_04548.png,LY
train_13263.png,BL
train_08608.png,MO
train_07749.png,MO
train_12969.png,SNE
train_24147.png,LY
train_03695.png,LY
train_02076.png,SNE
train_13360.png,SNE
train_25873.png,SNE
train_26899.png,VLY
train_25331.png,EO
train_24433.png,EO
train_04466.png,SNE
train_11739.png,VLY
train_28609.png,BL
train_14128.png,EO
train_21690.png,LY
train_26643.png,SNE
train_04575.png,LY
train_09845.png,MY
train_25501.png,LY
train_02116.png,BL
train_28453.png,EO
train_07283.png,LY
train_04450.png,SNE
train_05944.png,SNE
train_21185.png,BNE
train_08556.png,SNE
train_21364.png,LY
train_19419.png,SNE
train_26383.png,BA
train_19191.png,LY
train_10723.png,SNE
train_00054.png,LY
train_25548.png,MMY
train_28566.png,LY
train_02385.png,LY
train_23808.png,SNE
train_19429.png,SNE
train_00377.png,SNE
train_10763.png,MO
train_23948.png,SNE
train_20969.png,VLY
train_08321.png,SNE
train_00861.png,MO
train_13415.png,SNE
train_15517.png,LY
train_25723.png,SNE
train_16971.png,LY
train_19462.png,SNE
train_20423.png,SNE
train_25825.png,SNE
train_12631.png,LY
train_17479.png,SNE
train_03543.png,MO
train_01128.png,EO
train_07386.png,LY
train_15301.png,MO
train_24870.png,SNE
train_19246.png,SNE
train_14799.png,SNE
train_06069.png,LY
train_22214.png,SNE
train_26808.png,LY
train_14051.png,EO
train_25416.png,LY
train_18454.png,SNE
train_15474.png,SNE
train_18549.png,MO
train_05252.png,EO
train_27538.png,LY
train_01745.png,LY
train_19103.png,LY
train_04571.png,MO
train_06462.png,MO
train_08110.png,EO
train_09157.png,LY
train_02978.png,EO
train_01391.png,LY
train_04522.png,SNE
train_04470.png,MO
train_23870.png,SNE
train_25443.png,LY
train_19019.png,SNE
train_24267.png,LY
train_17364.png,SNE
train_00564.png,MO
train_19827.png,SNE
train_10930.png,MO
train_21247.png,SNE
train_20083.png,BL
train_20035.png,SNE
train_12351.png,LY
train_23483.png,SNE
train_06906.png,SNE
train_11977.png,LY
train_16355.png,SNE
train_11861.png,SNE
train_10086.png,SNE
train_16105.png,SNE
train_00352.png,LY
train_11037.png,MO
train_25175.png,SNE
train_05086.png,SNE
train_02282.png,SNE
train_21862.png,LY
train_13314.png,LY
train_19805.png,LY
train_01257.png,LY
train_01301.png,MO
train_11775.png,MO
train_23267.png,MO
train_06603.png,VLY
train_25981.png,LY
train_00808.png,SNE
train_05777.png,SNE
train_21274.png,MO
train_01998.png,SNE
train_18682.png,SNE
train_04774.png,LY
train_18819.png,MO
train_20166.png,SNE
train_25433.png,BNE
train_01631.png,LY
train_06798.png,MO
train_16589.png,VLY
train_15333.png,BL
train_00599.png,LY
train_05918.png,EO
train_14074.png,MO
train_22463.png,SNE
train_23507.png,SNE
train_12276.png,SNE
train_17354.png,SNE
train_18916.png,SNE
train_12053.png,SNE
train_08189.png,SNE
train_13343.png,LY
train_00421.png,LY
train_21821.png,SNE
train_09961.png,SNE
train_28305.png,SNE
train_06362.png,SNE
train_28141.png,SNE
train_10852.png,MO
train_19616.png,MO
train_20464.png,LY
train_26174.png,LY
train_19443.png,SNE
train_22922.png,LY
train_16168.png,BNE
train_28344.png,SNE
train_17828.png,LY
train_05607.png,SNE
train_17470.png,BL
train_15888.png,SNE
train_06601.png,LY
train_00811.png,SNE
train_02454.png,LY
train_01711.png,LY
train_13199.png,BL
train_10928.png,SNE
train_07087.png,SNE
train_00139.png,SNE
train_05440.png,LY
train_13173.png,MO
train_10128.png,MO
train_17612.png,SNE
train_04067.png,LY
train_24769.png,LY
train_00156.png,PMY
train_03156.png,PMY
train_23716.png,VLY
train_27716.png,MO
train_15364.png,LY
train_21033.png,SNE
train_04486.png,LY
train_00194.png,LY
train_27377.png,LY
train_15103.png,SNE
train_16388.png,SNE
train_08080.png,MY
train_04823.png,SNE
train_19696.png,LY
train_06932.png,SNE
train_02273.png,MO
train_04204.png,LY
train_15641.png,LY
train_13888.png,SNE
train_27484.png,LY
train_13810.png,LY
train_00503.png,SNE
train_08983.png,SNE
train_19786.png,SNE
train_16852.png,LY
train_02353.png,VLY
train_09203.png,SNE
train_16207.png,SNE
train_06381.png,SNE
train_23869.png,SNE
train_00141.png,BL
train_20780.png,SNE
train_26336.png,SNE
train_12595.png,SNE
train_02153.png,LY
train_04241.png,LY
train_18560.png,BA
train_20338.png,LY
train_27664.png,SNE
train_21929.png,LY
train_15956.png,SNE
train_09699.png,SNE
train_13081.png,LY
train_17250.png,SNE
train_15887.png,SNE
train_21478.png,LY
train_20295.png,SNE
train_25440.png,LY
train_15182.png,LY
train_24898.png,BL
train_25497.png,LY
train_24770.png,SNE
train_13709.png,SNE
train_12277.png,MO
train_09572.png,LY
train_11272.png,SNE
train_04117.png,BL
train_11727.png,SNE
train_27850.png,MO
train_19613.png,SNE
train_09167.png,LY
train_27205.png,SNE
train_05469.png,MO
train_08229.png,SNE
train_16959.png,MO
train_12490.png,MO
train_27809.png,SNE
train_11621.png,SNE
train_17080.png,LY
train_19899.png,BL
train_14587.png,SNE
train_16284.png,SNE
train_02813.png,LY
train_09535.png,SNE
train_28595.png,BL
train_09160.png,LY
train_10034.png,SNE
train_21193.png,VLY
train_22058.png,LY
train_16585.png,LY
train_15360.png,SNE
train_04265.png,BL
train_19930.png,MO
train_17564.png,SNE
train_25358.png,MO
train_28517.png,SNE
train_12903.png,LY
train_23923.png,SNE
train_19070.png,SNE
train_19244.png,SNE
train_20656.png,SNE
train_10178.png,LY
train_20015.png,VLY
train_11365.png,SNE
train_05907.png,BA
train_28034.png,SNE
train_16806.png,SNE
train_27079.png,SNE
train_26176.png,BL
train_09469.png,SNE
train_26727.png,MO
train_15066.png,LY
train_00122.png,SNE
train_16361.png,MO
train_27026.png,MMY
train_00594.png,MY
train_12426.png,SNE
train_06041.png,SNE
train_04454.png,SNE
train_24468.png,LY
train_17345.png,SNE
train_23224.png,SNE
train_03660.png,LY
train_15402.png,LY
train_22806.png,SNE
train_07404.png,LY
train_16651.png,LY
train_04284.png,SNE
train_01067.png,LY
train_21327.png,SNE
train_24935.png,LY
train_01020.png,LY
train_06860.png,SNE
train_16141.png,LY
train_08596.png,SNE
train_18055.png,BL
train_05652.png,LY
train_22949.png,SNE
train_21759.png,LY
train_12675.png,MO
train_03522.png,LY
train_06256.png,SNE
train_28520.png,MY
train_01571.png,SNE
train_09449.png,SNE
train_11162.png,LY
train_04676.png,SNE
train_06335.png,LY
train_28340.png,SNE
train_17838.png,SNE
train_17004.png,LY
train_11771.png,BNE
train_03840.png,SNE
train_01465.png,MO
train_21752.png,LY
train_08854.png,LY
train_22486.png,LY
train_10131.png,MO
train_07725.png,SNE
train_02520.png,MO
train_01749.png,SNE
train_10103.png,SNE
train_19832.png,LY
train_04817.png,SNE
train_26936.png,LY
train_18623.png,LY
train_17255.png,EO
train_21914.png,LY
train_26458.png,BNE
train_20553.png,LY
train_15802.png,LY
train_27365.png,SNE
train_11864.png,SNE
train_28299.png,SNE
train_16625.png,MY
train_09776.png,LY
train_27009.png,SNE
train_26065.png,LY
train_18809.png,SNE
train_00266.png,LY
train_21679.png,SNE
train_15432.png,SNE
train_21050.png,SNE
train_10374.png,SNE
train_08050.png,BNE
train_07049.png,LY
train_00777.png,SNE
train_00637.png,LY
train_12974.png,SNE
train_23291.png,LY
train_18846.png,LY
train_25049.png,LY
train_18707.png,MO
train_23743.png,SNE
train_27030.png,LY
train_23532.png,SNE
train_15440.png,LY
train_09455.png,LY
train_04584.png,SNE
train_06938.png,LY
train_21708.png,EO
train_12674.png,SNE
train_06304.png,LY
train_13040.png,BA
train_26526.png,LY
train_07983.png,SNE
train_24086.png,LY
train_06553.png,LY
train_02580.png,LY
train_19489.png,LY
train_15554.png,MO
train_00133.png,SNE
train_23876.png,LY
train_15005.png,SNE
train_03447.png,SNE
train_21484.png,SNE
train_22553.png,SNE
train_21865.png,LY
train_24502.png,SNE
train_24330.png,SNE
train_25027.png,SNE
train_08278.png,MO
train_02198.png,EO
train_17852.png,MO
train_06506.png,SNE
train_23767.png,SNE
train_02494.png,BL
train_12360.png,LY
train_11286.png,LY
train_21868.png,SNE
train_06424.png,SNE
train_10023.png,SNE
train_22094.png,LY
train_24173.png,LY
train_22314.png,SNE
train_06049.png,MO
train_22601.png,SNE
train_09184.png,LY
train_11942.png,SNE
train_13288.png,MO
train_20928.png,SNE
train_08347.png,BL
train_23780.png,SNE
train_01239.png,MO
train_01190.png,SNE
train_25016.png,SNE
train_17949.png,SNE
train_28107.png,LY
train_02977.png,SNE
train_07627.png,SNE
train_28249.png,LY
train_10642.png,SNE
train_14396.png,SNE
train_08929.png,MO
train_10256.png,SNE
train_24607.png,MMY
train_08348.png,LY
train_16346.png,LY
train_27147.png,SNE
train_22278.png,LY
train_08206.png,MO
train_02971.png,VLY
train_08131.png,BL
train_03636.png,SNE
train_04334.png,LY
train_03972.png,SNE
train_00671.png,SNE
train_00665.png,EO
train_06743.png,SNE
train_28550.png,BA
train_11475.png,MO
train_08559.png,MY
train_16150.png,LY
train_21926.png,EO
train_07954.png,SNE
train_20033.png,SNE
train_17768.png,SNE
train_15444.png,SNE
train_03489.png,SNE
train_01053.png,BL
train_10833.png,LY
train_00173.png,SNE
train_13687.png,SNE
train_21029.png,LY
train_28243.png,SNE
train_00651.png,MO
train_14835.png,LY
train_19901.png,LY
train_19950.png,SNE
train_16111.png,SNE
train_10738.png,MO
train_20524.png,PMY
train_22243.png,SNE
train_19421.png,SNE
train_20475.png,SNE
train_04738.png,SNE
train_07901.png,SNE
train_24214.png,MO
train_13843.png,SNE
train_28736.png,SNE
train_15336.png,SNE
train_14274.png,SNE
train_06907.png,LY
train_03347.png,SNE
train_15465.png,SNE
train_12683.png,SNE
train_17950.png,LY
train_13373.png,LY
train_11443.png,SNE
train_00112.png,MO
train_18022.png,SNE
train_14643.png,LY
train_09810.png,SNE
train_28775.png,LY
train_11736.png,LY
train_01713.png,BL
train_10018.png,MO
train_28154.png,LY
train_02378.png,SNE
train_12176.png,LY
train_23129.png,SNE
train_12513.png,MO
train_00438.png,LY
train_14807.png,EO
train_03870.png,MO
train_28003.png,LY
train_11589.png,PC
train_24044.png,BNE
train_00486.png,SNE
train_06385.png,LY
train_17914.png,SNE
train_28391.png,SNE
train_11654.png,LY
train_12577.png,SNE
train_07890.png,SNE
train_18174.png,MO
train_03010.png,LY
train_22723.png,LY
train_15371.png,SNE
train_09785.png,PC
train_03686.png,SNE
train_18966.png,SNE
train_26954.png,BA
train_15157.png,MO
train_09760.png,LY
train_28451.png,SNE
train_11435.png,SNE
train_17313.png,SNE
train_09273.png,SNE
train_12137.png,SNE
train_14853.png,BL
train_11989.png,MO
train_17812.png,BL
train_21162.png,SNE
train_08049.png,MO
train_22139.png,SNE
train_22255.png,SNE
train_25742.png,SNE
train_06491.png,MO
train_17602.png,LY
train_10875.png,LY
train_16850.png,LY
train_27265.png,SNE
train_10800.png,SNE
train_05478.png,SNE
train_13300.png,SNE
train_28416.png,LY
train_24036.png,SNE
train_05093.png,BL
train_24791.png,SNE
train_21136.png,SNE
train_07540.png,SNE
train_20292.png,SNE
train_26461.png,SNE
train_03138.png,LY
train_10027.png,SNE
train_02376.png,SNE
train_04711.png,MO
train_18049.png,SNE
train_04681.png,SNE
train_13299.png,LY
train_06698.png,SNE
train_17782.png,SNE
train_03588.png,SNE
train_09043.png,VLY
train_24419.png,LY
train_04521.png,SNE
train_02927.png,SNE
train_03363.png,BL
train_06118.png,MO
train_08522.png,SNE
train_03614.png,MO
train_02779.png,BL
train_15857.png,SNE
train_07532.png,MY
train_20483.png,SNE
train_10795.png,LY
train_07467.png,SNE
train_09390.png,SNE
train_26304.png,SNE
train_20440.png,LY
train_18540.png,SNE
train_13230.png,SNE
train_24988.png,LY
train_07299.png,LY
train_06859.png,LY
train_07411.png,BL
train_09168.png,SNE
train_25284.png,SNE
train_09554.png,SNE
train_18510.png,LY
train_05424.png,PC
train_13942.png,LY
train_12404.png,SNE
train_25705.png,SNE
train_07619.png,SNE
train_17197.png,BL
train_14916.png,MY
train_02605.png,BL
train_27879.png,EO
train_12251.png,LY
train_04760.png,SNE
train_23513.png,SNE
train_23398.png,LY
train_05027.png,BL
train_10423.png,SNE
train_12056.png,SNE
train_25089.png,LY
train_19693.png,LY
train_27424.png,LY
train_13043.png,BL
train_16736.png,SNE
train_18844.png,LY
train_12571.png,SNE
train_11089.png,SNE
train_23986.png,SNE
train_00568.png,SNE
train_24960.png,MO
train_21542.png,MMY
train_26504.png,MO
train_09520.png,SNE
train_14987.png,SNE
train_10116.png,SNE
train_24932.png,LY
train_05032.png,SNE
train_26745.png,PMY
train_04563.png,SNE
train_24055.png,SNE
train_03337.png,LY
train_05383.png,SNE
train_19177.png,LY
train_06221.png,BL
train_23159.png,SNE
train_12927.png,BNE
train_27366.png,SNE
train_04836.png,LY
train_05412.png,LY
train_06360.png,LY
train_07561.png,SNE
train_28173.png,SNE
train_21269.png,MO
train_19558.png,SNE
train_21715.png,LY
train_21416.png,SNE
train_08443.png,SNE
train_05444.png,SNE
train_13482.png,LY
train_19185.png,LY
train_22663.png,SNE
train_13529.png,VLY
train_23614.png,MO
train_05373.png,LY
train_17620.png,SNE
train_09061.png,SNE
train_24088.png,SNE
train_03002.png,SNE
train_26919.png,SNE
train_17254.png,SNE
train_22325.png,SNE
train_26632.png,SNE
train_02812.png,BL
train_05641.png,BA
train_05201.png,BA
train_25692.png,SNE
train_22458.png,LY
train_15603.png,SNE
train_00439.png,SNE
train_06094.png,LY
train_10347.png,SNE
train_26545.png,MY
train_01812.png,SNE
train_21607.png,MO
train_08546.png,SNE
train_25504.png,SNE
train_25855.png,BNE
train_09560.png,MO
train_00367.png,SNE
train_18660.png,BA
train_02801.png,SNE
train_24258.png,LY
train_19256.png,BL
train_26343.png,SNE
train_17708.png,SNE
train_18504.png,LY
train_05207.png,LY
train_12057.png,LY
train_11480.png,SNE
train_27530.png,SNE
train_03876.png,LY
train_06639.png,VLY
train_25249.png,MO
train_11424.png,LY
train_14978.png,SNE
train_19986.png,SNE
train_14661.png,LY
train_08098.png,SNE
train_15565.png,LY
train_24756.png,LY
train_10691.png,BL
train_05850.png,SNE
train_07006.png,MO
train_12282.png,LY
train_14414.png,BL
train_01418.png,SNE
train_04443.png,LY
train_18930.png,LY
train_01597.png,MO
train_14945.png,SNE
train_17092.png,SNE
train_27217.png,SNE
train_28072.png,SNE
train_28554.png,MO
train_20434.png,LY
train_00297.png,LY
train_24470.png,SNE
train_22630.png,SNE
train_10318.png,SNE
train_20678.png,SNE
train_22971.png,SNE
train_08526.png,LY
train_11704.png,LY
train_07623.png,SNE
train_24754.png,VLY
train_26401.png,LY
train_07688.png,SNE
train_20943.png,MO
train_17413.png,SNE
train_19808.png,EO
train_07439.png,SNE
train_02921.png,SNE
train_10624.png,SNE
train_07543.png,SNE
train_22494.png,BL
train_03194.png,LY
train_26132.png,LY
train_27110.png,LY
train_26378.png,LY
train_19269.png,LY
train_13673.png,MO
train_05173.png,SNE
train_17307.png,SNE
train_00895.png,BL
train_08726.png,LY
train_17940.png,MMY
train_01701.png,BNE
train_27286.png,LY
train_15602.png,SNE
train_07882.png,SNE
train_02948.png,SNE
train_15280.png,BL
train_18468.png,LY
train_16174.png,MMY
train_08185.png,LY
train_13688.png,LY
train_17262.png,SNE
train_21498.png,EO
train_18110.png,LY
train_18666.png,SNE
train_23862.png,SNE
train_09180.png,SNE
train_20353.png,LY
train_15023.png,SNE
train_16122.png,SNE
train_21081.png,SNE
train_06184.png,LY
train_26664.png,LY
train_09534.png,EO
train_26481.png,SNE
train_13035.png,SNE
train_04118.png,BA
train_06850.png,LY
train_11201.png,SNE
train_02272.png,SNE
train_04092.png,SNE
train_16896.png,SNE
train_23294.png,BL
train_04261.png,MO
train_19406.png,SNE
train_23694.png,SNE
train_27144.png,MO
train_15596.png,LY
train_17991.png,SNE
train_04594.png,EO
train_06501.png,LY
train_14880.png,BL
train_21499.png,SNE
train_26975.png,SNE
train_26030.png,SNE
train_19504.png,LY
train_17131.png,SNE
train_27198.png,SNE
train_15178.png,SNE
train_26759.png,MO
train_27799.png,LY
train_07237.png,SNE
train_07648.png,BL
train_06332.png,EO
train_01751.png,LY
train_13157.png,LY
train_03977.png,SNE
train_25837.png,SNE
train_08883.png,SNE
train_00078.png,MY
train_13872.png,VLY
train_06675.png,SNE
train_19151.png,LY
train_19460.png,SNE
train_00892.png,LY
train_27453.png,MY
train_03124.png,SNE
train_08801.png,LY
train_12304.png,SNE
train_22286.png,SNE
train_18269.png,LY
train_13689.png,MMY
train_02837.png,SNE
train_04373.png,LY
train_24211.png,LY
train_24836.png,LY
train_27444.png,MO
train_02938.png,SNE
train_18141.png,SNE
train_16461.png,SNE
train_05672.png,SNE
train_11172.png,SNE
train_28534.png,LY
train_09403.png,LY
train_23717.png,BNE
train_04613.png,MMY
train_05534.png,MO
train_11825.png,SNE
train_18849.png,MMY
train_01891.png,MO
train_01677.png,SNE
train_27698.png,SNE
train_13936.png,BL
train_24573.png,LY
train_18130.png,LY
train_08053.png,SNE
train_10243.png,LY
train_18670.png,BA
train_18354.png,SNE
train_22959.png,LY
train_17486.png,SNE
train_05350.png,BA
train_06253.png,BNE
train_24522.png,LY
train_17608.png,SNE
train_15051.png,SNE
train_21830.png,LY
train_15028.png,BL
train_16887.png,LY
train_14482.png,SNE
train_07745.png,LY
train_02878.png,SNE
train_04306.png,SNE
train_27753.png,SNE
train_24874.png,MO
train_01820.png,MO
train_21680.png,SNE
train_11961.png,VLY
train_00355.png,SNE
train_24739.png,BL
train_28365.png,SNE
train_25752.png,SNE
train_22336.png,LY
train_10912.png,EO
train_15308.png,MMY
train_04914.png,BL
train_05507.png,LY
train_24104.png,LY
train_28418.png,SNE
train_08673.png,LY
train_02969.png,SNE
train_14637.png,VLY
train_01889.png,LY
train_02793.png,LY
train_14288.png,SNE
train_23581.png,BL
train_03305.png,EO
train_22260.png,SNE
train_17947.png,EO
train_21812.png,SNE
train_05370.png,MO
train_09835.png,LY
train_19581.png,LY
train_25140.png,MO
train_15734.png,SNE
train_23668.png,MO
train_05398.png,LY
train_22346.png,SNE
train_06845.png,LY
train_05733.png,SNE
train_26857.png,SNE
train_01403.png,LY
train_10759.png,LY
train_20811.png,SNE
train_27036.png,MO
train_03785.png,BNE
train_07562.png,BL
train_28097.png,SNE
train_11805.png,SNE
train_07604.png,SNE
train_00947.png,BL
train_24013.png,MO
train_25783.png,LY
train_12091.png,MO
train_25288.png,SNE
train_07317.png,MO
train_12684.png,SNE
train_27393.png,LY
train_11649.png,SNE
train_09419.png,SNE
train_01816.png,LY
train_02329.png,LY
train_27353.png,SNE
train_17295.png,SNE
train_13616.png,LY
train_05573.png,LY
train_10173.png,LY
train_09141.png,SNE
train_00479.png,SNE
train_06444.png,SNE
train_04053.png,BL
train_09231.png,SNE
train_08902.png,LY
train_11299.png,MO
train_06222.png,SNE
train_03568.png,LY
train_01375.png,MO
train_08187.png,LY
train_06203.png,LY
train_16001.png,SNE
train_25541.png,SNE
train_12330.png,SNE
train_07731.png,SNE
train_06172.png,LY
train_12701.png,SNE
train_00108.png,SNE
train_22438.png,SNE
train_22433.png,BL
train_22491.png,SNE
train_23437.png,LY
train_02797.png,MO
train_05197.png,LY
train_24241.png,SNE
train_20528.png,SNE
train_02594.png,SNE
train_17151.png,VLY
train_04909.png,BA
train_12110.png,SNE
train_09741.png,LY
train_13211.png,EO
train_03805.png,BA
train_27975.png,LY
train_03114.png,SNE
train_22039.png,BA
train_25285.png,LY
train_15349.png,SNE
train_20309.png,SNE
train_12419.png,SNE
train_12718.png,LY
train_18618.png,BL
train_21824.png,LY
train_03245.png,SNE
train_09175.png,SNE
train_19428.png,LY
train_21528.png,LY
train_12156.png,MMY
train_10700.png,LY
train_16297.png,SNE
train_28811.png,LY
train_14781.png,SNE
train_14191.png,MO
train_09684.png,VLY
train_04968.png,LY
train_00305.png,MO
train_16607.png,SNE
train_07163.png,SNE
train_26913.png,SNE
train_04703.png,MO
train_14196.png,LY
train_04387.png,SNE
train_26847.png,MO
train_11266.png,SNE
train_00899.png,SNE
train_02105.png,VLY
train_25699.png,SNE
train_04964.png,LY
train_09228.png,LY
train_10560.png,LY
train_17983.png,SNE
train_06087.png,SNE
train_24601.png,SNE
train_27199.png,BL
train_11887.png,SNE
train_01484.png,SNE
train_11117.png,LY
train_27976.png,LY
train_03233.png,LY
train_07416.png,LY
train_21237.png,LY
train_09398.png,LY
train_16243.png,MO
train_28379.png,EO
train_21140.png,SNE
train_15019.png,SNE
train_27441.png,MO
train_25210.png,LY
train_26695.png,SNE
train_18999.png,LY
train_09858.png,SNE
train_27917.png,MO
train_08469.png,LY
train_09817.png,SNE
train_17001.png,LY
train_04624.png,EO
train_11311.png,LY
train_01378.png,MO
train_25367.png,LY
train_24033.png,SNE
train_25053.png,LY
train_02649.png,LY
train_14914.png,SNE
train_01383.png,SNE
train_02825.png,EO
train_01460.png,SNE
train_25554.png,LY
train_03788.png,LY
train_20580.png,LY
train_15441.png,MMY
train_06356.png,BL
train_16986.png,MO
train_25415.png,BL
train_09659.png,LY
train_05178.png,SNE
train_20401.png,PMY
train_01093.png,MO
train_26930.png,BL
train_25072.png,SNE
train_14305.png,MY
train_06966.png,VLY
train_00311.png,LY
train_00556.png,MY
train_24160.png,PC
train_25445.png,SNE
train_11798.png,LY
train_23344.png,SNE
train_16551.png,SNE
train_00881.png,SNE
train_10302.png,LY
train_10132.png,LY
train_22512.png,SNE
train_12566.png,LY
train_06765.png,MO
train_17516.png,BNE
train_22849.png,BL
train_09039.png,EO
train_09919.png,SNE
train_10509.png,LY
train_07801.png,SNE
train_28277.png,LY
train_08766.png,MO
train_04228.png,SNE
train_26185.png,LY
train_11032.png,SNE
train_04280.png,MO
train_20072.png,LY
train_23766.png,SNE
train_17711.png,SNE
train_02899.png,MO
train_20883.png,SNE
train_14533.png,LY
train_15520.png,SNE
train_26962.png,SNE
train_12003.png,LY
train_07154.png,SNE
train_01223.png,SNE
train_15977.png,MY
train_20147.png,LY
train_14518.png,SNE
train_10604.png,LY
train_02072.png,SNE
train_25234.png,MO
train_13665.png,MO
train_26293.png,SNE
train_01309.png,BL
train_05223.png,LY
train_21635.png,BNE
train_08984.png,SNE
train_06623.png,SNE
train_10438.png,LY
train_04163.png,SNE
train_00683.png,LY
train_14548.png,LY
train_06619.png,LY
train_07895.png,SNE
train_17648.png,SNE
train_07973.png,EO
train_18313.png,BNE
train_11265.png,SNE
train_28478.png,SNE
train_19860.png,LY
train_16072.png,EO
train_03541.png,SNE
train_06892.png,LY
train_03032.png,SNE
train_12228.png,LY
train_16462.png,MY
train_27722.png,LY
train_07330.png,SNE
train_00462.png,LY
train_26690.png,MO
train_15445.png,SNE
train_14497.png,SNE
train_17026.png,MO
train_24141.png,LY
train_28778.png,SNE
train_05679.png,SNE
train_26794.png,BL
train_21827.png,SNE
train_05605.png,SNE
train_25460.png,SNE
train_28721.png,MMY
train_28031.png,MO
train_05262.png,SNE
train_09504.png,LY
train_23735.png,BA
train_06955.png,LY
train_06972.png,SNE
train_28583.png,MY
train_11723.png,SNE
train_09983.png,SNE
train_18731.png,BL
train_19001.png,BL
train_11520.png,SNE
train_01637.png,SNE
train_07101.png,SNE
train_27475.png,SNE
train_23695.png,EO
train_22383.png,SNE
train_12980.png,SNE
train_10138.png,SNE
train_07771.png,LY
train_10148.png,SNE
train_26032.png,MO
train_01761.png,SNE
train_01044.png,SNE
train_26964.png,SNE
train_18306.png,SNE
train_03227.png,SNE
train_28216.png,SNE
train_00286.png,SNE
train_24375.png,MO
train_28265.png,BA
train_02682.png,BL
train_11194.png,SNE
train_00726.png,SNE
train_09300.png,SNE
train_02354.png,SNE
train_16012.png,LY
train_24072.png,SNE
train_18764.png,MO
train_18480.png,VLY
train_23408.png,LY
train_25182.png,SNE
train_21944.png,EO
train_20366.png,LY
train_01242.png,LY
train_03083.png,LY
train_08126.png,SNE
train_19999.png,SNE
train_10369.png,SNE
train_20234.png,LY
train_26466.png,MO
train_18367.png,LY
train_11809.png,SNE
train_05587.png,LY
train_27961.png,SNE
train_13915.png,SNE
train_16601.png,LY
train_15635.png,LY
train_13017.png,SNE
train_08014.png,MY
train_28295.png,SNE
train_09874.png,LY
train_09173.png,LY
train_19076.png,SNE
train_28647.png,BL
train_09792.png,BL
train_02677.png,SNE
train_16669.png,SNE
train_28051.png,LY
train_05357.png,LY
train_14164.png,MO
train_26760.png,LY
train_23092.png,LY
train_10213.png,SNE
train_17390.png,SNE
train_01950.png,LY
train_06397.png,SNE
train_19635.png,SNE
train_01803.png,BL
train_24942.png,SNE
train_08812.png,SNE
train_16039.png,SNE
train_05242.png,BL
train_16475.png,MO
train_14600.png,SNE
train_03507.png,BL
train_10416.png,LY
train_24507.png,LY
train_26969.png,SNE
train_05057.png,EO
train_16504.png,SNE
train_16891.png,MO
train_23114.png,MO
train_21137.png,MMY
train_09762.png,BL
train_15702.png,LY
train_05568.png,MO
train_18400.png,SNE
train_28480.png,BL
train_10909.png,LY
train_09322.png,SNE
train_25931.png,SNE
train_20866.png,BL
train_22834.png,LY
train_17916.png,MY
train_04608.png,MO
train_10610.png,BA
train_28729.png,SNE
train_26858.png,BL
train_11613.png,LY
train_12389.png,SNE
train_11604.png,LY
train_13730.png,BL
train_23373.png,BL
train_17094.png,LY
train_21564.png,LY
train_00901.png,SNE
train_16904.png,MO
train_04980.png,LY
train_25475.png,SNE
train_01337.png,LY
train_00024.png,BNE
train_21726.png,SNE
train_15718.png,SNE
train_15524.png,SNE
train_16366.png,SNE
train_27916.png,SNE
train_10915.png,LY
train_12126.png,LY
train_02259.png,BNE
train_18991.png,SNE
train_23573.png,LY
train_28377.png,MY
train_07843.png,SNE
train_16121.png,SNE
train_03241.png,EO
train_08045.png,MO
train_18309.png,MO
train_19925.png,MO
train_07777.png,SNE
train_24087.png,SNE
train_18600.png,SNE
train_26980.png,SNE
train_11399.png,LY
train_26963.png,SNE
train_01898.png,SNE
train_13486.png,PC
train_04839.png,SNE
train_20663.png,EO
train_06729.png,SNE
train_12893.png,LY
train_09726.png,LY
train_04012.png,SNE
train_03070.png,MY
train_24201.png,SNE
train_20968.png,SNE
train_03088.png,SNE
train_13122.png,EO
train_01266.png,SNE
train_23353.png,LY
train_01938.png,SNE
train_07935.png,SNE
train_17002.png,LY
train_13571.png,BL
train_03935.png,LY
train_24256.png,LY
train_00773.png,LY
train_23534.png,BL
train_00007.png,BL
train_05770.png,MO
train_12998.png,EO
train_16534.png,LY
train_25420.png,LY
train_05238.png,MO
train_05695.png,SNE
train_05455.png,LY
train_20575.png,SNE
train_02737.png,SNE
train_12504.png,BL
train_06434.png,BL
train_06141.png,LY
train_01529.png,SNE
train_02086.png,SNE
train_07902.png,SNE
train_22768.png,SNE
train_15832.png,BL
train_13369.png,SNE
train_26309.png,SNE
train_13639.png,SNE
train_22418.png,MO
train_03902.png,LY
train_07997.png,MY
train_13264.png,MMY
train_05644.png,SNE
train_22892.png,MO
train_12362.png,SNE
train_19694.png,MO
train_10844.png,LY
train_05779.png,LY
train_24180.png,SNE
train_17827.png,MO
train_18567.png,SNE
train_25215.png,SNE
train_04254.png,LY
train_18131.png,SNE
train_22308.png,SNE
train_19398.png,SNE
train_15952.png,MY
train_12564.png,MO
train_22194.png,SNE
train_27427.png,SNE
train_20177.png,BL
train_25601.png,LY
train_00317.png,LY
train_02320.png,MO
train_25035.png,SNE
train_00954.png,LY
train_21435.png,EO
train_25267.png,BL
train_12160.png,BA
train_02342.png,SNE
train_20276.png,LY
train_22053.png,BL
train_00933.png,SNE
train_23225.png,SNE
train_24107.png,MO
train_04567.png,SNE
train_00319.png,SNE
train_18457.png,SNE
train_00174.png,SNE
train_27852.png,MO
train_20052.png,BNE
train_17958.png,LY
train_10693.png,SNE
train_06815.png,SNE
train_05361.png,SNE
train_24591.png,LY
train_19306.png,LY
train_13692.png,SNE
train_12203.png,LY
train_23497.png,LY
train_20171.png,MY
train_11225.png,LY
train_09934.png,MO
train_12789.png,SNE
train_05747.png,SNE
train_20750.png,BA
train_09421.png,BL
train_06060.png,LY
train_23080.png,SNE
train_27428.png,MY
train_25579.png,MO
train_13965.png,LY
train_05070.png,SNE
train_06149.png,LY
train_23155.png,SNE
train_02686.png,LY
train_09680.png,SNE
train_25326.png,SNE
train_23987.png,SNE
train_18716.png,LY
train_13509.png,MO
train_18011.png,LY
train_03937.png,SNE
train_00226.png,SNE
train_21538.png,MO
train_12625.png,SNE
train_19299.png,SNE
train_25619.png,SNE
train_26854.png,LY
train_18553.png,SNE
train_15548.png,MO
train_06186.png,SNE
train_25685.png,LY
train_21260.png,LY
train_09900.png,SNE
train_17161.png,SNE
train_23204.png,SNE
train_25684.png,SNE
train_23583.png,LY
train_26916.png,MO
train_05365.png,LY
train_13940.png,SNE
train_09970.png,SNE
train_01174.png,SNE
train_05026.png,SNE
train_25436.png,SNE
train_23479.png,MO
train_21290.png,SNE
train_16809.png,BA
train_07252.png,LY
train_27676.png,BNE
train_03521.png,SNE
train_18092.png,SNE
train_10618.png,LY
train_14883.png,EO
train_23598.png,MO
train_17666.png,SNE
train_08232.png,BL
train_05492.png,BL
train_23191.png,LY
train_23124.png,LY
train_28273.png,LY
train_17926.png,BL
train_19969.png,SNE
train_11983.png,SNE
train_16916.png,LY
train_24337.png,LY
train_20187.png,MO
train_26944.png,LY
train_19074.png,PC
train_15064.png,SNE
train_15062.png,MMY
train_15511.png,SNE
train_00143.png,LY
train_27228.png,SNE
train_04752.png,LY
train_12637.png,MMY
train_03147.png,LY
train_08897.png,SNE
train_25975.png,MO
train_20236.png,LY
train_18655.png,LY
train_27498.png,PMY
train_01716.png,BL
train_04956.png,VLY
train_27450.png,SNE
train_06878.png,SNE
train_12181.png,SNE
train_17695.png,LY
train_24736.png,SNE
train_07621.png,SNE
train_21070.png,SNE
train_01554.png,MY
train_02340.png,LY
train_28253.png,SNE
train_20523.png,MO
train_24604.png,LY
train_14633.png,LY
train_08800.png,MO
train_05547.png,LY
train_16582.png,SNE
train_02998.png,SNE
train_01566.png,LY
train_14369.png,LY
train_28056.png,BL
train_27570.png,BL
train_18797.png,MO
train_23742.png,BL
train_13569.png,SNE
train_27437.png,BL
train_05801.png,SNE
train_26977.png,LY
train_16660.png,LY
train_02534.png,LY
train_21413.png,LY
train_10449.png,SNE
train_14347.png,SNE
train_28487.png,SNE
train_02968.png,MO
train_08060.png,LY
train_23189.png,LY
train_21623.png,SNE
train_20453.png,BA
train_05311.png,SNE
train_23786.png,MO
train_27391.png,LY
train_25616.png,MMY
train_18698.png,SNE
train_08861.png,SNE
train_24149.png,LY
train_09987.png,LY
train_19010.png,LY
train_01848.png,SNE
train_13468.png,SNE
train_01155.png,LY
train_02515.png,SNE
train_04820.png,SNE
train_03837.png,EO
train_08276.png,MO
train_00487.png,SNE
train_25128.png,SNE
train_19115.png,MO
train_17707.png,SNE
train_27336.png,LY
train_00971.png,MO
train_11729.png,SNE
train_28828.png,LY
train_21536.png,BNE
train_19987.png,SNE
train_00532.png,SNE
train_01542.png,BNE
train_14780.png,SNE
train_17904.png,EO
train_01540.png,SNE
train_28338.png,SNE
train_27597.png,LY
train_08606.png,SNE
train_20989.png,SNE
train_20997.png,SNE
train_28531.png,SNE
train_16446.png,SNE
train_19743.png,PMY
train_01685.png,LY
train_00466.png,LY
train_10888.png,MO
train_18473.png,SNE
train_26208.png,BL
train_06737.png,LY
train_11250.png,SNE
train_13405.png,SNE
train_10182.png,BL
train_01454.png,LY
train_26879.png,BL
train_01651.png,LY
train_19559.png,LY
train_26551.png,SNE
train_00681.png,MO
train_11828.png,SNE
train_18153.png,SNE
train_19501.png,LY
train_10836.png,SNE
train_11630.png,MO
train_27033.png,LY
train_14884.png,SNE
train_01231.png,LY
train_06016.png,SNE
train_10062.png,SNE
train_16759.png,SNE
train_03079.png,LY
train_05460.png,LY
train_00280.png,SNE
train_22802.png,MO
train_03546.png,LY
train_02979.png,LY
train_05374.png,SNE
train_00888.png,SNE
train_19707.png,MO
train_01122.png,SNE
train_15165.png,LY
train_17743.png,LY
train_20346.png,MY
train_15324.png,SNE
train_23262.png,LY
train_02527.png,MY
train_07564.png,EO
train_14578.png,MMY
train_12935.png,SNE
train_18097.png,SNE
train_11596.png,SNE
train_27408.png,LY
train_19788.png,BL
train_24764.png,SNE
train_11850.png,MO
train_09779.png,BA
train_26810.png,LY
train_04798.png,SNE
train_16559.png,SNE
train_17505.png,MO
train_13953.png,SNE
train_26366.png,SNE
train_27704.png,BL
train_18887.png,MO
train_18247.png,LY
train_14001.png,SNE
train_18850.png,SNE
train_20404.png,MO
train_06355.png,SNE
train_19672.png,PMY
train_13499.png,LY
train_18066.png,LY
train_05848.png,SNE
train_25909.png,SNE
train_16644.png,SNE
train_01354.png,SNE
train_25833.png,SNE
train_15443.png,LY
train_03144.png,VLY
train_00989.png,BL
train_18690.png,BNE
train_05968.png,SNE
train_20501.png,SNE
train_00814.png,BL
train_01877.png,MO
train_17008.png,EO
train_28658.png,SNE
train_16347.png,SNE
train_28440.png,SNE
train_27279.png,SNE
train_03045.png,SNE
train_12158.png,LY
train_06466.png,SNE
train_16833.png,MY
train_18010.png,VLY
train_06788.png,LY
train_07027.png,LY
train_02209.png,BL
train_22015.png,SNE
train_07354.png,BL
train_20022.png,LY
train_08306.png,LY
train_08338.png,LY
train_16005.png,SNE
train_25275.png,SNE
train_23901.png,LY
train_14558.png,SNE
train_26648.png,MO
train_15654.png,SNE
train_25750.png,MMY
train_15153.png,SNE
train_26966.png,LY
train_11936.png,BL
train_21924.png,EO
train_04671.png,LY
train_19079.png,BNE
train_24696.png,SNE
train_18879.png,SNE
train_20462.png,LY
train_16201.png,SNE
train_03951.png,LY
train_15909.png,SNE
train_13285.png,LY
train_27790.png,LY
train_18674.png,SNE
train_25519.png,SNE
train_16108.png,SNE
train_01853.png,SNE
train_24043.png,EO
train_11784.png,LY
train_04960.png,EO
train_22956.png,LY
train_02741.png,BL
train_27757.png,SNE
train_15452.png,EO
train_12516.png,SNE
train_01012.png,BL
train_03618.png,LY
train_13625.png,EO
train_27482.png,SNE
train_18703.png,SNE
train_14896.png,SNE
train_01036.png,LY
train_18182.png,LY
train_03861.png,BL
train_08248.png,SNE
train_23131.png,BL
train_11645.png,BL
train_25779.png,SNE
train_13728.png,SNE
train_03729.png,SNE
train_25730.png,SNE
train_08786.png,MO
train_06292.png,MY
train_24252.png,LY
train_22111.png,SNE
train_12881.png,SNE
train_23144.png,LY
train_07371.png,MO
train_22987.png,SNE
train_00353.png,LY
train_16979.png,LY
train_13319.png,MO
train_10495.png,MO
train_25303.png,LY
train_04734.png,LY
train_19680.png,MO
train_20023.png,SNE
train_13758.png,MO
train_21854.png,BNE
train_18725.png,EO
train_25263.png,SNE
train_19420.png,LY
train_14192.png,MO
train_20233.png,LY
train_21077.png,BL
train_20135.png,SNE
train_23904.png,SNE
train_15522.png,LY
train_06463.png,LY
train_23825.png,SNE
train_17618.png,SNE
train_14179.png,LY
train_19567.png,LY
train_20909.png,SNE
train_03065.png,SNE
train_01148.png,LY
train_20253.png,LY
train_03440.png,MO
train_04957.png,LY
train_24785.png,SNE
train_23274.png,LY
train_20532.png,SNE
train_11100.png,SNE
train_03250.png,LY
train_02498.png,LY
train_10474.png,LY
train_03087.png,LY
train_12668.png,LY
train_28359.png,SNE
train_20991.png,SNE
train_08549.png,MO
train_20430.png,SNE
train_10782.png,SNE
train_05661.png,LY
train_12586.png,SNE
train_14005.png,SNE
train_09918.png,SNE
train_02609.png,SNE
train_27559.png,MY
train_25125.png,SNE
train_04333.png,SNE
train_07346.png,BL
train_10030.png,MO
train_15748.png,MO
train_05556.png,LY
train_03690.png,MO
train_23293.png,MO
train_12009.png,MO
train_08424.png,MO
train_24198.png,SNE
train_02221.png,LY
train_12870.png,LY
train_28521.png,LY
train_06125.png,LY
train_06772.png,SNE
train_18233.png,LY
train_22844.png,LY
train_16884.png,SNE
train_00451.png,LY
train_01247.png,SNE
train_00495.png,LY
train_07345.png,LY
train_13202.png,MO
train_27835.png,MY
train_00079.png,SNE
train_14224.png,MO
train_21716.png,SNE
train_12805.png,SNE
train_28221.png,SNE
train_17590.png,SNE
train_11534.png,SNE
train_12242.png,SNE
train_12457.png,SNE
train_22410.png,BL
train_21483.png,SNE
train_10923.png,SNE
train_08182.png,SNE
train_06311.png,SNE
train_20550.png,SNE
train_20270.png,MO
train_28109.png,MO
train_20046.png,VLY
train_00195.png,LY
train_28821.png,SNE
train_20206.png,LY
train_12710.png,EO
train_20971.png,SNE
train_21832.png,SNE
train_20469.png,LY
train_22309.png,SNE
train_27247.png,LY
train_06810.png,SNE
train_14594.png,MO
train_06090.png,LY
train_03983.png,SNE
train_07038.png,MO
train_09897.png,MO
train_01581.png,BL
train_25200.png,SNE
train_12240.png,SNE
train_19928.png,BNE
train_05653.png,SNE
train_03304.png,SNE
train_22930.png,LY
train_01620.png,SNE
train_28763.png,SNE
train_21361.png,LY
train_06964.png,SNE
train_24989.png,SNE
train_19056.png,SNE
train_28589.png,SNE
train_00267.png,SNE
train_13162.png,SNE
train_08366.png,BL
train_13797.png,MO
train_12348.png,SNE
train_08734.png,SNE
train_03580.png,LY
train_25309.png,SNE
train_17148.png,LY
train_17746.png,SNE
train_11885.png,MO
train_25890.png,SNE
train_24490.png,MO
train_21979.png,VLY
train_28331.png,MY
train_11096.png,BL
train_20668.png,BL
train_05468.png,SNE
train_17041.png,EO
train_04696.png,MO
train_28413.png,BNE
train_25560.png,EO
train_03619.png,MO
train_26068.png,LY
train_01427.png,SNE
train_07092.png,SNE
train_02660.png,LY
train_16493.png,SNE
train_26587.png,SNE
train_14045.png,BL
train_18926.png,SNE
train_22531.png,SNE
train_13586.png,SNE
train_20963.png,SNE
train_21888.png,SNE
train_02032.png,LY
train_19361.png,SNE
train_19114.png,BL
train_02163.png,SNE
train_09642.png,VLY
train_08825.png,SNE
train_03806.png,SNE
train_05951.png,SNE
train_05735.png,SNE
train_19861.png,SNE
train_03180.png,LY
train_11731.png,SNE
train_01508.png,SNE
train_16060.png,SNE
train_09901.png,SNE
train_27331.png,LY
train_25030.png,PC
train_15974.png,LY
train_13791.png,SNE
train_26955.png,LY
train_27637.png,SNE
train_02204.png,SNE
train_04931.png,LY
train_14867.png,SNE
train_02889.png,BNE
train_03291.png,LY
train_16400.png,VLY
train_10709.png,SNE
train_14885.png,MY
train_26579.png,LY
train_04145.png,SNE
train_08334.png,LY
train_21382.png,SNE
train_21742.png,LY
train_04619.png,SNE
train_16489.png,VLY
train_01027.png,BL
train_02770.png,VLY
train_05724.png,BL
train_15786.png,SNE
train_14394.png,SNE
train_16067.png,SNE
train_01445.png,BL
train_09306.png,LY
train_27191.png,MO
train_19570.png,SNE
train_02640.png,LY
train_14925.png,SNE
train_13357.png,SNE
train_02242.png,LY
train_22605.png,SNE
train_24045.png,LY
train_15539.png,BL
train_17632.png,BL
train_12514.png,LY
train_06990.png,SNE
train_15367.png,SNE
train_21275.png,SNE
train_01548.png,BL
train_00721.png,MMY
train_16952.png,MO
train_02762.png,MO
train_17162.png,SNE
train_25930.png,MO
train_18538.png,SNE
train_19298.png,LY
train_03153.png,LY
train_16633.png,SNE
train_13835.png,SNE
train_20512.png,SNE
train_23827.png,MO
train_10125.png,LY
train_06909.png,SNE
train_09871.png,SNE
train_17704.png,LY
train_16433.png,SNE
train_06255.png,LY
train_21808.png,LY
train_10317.png,MO
train_03164.png,SNE
train_22258.png,SNE
train_18416.png,SNE
train_17933.png,LY
train_18552.png,EO
train_19972.png,LY
train_10504.png,LY
train_03758.png,SNE
train_04128.png,SNE
train_13152.png,LY
train_04771.png,LY
train_16223.png,MO
train_05144.png,SNE
train_26911.png,SNE
train_10746.png,SNE
train_07222.png,LY
train_03449.png,SNE
train_13329.png,SNE
train_23198.png,MO
train_13567.png,EO
train_19295.png,SNE
train_26780.png,SNE
train_14315.png,BNE
train_07947.png,SNE
train_18678.png,LY
train_08019.png,SNE
train_14721.png,SNE
train_07767.png,SNE
train_22813.png,MY
train_02799.png,SNE
train_07646.png,LY
train_17728.png,SNE
train_11312.png,LY
train_06926.png,LY
train_24790.png,SNE
train_21194.png,SNE
train_09894.png,SNE
train_16211.png,SNE
train_03772.png,SNE
train_15056.png,SNE
train_21310.png,BA
train_08427.png,LY
train_20820.png,SNE
train_02446.png,SNE
train_03525.png,LY
train_17563.png,SNE
train_13106.png,SNE
train_03077.png,SNE
train_15200.png,LY
train_26593.png,BL
train_14846.png,SNE
train_07016.png,LY
train_08059.png,VLY
train_02763.png,SNE
train_02571.png,LY
train_17915.png,SNE
train_11491.png,SNE
train_08447.png,SNE
train_06625.png,SNE
train_21279.png,LY
train_00296.png,SNE
train_09616.png,SNE
train_25422.png,SNE
train_17787.png,SNE
train_25292.png,LY
train_25938.png,SNE
train_14155.png,SNE
train_07471.png,SNE
train_06820.png,SNE
train_02881.png,LY
train_26269.png,SNE
train_23139.png,SNE
train_23390.png,SNE
train_16384.png,LY
train_08293.png,PC
train_03794.png,SNE
train_09669.png,MO
train_22923.png,MO
train_22724.png,MY
train_28291.png,SNE
train_04678.png,LY
train_12366.png,BL
train_03670.png,SNE
train_08577.png,LY
train_00941.png,SNE
train_11940.png,SNE
train_10285.png,LY
train_03260.png,VLY
train_04526.png,SNE
train_02068.png,SNE
train_05531.png,SNE
train_07337.png,LY
train_28247.png,MO
train_08466.png,SNE
train_15286.png,LY
train_15038.png,SNE
train_09405.png,LY
train_00217.png,MO
train_18513.png,LY
train_15222.png,LY
train_15252.png,SNE
train_23473.png,BL
train_15709.png,BL
train_18366.png,SNE
train_19870.png,SNE
train_22177.png,SNE
train_17637.png,LY
train_07213.png,LY
train_26564.png,SNE
train_26836.png,SNE
train_04405.png,SNE
train_20812.png,EO
train_23049.png,LY
train_07357.png,LY
train_05708.png,SNE
train_22596.png,SNE
train_23894.png,SNE
train_05391.png,LY
train_12902.png,SNE
train_04313.png,MMY
train_15071.png,SNE
train_05837.png,LY
train_07884.png,MO
train_04398.png,EO
train_26565.png,LY
train_13656.png,SNE
train_19631.png,LY
train_21619.png,LY
train_11614.png,SNE
train_19637.png,MMY
train_05151.png,SNE
train_15764.png,BL
train_21211.png,EO
train_08483.png,SNE
train_14626.png,SNE
train_24116.png,SNE
train_08974.png,BL
train_21875.png,BL
train_25824.png,SNE
train_06051.png,LY
train_01727.png,MO
train_18641.png,BL
train_09147.png,SNE
train_25379.png,SNE
train_20559.png,SNE
train_13699.png,MO
train_12897.png,LY
train_15029.png,LY
train_28617.png,SNE
train_22542.png,LY
train_03499.png,SNE
train_21379.png,PMY
train_24819.png,SNE
train_17697.png,LY
train_28786.png,SNE
train_10399.png,BL
train_02361.png,LY
train_14244.png,SNE
train_13121.png,MO
train_03849.png,SNE
train_03793.png,LY
train_24854.png,SNE
train_14329.png,SNE
train_27056.png,MO
train_07766.png,SNE
train_04877.png,LY
train_24845.png,SNE
train_05579.png,PC
train_18555.png,SNE
train_24637.png,LY
train_19261.png,MO
train_16428.png,SNE
train_06937.png,SNE
train_12072.png,MO
train_00436.png,SNE
train_04240.png,SNE
train_11549.png,LY
train_21319.png,SNE
train_06499.png,LY
train_22598.png,MO
train_06212.png,LY
train_26224.png,SNE
train_22546.png,SNE
train_01225.png,LY
train_18026.png,LY
train_18394.png,SNE
train_11218.png,LY
train_23180.png,SNE
train_04109.png,BL
train_21502.png,LY
train_01286.png,LY
train_00506.png,LY
train_27996.png,MMY
train_27647.png,LY
train_02115.png,MY
train_17880.png,SNE
train_26470.png,BL
train_17279.png,LY
train_06559.png,LY
train_25850.png,SNE
train_17598.png,LY
train_22725.png,MO
train_19077.png,SNE
train_07501.png,SNE
train_16731.png,LY
train_11220.png,SNE
train_23380.png,BNE
train_18675.png,SNE
train_04755.png,SNE
train_09771.png,SNE
train_07321.png,BL
train_25423.png,SNE
train_25480.png,LY
train_13112.png,SNE
train_26405.png,SNE
train_23788.png,BL
train_18867.png,SNE
train_10818.png,LY
train_13543.png,SNE
train_04996.png,SNE
train_22863.png,SNE
train_19027.png,SNE
train_25578.png,SNE
train_04792.png,LY
train_17370.png,SNE
train_00551.png,SNE
train_04224.png,SNE
train_01789.png,LY
train_03473.png,PMY
train_05135.png,MO
train_10174.png,VLY
train_23386.png,LY
train_18775.png,SNE
train_24073.png,SNE
train_09117.png,EO
train_05814.png,BL
train_15463.png,VLY
train_04695.png,MO
train_03602.png,SNE
train_25487.png,SNE
train_10784.png,LY
train_23486.png,MO
train_23421.png,EO
train_08274.png,MO
train_21013.png,SNE
train_24035.png,SNE
train_00157.png,BL
train_13148.png,SNE
train_28125.png,EO
train_10306.png,LY
train_10077.png,SNE
train_05141.png,SNE
train_18653.png,BL
train_11070.png,SNE
train_26602.png,BL
train_03379.png,SNE
train_13952.png,BL
train_04566.png,LY
train_01224.png,MO
train_28238.png,LY
train_08888.png,SNE
train_10096.png,LY
train_09665.png,BA
train_12600.png,LY
train_28850.png,SNE
train_25834.png,SNE
train_10534.png,BA
train_08704.png,SNE
train_04620.png,MO
train_23666.png,SNE
train_17894.png,LY
train_19320.png,BNE
train_28484.png,SNE
train_05584.png,SNE
train_16052.png,BA
train_04212.png,LY
train_01241.png,MO
train_25232.png,LY
train_08268.png,LY
train_20204.png,SNE
train_18681.png,BL
train_12497.png,SNE
train_07286.png,SNE
train_16709.png,LY
train_09348.png,SNE
train_06039.png,SNE
train_07753.png,SNE
train_13013.png,VLY
train_07131.png,SNE
train_13798.png,SNE
train_07709.png,SNE
train_25056.png,LY
train_06239.png,SNE
train_26616.png,SNE
train_02168.png,MO
train_09358.png,SNE
train_02791.png,SNE
train_09194.png,SNE
train_09911.png,SNE
train_28438.png,LY
train_26775.png,LY
train_18176.png,LY
train_03820.png,LY
train_05488.png,EO
train_14129.png,SNE
train_13907.png,SNE
train_12491.png,SNE
train_05844.png,LY
train_01800.png,SNE
train_13939.png,LY
train_15132.png,MO
train_04930.png,MO
train_05795.png,LY
train_21591.png,MO
train_16487.png,LY
train_00491.png,SNE
train_20694.png,LY
train_02950.png,SNE
train_09122.png,SNE
train_22425.png,LY
train_05608.png,LY
train_06361.png,MO
train_24130.png,SNE
train_22380.png,SNE
train_12449.png,SNE
train_02143.png,SNE
train_12520.png,LY
train_14337.png,LY
train_08991.png,BL
train_07358.png,MO
train_12208.png,MO
train_19952.png,SNE
train_11084.png,SNE
train_13478.png,SNE
train_12252.png,SNE
train_13435.png,SNE
train_06117.png,LY
train_08372.png,SNE
train_19906.png,SNE
train_06856.png,LY
train_18587.png,SNE
train_17818.png,LY
train_00214.png,SNE
train_09910.png,LY
train_27267.png,SNE
train_14197.png,LY
train_25925.png,LY
train_13600.png,MMY
train_18859.png,MY
train_24423.png,BNE
train_08884.png,LY
train_21203.png,BNE
train_19022.png,LY
train_09404.png,LY
train_07958.png,MO
train_09245.png,SNE
train_01934.png,SNE
train_07108.png,SNE
train_16332.png,SNE
train_20432.png,LY
train_07037.png,LY
train_24755.png,SNE
train_19333.png,SNE
train_21972.png,LY
train_28406.png,LY
train_14566.png,SNE
train_19883.png,SNE
train_07789.png,SNE
train_12010.png,SNE
train_24350.png,SNE
train_03231.png,MY
train_11370.png,SNE
train_05617.png,PLY
train_26603.png,LY
train_13932.png,BL
train_10948.png,BA
train_26213.png,SNE
train_11309.png,SNE
train_28214.png,BL
train_16949.png,LY
train_03757.png,LY
train_10998.png,SNE
train_14003.png,BL
train_03748.png,LY
train_10786.png,MO
train_21424.png,SNE
train_13641.png,PMY
train_15918.png,SNE
train_20425.png,SNE
train_04878.png,LY
train_21973.png,SNE
train_03834.png,MMY
train_17500.png,SNE
train_08846.png,LY
train_11205.png,LY
train_22739.png,SNE
train_08558.png,BL
train_20457.png,LY
train_04247.png,LY
train_08036.png,SNE
train_01899.png,LY
train_28374.png,SNE
train_14863.png,SNE
train_05352.png,LY
train_27270.png,MO
train_18588.png,SNE
train_02139.png,LY
train_02545.png,SNE
train_07642.png,SNE
train_15043.png,LY
train_03589.png,SNE
train_04445.png,LY
train_18240.png,MO
train_20370.png,MO
train_01310.png,MO
train_08792.png,SNE
train_27257.png,SNE
train_18486.png,LY
train_01295.png,LY
train_25530.png,PMY
train_24441.png,VLY
train_22263.png,SNE
train_20627.png,SNE
train_04356.png,SNE
train_00474.png,LY
train_15546.png,LY
train_22437.png,SNE
train_01162.png,LY
train_22242.png,BL
train_01108.png,BL
train_27433.png,SNE
train_18056.png,SNE
train_22579.png,LY
train_26148.png,BL
train_11031.png,MO
train_08431.png,BL
train_04893.png,MO
train_05138.png,LY
train_08399.png,SNE
train_23282.png,MO
train_20411.png,MO
train_15652.png,SNE
train_24547.png,SNE
train_08411.png,SNE
train_04123.png,SNE
train_27006.png,SNE
train_16975.png,SNE
train_14310.png,LY
train_22270.png,BL
train_10461.png,BL
train_24230.png,LY
train_28399.png,LY
train_22652.png,SNE
train_25097.png,MY
train_03905.png,SNE
train_17851.png,LY
train_01646.png,SNE
train_13592.png,SNE
train_25786.png,MO
train_22480.png,BA
train_04085.png,LY
train_01783.png,LY
train_19017.png,MO
train_26331.png,SNE
train_17363.png,SNE
train_12633.png,SNE
train_26260.png,SNE
train_10696.png,SNE
train_14955.png,BL
train_21173.png,MO
train_11304.png,BL
train_20445.png,LY
train_24965.png,SNE
train_02270.png,SNE
train_11836.png,SNE
train_10575.png,SNE
train_28660.png,SNE
train_03056.png,LY
train_00120.png,SNE
train_28552.png,LY
train_17826.png,LY
train_05406.png,BL
train_16513.png,MO
train_05405.png,LY
train_04649.png,LY
train_06502.png,LY
train_18893.png,SNE
train_22564.png,MY
train_10501.png,SNE
train_08006.png,SNE
train_21983.png,LY
train_26179.png,LY
train_28787.png,LY
train_00847.png,MO
train_17051.png,LY
train_14942.png,LY
train_05895.png,LY
train_09985.png,BA
train_26147.png,LY
train_20722.png,MY
train_05276.png,SNE
train_03573.png,LY
train_19391.png,SNE
train_28226.png,SNE
train_13316.png,SNE
train_00460.png,LY
train_12145.png,BL
train_02923.png,BL
train_04809.png,MO
train_09852.png,LY
train_19055.png,SNE
train_16599.png,BL
train_08310.png,LY
train_22247.png,LY
train_04485.png,SNE
train_23138.png,MO
train_27569.png,SNE
train_00738.png,LY
train_23810.png,LY
train_26994.png,SNE
train_11870.png,SNE
train_00488.png,BA
train_01593.png,LY
train_01634.png,SNE
train_07165.png,LY
train_18381.png,MO
train_26216.png,SNE
train_14747.png,LY
train_05212.png,SNE
train_01367.png,SNE
train_10224.png,BL
train_05876.png,LY
train_09641.png,SNE
train_09298.png,SNE
train_05818.png,BL
train_17201.png,BA
train_07956.png,LY
train_05503.png,LY
train_22019.png,BL
train_09510.png,SNE
train_04525.png,SNE
train_28417.png,SNE
train_06581.png,EO
train_06063.png,SNE
train_21642.png,MO
train_07389.png,SNE
train_15643.png,BA
train_14993.png,SNE
train_12797.png,MO
train_03883.png,SNE
train_02126.png,SNE
train_06200.png,SNE
train_14686.png,SNE
train_13399.png,SNE
train_20157.png,LY
train_12686.png,SNE
train_01030.png,SNE
train_06410.png,LY
train_07990.png,BL
train_10896.png,SNE
train_18798.png,EO
train_07293.png,LY
train_02055.png,MO
train_05095.png,MO
train_15435.png,SNE
train_09787.png,BA
train_06550.png,SNE
train_24363.png,SNE
train_21296.png,SNE
train_08346.png,LY
train_07326.png,BNE
train_20348.png,PMY
train_15551.png,LY
train_00634.png,SNE
train_12859.png,SNE
train_23846.png,SNE
train_13041.png,LY
train_20633.png,LY
train_01131.png,SNE
train_25213.png,BL
train_05266.png,SNE
train_15647.png,LY
train_14742.png,LY
train_10952.png,MO
train_07817.png,BA
train_00601.png,SNE
train_14755.png,SNE
train_17086.png,SNE
train_24383.png,LY
train_04725.png,SNE
train_27390.png,MO
train_07018.png,SNE
train_07119.png,SNE
train_17182.png,SNE
train_25397.png,SNE
train_24865.png,SNE
train_03799.png,LY
train_22384.png,SNE
train_21959.png,LY
train_21825.png,SNE
train_17976.png,LY
train_17359.png,SNE
train_04248.png,LY
train_23674.png,LY
train_22207.png,SNE
train_02781.png,SNE
train_12731.png,SNE
train_09716.png,MO
train_08184.png,MO
train_23855.png,LY
train_11297.png,LY
train_24947.png,SNE
train_11264.png,SNE
train_26055.png,SNE
train_11503.png,LY
train_28410.png,SNE
train_02975.png,SNE
train_05292.png,LY
train_12858.png,MMY
train_13174.png,SNE
train_03724.png,SNE
train_25254.png,EO
train_12868.png,SNE
train_16674.png,SNE
train_16697.png,LY
train_25507.png,LY
train_20347.png,SNE
train_00163.png,BL
train_08878.png,SNE
train_06265.png,BL
train_10177.png,BA
train_20086.png,SNE
train_09522.png,BL
train_11483.png,MO
train_18365.png,SNE
train_07454.png,LY
train_02398.png,LY
train_19422.png,SNE
train_11024.png,SNE
train_24392.png,SNE
train_08070.png,SNE
train_28318.png,SNE
train_11824.png,LY
train_14551.png,EO
train_22154.png,LY
train_10742.png,SNE
train_17568.png,MO
train_02497.png,BL
train_09652.png,SNE
train_04766.png,EO
train_03018.png,LY
train_24278.png,LY
train_08527.png,LY
train_22916.png,LY
train_01107.png,EO
train_03049.png,SNE
train_00910.png,SNE
train_18175.png,SNE
train_10479.png,SNE
train_21675.png,LY
train_21069.png,SNE
train_01221.png,SNE
train_23784.png,SNE
train_14768.png,BA
train_25456.png,MO
train_01433.png,SNE
train_25610.png,SNE
train_04616.png,LY
train_00350.png,SNE
train_17929.png,MMY
train_27654.png,SNE
train_23280.png,LY
train_10908.png,MO
train_12689.png,BA
train_23840.png,SNE
train_04406.png,BL
train_01788.png,LY
train_18963.png,BA
train_17414.png,LY
train_11838.png,LY
train_02352.png,SNE
train_12756.png,SNE
train_21711.png,LY
train_01018.png,SNE
train_12606.png,LY
train_14449.png,EO
train_07523.png,LY
train_16933.png,MO
train_00055.png,SNE
train_12987.png,SNE
train_21040.png,LY
train_08284.png,MO
train_00142.png,LY
train_08125.png,LY
train_28432.png,SNE
train_11505.png,SNE
train_09850.png,SNE
train_12038.png,SNE
train_11197.png,SNE
train_14283.png,LY
train_27415.png,SNE
train_10756.png,SNE
train_28572.png,BL
train_24669.png,LY
train_25293.png,SNE
train_21880.png,BA
train_02067.png,SNE
train_10342.png,SNE
train_04720.png,LY
train_13696.png,SNE
train_12996.png,LY
train_27544.png,SNE
train_00289.png,SNE
train_05517.png,LY
train_04939.png,BNE
train_11076.png,SNE
train_03597.png,MO
train_01600.png,LY
train_20441.png,LY
train_24482.png,SNE
train_01097.png,LY
train_11641.png,LY
train_20938.png,LY
train_24089.png,BL
train_19895.png,BA
train_08757.png,BNE
train_26872.png,LY
train_13943.png,MO
train_18317.png,SNE
train_18280.png,LY
train_20339.png,SNE
train_02318.png,LY
train_23214.png,MO
train_09187.png,SNE
train_07279.png,LY
train_24825.png,SNE
train_21298.png,LY
train_11094.png,BA
train_14491.png,LY
train_08458.png,LY
train_08992.png,SNE
train_16341.png,MO
train_21748.png,SNE
train_20679.png,SNE
train_07946.png,BNE
train_17170.png,SNE
train_24099.png,SNE
train_17917.png,SNE
train_14408.png,SNE
train_27479.png,LY
train_06777.png,LY
train_16544.png,VLY
train_03448.png,SNE
train_25984.png,SNE
train_09491.png,MO
train_05077.png,MO
train_18111.png,LY
train_28801.png,LY
train_16946.png,SNE
train_07593.png,SNE
train_07536.png,SNE
train_06464.png,SNE
train_21157.png,SNE
train_03665.png,BL
train_18638.png,SNE
train_19250.png,SNE
train_00364.png,SNE
train_26626.png,MO
train_27435.png,SNE
train_12050.png,SNE
train_17596.png,SNE
train_19265.png,SNE
train_20551.png,LY
train_09174.png,LY
train_02266.png,SNE
train_16498.png,LY
train_13978.png,SNE
train_06309.png,SNE
train_18281.png,LY
train_07929.png,MO
train_03500.png,BL
train_18285.png,SNE
train_17031.png,LY
train_03659.png,SNE
train_25865.png,SNE
train_25588.png,SNE
train_26611.png,LY
train_17344.png,EO
train_23709.png,LY
train_07223.png,LY
train_02066.png,SNE
train_13672.png,SNE
train_26571.png,LY
train_11190.png,SNE
train_08654.png,LY
train_06190.png,LY
train_21590.png,SNE
train_08626.png,SNE
train_18806.png,SNE
train_22032.png,BL
train_03274.png,MO
train_19551.png,LY
train_16766.png,SNE
train_02137.png,SNE
train_02241.png,SNE
train_14788.png,BL
train_01106.png,SNE
train_09938.png,LY
train_18937.png,SNE
train_00064.png,SNE
train_13925.png,SNE
train_05578.png,MO
train_23522.png,PC
train_15870.png,MO
train_21597.png,LY
train_23847.png,MO
train_07255.png,SNE
train_20765.png,MO
train_22890.png,MO
train_03895.png,BL
train_00977.png,BL
train_05218.png,SNE
train_06563.png,SNE
train_16402.png,LY
train_03700.png,BNE
train_13737.png,SNE
train_25129.png,SNE
train_16894.png,SNE
train_14086.png,BL
train_00905.png,LY
train_18815.png,SNE
train_16257.png,SNE
train_25048.png,SNE
train_00534.png,SNE
train_02822.png,BL
train_14055.png,SNE
train_24232.png,MO
train_22900.png,SNE
train_14535.png,SNE
train_12030.png,SNE
train_19213.png,MO
train_24021.png,LY
train_23663.png,SNE
train_18606.png,LY
train_18047.png,SNE
train_25661.png,LY
train_23334.png,BL
train_24658.png,LY
train_21627.png,SNE
train_20004.png,SNE
train_03246.png,MO
train_01095.png,PC
train_09996.png,SNE
train_10670.png,BL
train_26256.png,SNE
train_00150.png,LY
train_17712.png,SNE
train_22013.png,SNE
train_19178.png,MO
train_02709.png,SNE
train_09264.png,SNE
train_12699.png,BA
train_13326.png,LY
train_13964.png,SNE
train_03132.png,SNE
train_11949.png,LY
train_23279.png,MO
train_17308.png,LY
train_25414.png,LY
train_04808.png,SNE
train_27811.png,MO
train_01181.png,LY
train_11287.png,SNE
train_19402.png,LY
train_26173.png,SNE
train_28790.png,SNE
train_18969.png,BL
train_11228.png,SNE
train_16770.png,SNE
train_21205.png,SNE
train_10442.png,LY
train_07180.png,SNE
train_25654.png,SNE
train_02756.png,SNE
train_00349.png,LY
train_10681.png,LY
train_20701.png,SNE
train_23985.png,LY
train_03110.png,SNE
train_01353.png,BNE
train_23673.png,LY
train_13852.png,LY
train_00103.png,SNE
train_22933.png,SNE
train_19596.png,BL
train_04434.png,LY
train_03517.png,SNE
train_11947.png,LY
train_06220.png,SNE
train_02238.png,SNE
train_06175.png,LY
train_13178.png,SNE
train_00521.png,SNE
train_16583.png,SNE
train_22035.png,LY
train_23504.png,SNE
train_26642.png,MO
train_27254.png,MO
train_27988.png,EO
train_14399.png,SNE
train_28847.png,SNE
train_18241.png,LY
train_20584.png,SNE
train_28799.png,SNE
train_16025.png,LY
train_16527.png,SNE
train_17304.png,LY
train_23330.png,LY
train_22528.png,MO
train_07876.png,SNE
train_09024.png,SNE
train_28779.png,MO
train_16930.png,MO
train_05553.png,SNE
train_05304.png,SNE
train_13944.png,SNE
train_18300.png,SNE
train_24142.png,SNE
train_13220.png,SNE
train_05880.png,LY
train_25354.png,LY
train_15679.png,LY
train_01114.png,MO
train_08301.png,MO
train_14758.png,LY
train_22240.png,MO
train_07104.png,BL
train_06070.png,SNE
train_19370.png,LY
train_03875.png,MO
train_25537.png,MO
train_02467.png,LY
train_14791.png,SNE
train_00842.png,MO
train_07729.png,MO
train_24029.png,BNE
train_05308.png,LY
train_09409.png,SNE
train_15829.png,BL
train_01885.png,SNE
train_12677.png,SNE
train_18262.png,BA
train_28008.png,SNE
train_05190.png,MO
train_01259.png,SNE
train_20905.png,LY
train_26950.png,LY
train_11697.png,SNE
train_28737.png,VLY
train_12669.png,MO
train_27208.png,BL
train_09960.png,SNE
train_05330.png,LY
train_15561.png,EO
train_01094.png,MMY
train_00067.png,LY
train_12285.png,SNE
train_15297.png,SNE
train_02905.png,BL
train_18633.png,SNE
train_13165.png,SNE
train_04737.png,MO
train_24077.png,LY
train_05477.png,MO
train_27697.png,SNE
train_00689.png,SNE
train_19367.png,VLY
train_10528.png,SNE
train_18882.png,SNE
train_28047.png,LY
train_01091.png,BL
train_14855.png,BL
train_05934.png,LY
train_09781.png,SNE
train_20081.png,LY
train_00430.png,MO
train_03911.png,SNE
train_13140.png,SNE
train_09344.png,MO
train_28519.png,LY
train_28415.png,SNE
train_01893.png,MO
train_18186.png,SNE
train_01468.png,SNE
train_27529.png,SNE
train_15827.png,MO
train_04385.png,SNE
train_22368.png,LY
train_25328.png,LY
train_24759.png,SNE
train_22755.png,LY
train_15989.png,LY
train_27094.png,SNE
train_06142.png,BL
train_18117.png,LY
train_12931.png,MY
train_08159.png,MO
train_23947.png,PMY
train_05506.png,LY
train_10751.png,LY
train_13191.png,LY
train_18188.png,MO
train_28624.png,MO
train_20503.png,MO
train_15538.png,EO
train_22556.png,MO
train_06749.png,BNE
train_07135.png,SNE
train_21396.png,SNE
train_22082.png,SNE
train_00261.png,SNE
train_21257.png,MMY
train_08753.png,MO
train_10878.png,MMY
train_08869.png,EO
train_04556.png,LY
train_09870.png,SNE
train_12510.png,MO
train_25566.png,SNE
train_15348.png,SNE
train_12652.png,BA
train_12770.png,SNE
train_01314.png,LY
train_18283.png,MO
train_23725.png,SNE
train_23197.png,SNE
train_02356.png,SNE
train_00853.png,SNE
train_24500.png,SNE
train_00066.png,MO
train_06471.png,MO
train_05454.png,SNE
train_02336.png,BL
train_01491.png,SNE
train_15414.png,MO
train_01479.png,SNE
train_19900.png,SNE
train_08639.png,LY
train_05011.png,EO
train_08859.png,LY
train_27456.png,LY
train_26958.png,SNE
train_17071.png,LY
train_25099.png,SNE
train_13292.png,MO
train_02044.png,SNE
train_05000.png,SNE
train_09462.png,BNE
train_03381.png,BL
train_26077.png,MO
train_27066.png,EO
train_14461.png,LY
train_15503.png,SNE
train_23452.png,SNE
train_05824.png,SNE
train_24076.png,SNE
train_11295.png,LY
train_28130.png,SNE
train_04992.png,SNE
train_13674.png,SNE
train_09424.png,MO
train_02177.png,LY
train_16639.png,MMY
train_21398.png,LY
train_06893.png,SNE
train_15968.png,SNE
train_25522.png,SNE
train_23893.png,SNE
train_02761.png,LY
train_03307.png,SNE
train_08876.png,LY
train_09083.png,EO
train_06871.png,BL
train_03101.png,SNE
train_28497.png,SNE
train_08901.png,BL
train_15743.png,LY
train_23970.png,LY
train_04472.png,BL
train_12308.png,BL
train_12267.png,SNE
train_21073.png,SNE
train_19180.png,MO
train_07336.png,MO
train_16560.png,BL
train_27550.png,LY
train_01452.png,LY
train_02720.png,LY
train_12612.png,MO
train_06442.png,LY
train_08207.png,LY
train_11212.png,SNE
train_15987.png,LY
train_15090.png,SNE
train_17660.png,BA
train_17466.png,SNE
train_24155.png,LY
train_13335.png,SNE
train_17762.png,EO
train_24546.png,MO
train_03874.png,LY
train_26227.png,SNE
train_03341.png,LY
train_14938.png,LY
train_01558.png,SNE
train_16018.png,MO
train_20127.png,LY
train_13930.png,SNE
train_16188.png,SNE
train_07021.png,LY
train_04448.png,SNE
train_17994.png,SNE
train_28587.png,MO
train_22957.png,LY
train_28250.png,SNE
train_20489.png,SNE
train_23559.png,MMY
train_28292.png,LY
train_12976.png,BL
train_09204.png,LY
train_28761.png,LY
train_09182.png,LY
train_24949.png,SNE
train_04367.png,SNE
train_16870.png,SNE
train_08240.png,SNE
train_02953.png,LY
train_13246.png,LY
train_04719.png,LY
train_17456.png,BNE
train_26983.png,BL
train_15406.png,BNE
train_27949.png,SNE
train_27520.png,LY
train_24808.png,MY
train_17629.png,BA
train_22699.png,LY
train_08631.png,BNE
train_00090.png,SNE
train_15295.png,SNE
train_23908.png,EO
train_08899.png,SNE
train_02704.png,LY
train_05874.png,LY
train_20103.png,MO
train_03513.png,SNE
train_01673.png,LY
train_10545.png,SNE
train_18998.png,BL
train_23606.png,MY
train_10142.png,LY
train_05805.png,SNE
train_05307.png,LY
train_11657.png,SNE
train_12336.png,LY
train_13141.png,MO
train_00891.png,PMY
train_11912.png,MO
train_25090.png,SNE
train_00172.png,SNE
train_02312.png,LY
train_20954.png,SNE
train_09526.png,EO
train_16194.png,SNE
train_26011.png,SNE
train_10425.png,SNE
train_02766.png,SNE
train_01366.png,LY
train_09422.png,SNE
train_13408.png,MY
train_23729.png,SNE
train_09885.png,SNE
train_27774.png,EO
train_09819.png,SNE
train_27138.png,SNE
train_24729.png,LY
train_23024.png,SNE
train_07541.png,LY
train_02349.png,LY
train_08256.png,MY
train_20814.png,LY
train_24387.png,LY
train_28094.png,EO
train_26821.png,EO
train_24499.png,LY
train_07477.png,SNE
train_06112.png,LY
train_23216.png,BL
train_14986.png,SNE
train_16774.png,MMY
train_09512.png,LY
train_15053.png,SNE
train_14580.png,SNE
train_07488.png,LY
train_27080.png,SNE
train_04991.png,BL
train_06971.png,LY
train_27925.png,SNE
train_24766.png,MO
train_08461.png,BL
train_18691.png,LY
train_19916.png,LY
train_12049.png,SNE
train_04348.png,LY
train_23657.png,MO
train_19004.png,MO
train_02269.png,SNE
train_23372.png,SNE
train_00076.png,SNE
train_19199.png,SNE
train_01691.png,SNE
train_22341.png,VLY
train_12488.png,BL
train_08277.png,SNE
train_19573.png,VLY
train_20500.png,PLY
train_04441.png,SNE
train_13100.png,LY
train_00442.png,SNE
train_15613.png,SNE
train_14585.png,LY
train_00797.png,SNE
train_18502.png,LY
train_04621.png,LY
train_19549.png,SNE
train_04659.png,SNE
train_04595.png,SNE
train_00986.png,BL
train_02581.png,SNE
train_01251.png,BNE
train_28275.png,SNE
train_05992.png,LY
train_17070.png,SNE
train_06983.png,SNE
train_13147.png,BNE
train_00375.png,SNE
train_28812.png,SNE
train_04661.png,LY
train_02480.png,LY
train_12779.png,VLY
train_27679.png,SNE
train_14741.png,BL
train_17779.png,SNE
train_17494.png,LY
train_02517.png,EO
train_15500.png,LY
train_01236.png,MMY
train_26320.png,LY
train_14553.png,LY
train_24537.png,LY
train_03472.png,SNE
train_06951.png,LY
train_20240.png,MO
train_07651.png,LY
train_23671.png,SNE
train_03980.png,SNE
train_23505.png,LY
train_04335.png,BL
train_04074.png,SNE
train_05301.png,SNE
train_00800.png,SNE
train_13392.png,SNE
train_19740.png,MMY
train_15715.png,SNE
train_22743.png,LY
train_23684.png,SNE
train_21444.png,SNE
train_23105.png,SNE
train_07050.png,LY
train_18140.png,BL
train_05995.png,MO
train_07047.png,SNE
train_06065.png,SNE
train_14838.png,SNE
train_18466.png,SNE
train_02536.png,SNE
train_03921.png,LY
train_18385.png,SNE
train_18656.png,SNE
train_22391.png,LY
train_11883.png,SNE
train_15516.png,SNE
train_15979.png,SNE
train_18787.png,SNE
train_25988.png,SNE
train_00212.png,BL
train_19482.png,SNE
train_20496.png,LY
train_23290.png,SNE
train_02587.png,MO
train_09800.png,SNE
train_00670.png,VLY
train_06235.png,LY
train_26938.png,SNE
train_01879.png,SNE
train_22446.png,LY
train_24459.png,SNE
train_16020.png,SNE
train_10303.png,SNE
train_11529.png,SNE
train_18771.png,LY
train_21685.png,LY
train_28073.png,SNE
train_22800.png,SNE
train_19344.png,LY
train_21187.png,LY
train_06119.png,MO
train_11173.png,BL
train_08137.png,LY
train_27333.png,SNE
train_18531.png,MO
train_01399.png,SNE
train_19850.png,LY
train_06201.png,LY
train_05718.png,LY
train_18665.png,LY
train_08172.png,MY
train_12376.png,MO
train_19165.png,LY
train_25464.png,SNE
train_03949.png,SNE
train_19657.png,EO
train_12778.png,MO
train_06162.png,MO
train_13063.png,SNE
train_26248.png,BNE
train_23841.png,SNE
train_18201.png,BL
train_26704.png,SNE
train_11388.png,LY
train_11810.png,SNE
train_24432.png,SNE
train_23461.png,LY
train_00358.png,MY
train_03249.png,SNE
train_22140.png,LY
train_28164.png,SNE
train_02179.png,SNE
train_04981.png,SNE
train_12842.png,SNE
train_14486.png,BL
train_11735.png,SNE
train_04169.png,SNE
train_19652.png,SNE
train_04301.png,LY
train_12832.png,MMY
train_22342.png,LY
train_17641.png,SNE
train_17118.png,SNE
train_03570.png,MMY
train_14475.png,SNE
train_18088.png,SNE
train_01842.png,MO
train_12291.png,LY
train_23202.png,LY
train_03672.png,LY
train_00896.png,SNE
train_08770.png,LY
train_00099.png,SNE
train_09707.png,LY
train_19772.png,BL
train_25176.png,LY
train_11928.png,SNE
train_05812.png,BA
train_20036.png,SNE
train_08208.png,BL
train_16749.png,SNE
train_26473.png,EO
train_20429.png,SNE
train_07844.png,LY
train_26574.png,LY
train_02023.png,SNE
train_09258.png,SNE
train_14921.png,MY
train_18266.png,MO
train_05022.png,LY
train_13087.png,SNE
train_10793.png,LY
train_17814.png,SNE
train_07412.png,LY
train_05376.png,LY
train_03474.png,SNE
train_07003.png,MO
train_25083.png,SNE
train_14595.png,LY
train_04924.png,SNE
train_10620.png,SNE
train_03667.png,SNE
train_13889.png,MO
train_17785.png,SNE
train_21734.png,SNE
train_25382.png,SNE
train_21492.png,LY
train_15262.png,MMY
train_13324.png,SNE
train_27310.png,PMY
train_25631.png,SNE
train_11683.png,MO
train_03275.png,MO
train_03140.png,LY
train_06382.png,SNE
train_19441.png,SNE
train_16359.png,LY
train_27154.png,MO
train_27379.png,SNE
train_05926.png,SNE
train_18546.png,LY
train_25814.png,SNE
train_25163.png,SNE
train_18874.png,MO
train_17789.png,LY
train_21503.png,LY
train_24972.png,SNE
train_06188.png,SNE
train_14526.png,LY
train_03405.png,LY
train_18215.png,SNE
train_04664.png,LY
train_26688.png,MO
train_00793.png,EO
train_02470.png,LY
train_10109.png,SNE
train_03281.png,SNE
train_18701.png,LY
train_13407.png,MMY
train_13024.png,LY
train_20931.png,SNE
train_21883.png,SNE
train_01068.png,LY
train_26369.png,LY
train_23458.png,MO
train_02717.png,SNE
train_19445.png,SNE
train_19716.png,SNE
train_06539.png,SNE
train_23489.png,LY
train_09181.png,LY
train_06627.png,LY
train_04523.png,SNE
train_15070.png,BL
train_06010.png,SNE
train_16160.png,SNE
train_14977.png,LY
train_11091.png,SNE
train_25612.png,SNE
train_02736.png,SNE
train_11672.png,SNE
train_21987.png,LY
train_13181.png,SNE
train_06600.png,SNE
train_26893.png,LY
train_26197.png,SNE
train_25863.png,SNE
train_12634.png,SNE
train_21991.png,MO
train_22794.png,LY
train_20079.png,SNE
train_27796.png,SNE
train_05260.png,SNE
train_14576.png,SNE
train_08802.png,LY
train_07017.png,SNE
train_20342.png,VLY
train_28755.png,LY
train_27522.png,BNE
train_24128.png,LY
train_01596.png,LY
train_10459.png,LY
train_03881.png,SNE
train_28604.png,MO
train_24476.png,SNE
train_17149.png,BNE
train_03328.png,SNE
train_27640.png,MO
train_25901.png,SNE
train_23223.png,SNE
train_12763.png,BNE
train_00586.png,BL
train_06363.png,SNE
train_01720.png,LY
train_24080.png,SNE
train_01120.png,MMY
train_04864.png,VLY
train_22448.png,LY
train_27230.png,BL
train_12949.png,SNE
train_16393.png,SNE
train_23650.png,SNE
train_28551.png,SNE
train_26410.png,LY
train_09237.png,SNE
train_26670.png,SNE
train_24511.png,MO
train_21829.png,LY
train_04867.png,SNE
train_25451.png,BA
train_15408.png,EO
train_04278.png,LY
train_13979.png,MO
train_16645.png,SNE
train_11290.png,SNE
train_10577.png,SNE
train_11627.png,LY
train_12159.png,MO
train_16993.png,SNE
train_16530.png,LY
train_10165.png,SNE
train_27485.png,BA
train_26772.png,LY
train_15376.png,PC
train_03963.png,LY
train_28800.png,SNE
train_20996.png,EO
train_00762.png,BL
train_11591.png,LY
train_00345.png,PMY
train_10334.png,MO
train_26909.png,SNE
train_21230.png,VLY
train_25403.png,SNE
train_22904.png,SNE
train_19183.png,SNE
train_11865.png,MO
train_25812.png,SNE
train_21038.png,EO
train_17680.png,SNE
train_17183.png,SNE
train_25111.png,EO
train_15800.png,SNE
train_19279.png,BL
train_28140.png,MMY
train_22387.png,LY
train_05322.png,SNE
train_28770.png,SNE
train_13346.png,SNE
train_12435.png,LY
train_10093.png,SNE
train_20209.png,SNE
train_17333.png,MMY
train_04746.png,SNE
train_24399.png,LY
train_28218.png,SNE
train_04006.png,SNE
train_25985.png,LY
train_00013.png,LY
train_01320.png,SNE
train_12724.png,LY
train_05598.png,MY
train_04283.png,BL
train_16837.png,SNE
train_00255.png,LY
train_05953.png,LY
train_03560.png,MO
train_05233.png,SNE
train_02818.png,SNE
train_13206.png,LY
train_20182.png,SNE
train_12116.png,MY
train_02056.png,BL
train_15197.png,LY
train_02075.png,SNE
train_18742.png,LY
train_06032.png,BNE
train_10363.png,SNE
train_03058.png,LY
train_13306.png,LY
train_14350.png,MO
train_12269.png,SNE
train_26689.png,SNE
train_14308.png,MY
train_13061.png,LY
train_03329.png,LY
train_17662.png,SNE
train_06473.png,MO
train_16279.png,SNE
train_24054.png,LY
train_03263.png,LY
train_04416.png,MO
train_12347.png,LY
train_08459.png,SNE
train_02252.png,LY
train_13363.png,SNE
train_17428.png,MO
train_05127.png,MY
train_06157.png,SNE
train_16863.png,EO
train_00464.png,BL
train_18114.png,SNE
train_19594.png,MO
train_15878.png,BL
train_18858.png,SNE
train_28147.png,LY
train_26660.png,EO
train_04903.png,PMY
train_22665.png,MO
train_08361.png,SNE
train_10704.png,BL
train_26429.png,SNE
train_12774.png,SNE
train_14038.png,BL
train_00576.png,LY
train_03442.png,SNE
train_18598.png,BNE
train_08745.png,LY
train_12023.png,SNE
train_24958.png,SNE
train_04395.png,LY
train_14674.png,BL
train_16249.png,SNE
train_10006.png,SNE
train_14080.png,SNE
train_08760.png,SNE
train_27895.png,SNE
train_22707.png,SNE
train_25203.png,SNE
train_16657.png,BL
train_28586.png,SNE
train_26025.png,BL
train_15784.png,SNE
train_17681.png,SNE
train_21904.png,MO
train_09338.png,SNE
train_25691.png,LY
train_27376.png,SNE
train_17554.png,BA
train_14119.png,SNE
train_08228.png,SNE
train_18053.png,LY
train_24124.png,SNE
train_24647.png,SNE
train_03526.png,MO
train_26381.png,SNE
train_24317.png,SNE
train_11676.png,LY
train_03746.png,LY
train_03139.png,LY
train_07035.png,SNE
train_00183.png,BL
train_10993.png,SNE
train_16218.png,LY
train_25005.png,SNE
train_08133.png,LY
train_02103.png,BL
train_25515.png,SNE
train_14436.png,SNE
train_04922.png,MO
train_08675.png,LY
train_21975.png,SNE
train_03847.png,LY
train_21341.png,SNE
train_21709.png,MO
train_28442.png,LY
train_19902.png,LY
train_22020.png,SNE
train_06182.png,LY
train_07482.png,MO
train_03508.png,SNE
train_19992.png,SNE
train_24833.png,SNE
train_25951.png,MO
train_14293.png,LY
train_01687.png,SNE
train_15891.png,SNE
train_18631.png,LY
train_13397.png,LY
train_12540.png,SNE
train_02416.png,SNE
train_06514.png,MMY
train_02538.png,EO
train_05277.png,SNE
train_23324.png,SNE
train_19628.png,SNE
train_04847.png,LY
train_13973.png,LY
train_05761.png,MMY
train_15015.png,LY
train_23009.png,MO
train_14861.png,BL
train_03906.png,SNE
train_19088.png,LY
train_21016.png,LY
train_06570.png,MO
train_17548.png,MO
train_13431.png,SNE
train_17921.png,SNE
train_01946.png,BL
train_26641.png,LY
train_06170.png,SNE
train_01974.png,LY
train_10098.png,SNE
train_08180.png,SNE
train_10902.png,BL
train_09443.png,MY
train_10424.png,SNE
train_16019.png,MY
train_16939.png,LY
train_23552.png,LY
train_27022.png,SNE
train_24483.png,SNE
train_07510.png,SNE
train_23640.png,LY
train_13895.png,SNE
train_19538.png,MO
train_24701.png,LY
train_10153.png,LY
train_19399.png,BL
train_13317.png,SNE
train_26629.png,SNE
train_24878.png,SNE
train_09125.png,LY
train_25018.png,LY
train_07790.png,BL
train_25688.png,SNE
train_13395.png,SNE
train_20183.png,LY
train_17124.png,SNE
train_05291.png,BL
train_25409.png,SNE
train_06078.png,SNE
train_20985.png,SNE
train_05838.png,LY
train_05287.png,LY
train_20698.png,LY
train_10996.png,SNE
train_18753.png,LY
train_24367.png,EO
train_11099.png,SNE
train_25544.png,LY
train_14229.png,MO
train_14028.png,LY
train_06702.png,EO
train_14795.png,MO
train_25119.png,SNE
train_12367.png,MO
train_03610.png,BL
train_24719.png,LY
train_01168.png,LY
train_02045.png,MO
train_07509.png,SNE
train_20274.png,MO
train_07909.png,SNE
train_22071.png,LY
train_06428.png,SNE
train_23623.png,LY
train_00412.png,SNE
train_25006.png,SNE
train_21896.png,LY
train_02683.png,MO
train_20894.png,BL
train_07348.png,BL
train_14286.png,SNE
train_09028.png,LY
train_08294.png,LY
train_19556.png,EO
train_06561.png,SNE
train_23134.png,LY
train_19920.png,SNE
train_22958.png,LY
train_19072.png,BL
train_00034.png,BNE
train_12264.png,SNE
train_17539.png,SNE
train_20786.png,EO
train_23845.png,MO
train_20578.png,VLY
train_00805.png,BL
train_24588.png,LY
train_26594.png,SNE
train_19530.png,LY
train_08563.png,PMY
train_26510.png,SNE
train_12466.png,SNE
train_10668.png,VLY
train_15343.png,SNE
train_12855.png,SNE
train_13038.png,SNE
train_21135.png,BL
train_08304.png,LY
train_24139.png,LY
train_14194.png,EO
train_21816.png,SNE
train_06823.png,SNE
train_24235.png,EO
train_26286.png,MO
train_13847.png,LY
train_09498.png,LY
train_13498.png,SNE
train_23927.png,LY
train_01766.png,BL
train_25124.png,LY
train_08195.png,BL
train_19411.png,SNE
train_03591.png,SNE
train_09601.png,LY
train_13937.png,BL
train_16500.png,LY
train_22961.png,BNE
train_09163.png,SNE
train_13617.png,SNE
train_22629.png,MO
train_06764.png,BA
train_22979.png,SNE
train_22998.png,SNE
train_28132.png,LY
train_18702.png,SNE
train_25136.png,LY
train_00984.png,SNE
train_20504.png,SNE
train_12934.png,SNE
train_13863.png,SNE
train_04772.png,SNE
train_08885.png,BL
train_15269.png,SNE
train_12854.png,SNE
train_02886.png,EO
train_17771.png,BL
train_28807.png,SNE
train_03545.png,MO
train_07313.png,SNE
train_13627.png,LY
train_25490.png,SNE
train_06770.png,MMY
train_00823.png,LY
train_25184.png,LY
train_18060.png,SNE
train_23877.png,MO
train_10745.png,MO
train_15215.png,EO
train_26635.png,SNE
train_04131.png,LY
train_09290.png,EO
train_17116.png,MMY
train_09188.png,LY
train_23397.png,LY
train_02603.png,BL
train_28225.png,LY
train_02455.png,EO
train_18945.png,SNE
train_14100.png,SNE
train_24064.png,SNE
train_04009.png,BL
train_26586.png,LY
train_27487.png,VLY
train_21843.png,SNE
train_20273.png,SNE
train_01883.png,BL
train_01387.png,SNE
train_25615.png,SNE
train_10637.png,SNE
train_20844.png,LY
train_03024.png,LY
train_16910.png,BL
train_22070.png,SNE
train_14622.png,MO
train_26034.png,LY
train_27832.png,SNE
train_05486.png,LY
train_23758.png,BA
train_17342.png,SNE
train_25969.png,SNE
train_05118.png,SNE
train_00724.png,SNE
train_14744.png,SNE
train_17233.png,MMY
train_19040.png,MO
train_17930.png,MO
train_27846.png,BNE
train_21208.png,LY
train_01945.png,SNE
train_10331.png,LY
train_04159.png,SNE
train_18599.png,SNE
train_07795.png,EO
train_23733.png,SNE
train_07704.png,BA
train_23652.png,MO
train_26199.png,LY
train_15703.png,MO
train_06822.png,SNE
train_15410.png,LY
train_25304.png,LY
train_05279.png,LY
train_26561.png,SNE
train_09629.png,SNE
train_23609.png,SNE
train_19110.png,SNE
train_12036.png,LY
train_06690.png,EO
train_17736.png,SNE
train_26555.png,SNE
train_09304.png,SNE
train_11008.png,MY
train_20564.png,SNE
train_08011.png,SNE
train_10242.png,SNE
train_23027.png,SNE
train_24170.png,LY
train_16637.png,LY
train_21301.png,LY
train_24524.png,SNE
train_01011.png,SNE
train_18275.png,LY
train_04650.png,SNE
train_22329.png,SNE
train_18020.png,BNE
train_01735.png,SNE
train_06844.png,LY
train_25469.png,SNE
train_04291.png,LY
train_24205.png,SNE
train_27728.png,SNE
train_27674.png,MMY
train_23944.png,SNE
train_22256.png,SNE
train_17748.png,SNE
train_10741.png,LY
train_20305.png,BL
train_04383.png,SNE
train_16420.png,MO
train_05792.png,SNE
train_23884.png,SNE
train_04462.png,BL
train_14358.png,SNE
train_12465.png,SNE
train_24431.png,MO
train_17332.png,LY
train_14715.png,LY
train_11181.png,SNE
train_20227.png,LY
train_15358.png,SNE
train_28279.png,MMY
train_01915.png,SNE
train_13180.png,LY
train_20762.png,LY
train_12801.png,SNE
train_06911.png,MMY
train_14453.png,SNE
train_24100.png,LY
train_05988.png,LY
train_12105.png,SNE
train_07849.png,LY
train_14994.png,LY
train_22936.png,SNE
train_11434.png,MMY
train_14442.png,SNE
train_06389.png,BL
train_24133.png,SNE
train_08356.png,SNE
train_02922.png,BL
train_21182.png,VLY
train_26849.png,LY
train_12626.png,SNE
train_18002.png,LY
train_14763.png,LY
train_25189.png,SNE
train_09830.png,SNE
train_16209.png,SNE
train_14320.png,LY
train_15553.png,LY
train_25887.png,LY
train_26106.png,MO
train_13090.png,LY
train_12582.png,BL
train_04468.png,MO
train_21025.png,SNE
train_26903.png,SNE
train_01607.png,SNE
train_23605.png,LY
train_14246.png,LY
train_01253.png,SNE
train_11229.png,LY
train_14676.png,MO
train_23560.png,LY
train_17372.png,SNE
train_05949.png,SNE
train_27568.png,LY
train_25417.png,MO
train_25787.png,LY
train_27872.png,BL
train_21593.png,LY
train_28434.png,BL
train_05317.png,SNE
train_23487.png,SNE
train_12261.png,EO
train_25148.png,EO
train_28084.png,SNE
train_11075.png,MO
train_23413.png,SNE
train_04886.png,MO
train_22683.png,MO
train_26400.png,SNE
train_00518.png,BL
train_03141.png,BL
train_24709.png,SNE
train_18968.png,LY
train_18676.png,LY
train_20586.png,LY
train_19653.png,SNE
train_27839.png,SNE
train_27564.png,SNE
train_15291.png,SNE
train_00794.png,LY
train_12081.png,EO
train_21935.png,SNE
train_19048.png,SNE
train_25935.png,SNE
train_20006.png,SNE
train_14783.png,SNE
train_17738.png,SNE
train_00527.png,SNE
train_07351.png,LY
train_06668.png,LY
train_05663.png,BL
train_06308.png,SNE
train_13972.png,MO
train_06233.png,SNE
train_01656.png,LY
train_27763.png,LY
train_27490.png,SNE
train_03247.png,LY
train_08288.png,LY
train_11684.png,SNE
train_22300.png,LY
train_11980.png,SNE
train_16450.png,MO
train_21154.png,SNE
train_26430.png,MO
train_16091.png,BL
train_04897.png,VLY
train_17912.png,MO
train_17506.png,EO
train_18737.png,BL
train_04599.png,SNE
train_15527.png,SNE
train_21378.png,SNE
train_02450.png,MY
train_20993.png,MO
train_28740.png,SNE
train_22492.png,SNE
train_15448.png,MO
train_10744.png,LY
train_08830.png,SNE
train_24175.png,LY
train_23099.png,MO
train_26799.png,MO
train_12402.png,SNE
train_13500.png,SNE
train_26215.png,LY
train_17322.png,SNE
train_21552.png,BA
train_07134.png,SNE
train_08340.png,LY
train_09820.png,SNE
train_19641.png,SNE
train_17701.png,MO
train_17291.png,BL
train_17649.png,LY
train_17499.png,BL
train_25021.png,SNE
train_16146.png,LY
train_12341.png,LY
train_04758.png,LY
train_03130.png,BL
train_21891.png,MO
train_23900.png,LY
train_06300.png,LY
train_02434.png,MO
train_04325.png,SNE
train_00027.png,SNE
train_07185.png,SNE
train_22000.png,SNE
train_21102.png,MO
train_06565.png,BL
train_20448.png,LY
train_25093.png,SNE
train_27732.png,BL
train_18014.png,SNE
train_19547.png,SNE
train_23496.png,MMY
train_15275.png,SNE
train_11662.png,LY
train_16299.png,SNE
train_09473.png,SNE
train_14154.png,LY
train_26092.png,BA
train_13268.png,LY
train_05753.png,BL
train_01608.png,SNE
train_23761.png,LY
train_05264.png,SNE
train_02482.png,SNE
train_28758.png,SNE
train_13990.png,SNE
train_04743.png,SNE
train_10054.png,SNE
train_01077.png,BL
train_22047.png,LY
train_12551.png,MO
train_22253.png,MO
train_24472.png,LY
train_01704.png,LY
train_01764.png,LY
train_19037.png,LY
train_08624.png,SNE
train_20226.png,SNE
train_11791.png,LY
train_28342.png,MO
train_04025.png,SNE
train_15658.png,LY
train_25637.png,SNE
train_25164.png,BA
train_07000.png,MO
train_22451.png,LY
train_10324.png,MO
train_00785.png,LY
train_13677.png,LY
train_26669.png,SNE
train_23218.png,SNE
train_14621.png,SNE
train_08573.png,SNE
train_23969.png,BA
train_04524.png,BL
train_23062.png,SNE
train_15820.png,MY
train_26162.png,SNE
train_04158.png,SNE
train_25040.png,LY
train_10045.png,SNE
train_03946.png,SNE
train_13298.png,LY
train_27715.png,LY
train_25199.png,SNE
train_01562.png,SNE
train_14923.png,SNE
train_04119.png,SNE
train_17402.png,SNE
train_09253.png,MY
train_07007.png,SNE
train_11314.png,SNE
train_26452.png,BL
train_02409.png,SNE
train_22181.png,LY
train_22315.png,BL
train_17844.png,SNE
train_18105.png,SNE
train_03046.png,MO
train_07785.png,SNE
train_07889.png,BL
train_16309.png,SNE
train_09980.png,SNE
train_09375.png,SNE
train_23582.png,LY
train_19108.png,LY
train_18449.png,SNE
train_12200.png,SNE
train_24919.png,MO
train_18064.png,MO
train_19477.png,SNE
train_02374.png,SNE
train_15188.png,LY
train_25123.png,BL
train_01197.png,BA
train_19817.png,EO
train_13772.png,SNE
train_06438.png,SNE
train_16182.png,LY
train_25602.png,SNE
train_18120.png,LY
train_15491.png,LY
train_24909.png,LY
train_26096.png,SNE
train_04039.png,LY
train_11812.png,SNE
train_05149.png,SNE
train_19181.png,MO
train_12753.png,SNE
train_02621.png,LY
train_22427.png,SNE
train_16339.png,BL
train_09905.png,LY
train_23526.png,SNE
train_13744.png,LY
train_11722.png,BA
train_10151.png,SNE
train_09333.png,SNE
train_04446.png,LY
train_16515.png,LY
train_28697.png,LY
train_07211.png,SNE
train_17864.png,SNE
train_03216.png,SNE
train_27064.png,SNE
train_14440.png,LY
train_26599.png,LY
train_20438.png,BNE
train_19908.png,LY
train_10195.png,SNE
train_16935.png,BL
train_11593.png,SNE
train_15536.png,SNE
train_07296.png,SNE
train_20167.png,EO
train_26734.png,MO
train_19984.png,BA
train_21261.png,SNE
train_02728.png,SNE
train_07605.png,LY
train_05220.png,SNE
train_22127.png,SNE
train_10234.png,EO
train_07672.png,LY
train_26539.png,SNE
train_26820.png,LY
train_03300.png,BL
train_14731.png,SNE
train_18432.png,LY
train_16907.png,SNE
train_05189.png,MO
train_09690.png,SNE
train_17297.png,PMY
train_25960.png,SNE
train_07487.png,SNE
train_24485.png,LY
train_22414.png,SNE
train_24246.png,MO
train_00322.png,SNE
train_13664.png,BA
train_26563.png,SNE
train_15109.png,SNE
train_09848.png,BA
train_01814.png,MO
train_07290.png,SNE
train_22514.png,SNE
train_13416.png,SNE
train_10496.png,BL
train_21544.png,LY
train_02162.png,PLY
train_08995.png,SNE
train_06707.png,MY
train_24864.png,BL
train_14878.png,SNE
train_14172.png,LY
train_24812.png,LY
train_10917.png,SNE
train_04162.png,SNE
train_16869.png,LY
train_23284.png,SNE
train_11834.png,LY
train_09789.png,MO
train_23351.png,SNE
train_17091.png,MY
train_05528.png,LY
train_05294.png,SNE
train_27426.png,SNE
train_19210.png,LY
train_16905.png,SNE
train_06210.png,SNE
train_22466.png,SNE
train_01144.png,SNE
train_27784.png,MO
train_09236.png,SNE
train_10099.png,LY
train_15745.png,BL
train_17617.png,LY
train_22551.png,LY
train_14743.png,SNE
train_09076.png,LY
train_06662.png,MO
train_01396.png,MO
train_05219.png,SNE
train_03511.png,SNE
train_02125.png,BL
train_25262.png,SNE
train_28285.png,BA
train_08804.png,LY
train_04346.png,MO
train_16239.png,VLY
train_27672.png,SNE
train_06083.png,SNE
train_25662.png,SNE
train_19989.png,LY
train_27746.png,LY
train_24655.png,MMY
train_02547.png,BL
train_06459.png,SNE
train_18296.png,SNE
train_17258.png,MO
train_22792.png,EO
train_17979.png,SNE
train_19075.png,LY
train_23052.png,SNE
train_11756.png,SNE
train_23961.png,BL
train_23342.png,SNE
train_25676.png,SNE
train_25363.png,BL
train_06412.png,SNE
train_18493.png,SNE
train_19705.png,SNE
train_20180.png,LY
train_28565.png,SNE
train_16410.png,BL
train_00104.png,LY
train_17792.png,LY
train_18520.png,MO
train_08712.png,SNE
train_25799.png,SNE
train_08054.png,SNE
train_12471.png,LY
train_07109.png,SNE
train_17654.png,SNE
train_11656.png,SNE
train_08144.png,SNE
train_28307.png,LY
train_28897.png,LY
train_13560.png,SNE
train_09769.png,SNE
train_15467.png,SNE
train_22678.png,LY
train_26929.png,LY
train_10815.png,EO
train_02304.png,SNE
train_11844.png,LY
train_18781.png,SNE
train_24216.png,SNE
train_18065.png,SNE
train_22060.png,BL
train_14924.png,LY
train_27065.png,SNE
train_14537.png,LY
train_28083.png,LY
train_11862.png,BA
train_21195.png,LY
train_18579.png,LY
train_12780.png,LY
train_14722.png,LY
train_14557.png,SNE
train_24414.png,SNE
train_03074.png,SNE
train_19790.png,SNE
train_01849.png,SNE
train_17544.png,BL
train_10404.png,SNE
train_17839.png,MMY
train_12917.png,SNE
train_17160.png,SNE
train_05891.png,SNE
train_28048.png,SNE
train_07244.png,SNE
train_10984.png,SNE
train_03360.png,LY
train_03712.png,BL
train_08900.png,SNE
train_21603.png,MO
train_19579.png,SNE
train_02902.png,PC
train_12487.png,SNE
train_01201.png,BL
train_18307.png,LY
train_23157.png,LY
train_20808.png,SNE
train_07100.png,EO
train_16184.png,MO
train_08329.png,LY
train_02775.png,SNE
train_06993.png,MO
train_02027.png,MO
train_18864.png,SNE
train_12799.png,BA
train_05693.png,LY
train_25542.png,LY
train_20644.png,LY
train_01767.png,SNE
train_12904.png,MO
train_25102.png,EO
train_23811.png,SNE
train_18591.png,SNE
train_09108.png,SNE
train_28719.png,BL
train_23851.png,MO
train_00041.png,LY
train_13145.png,SNE
train_13480.png,SNE
train_22543.png,BL
train_20149.png,SNE
train_19867.png,LY
train_23263.png,LY
train_04977.png,SNE
train_08460.png,LY
train_13515.png,SNE
train_05554.png,SNE
train_08531.png,SNE
train_12350.png,LY
train_10214.png,SNE
train_02700.png,SNE
train_23510.png,LY
train_09755.png,LY
train_27590.png,SNE
train_23239.png,BL
train_19135.png,LY
train_17521.png,LY
train_21648.png,LY
train_20250.png,LY
train_27695.png,SNE
train_16914.png,SNE
train_09654.png,LY
train_15697.png,LY
train_26428.png,LY
train_12043.png,SNE
train_22526.png,MMY
train_15152.png,LY
train_09773.png,SNE
train_27662.png,SNE
train_06128.png,LY
train_10367.png,SNE
train_22493.png,SNE
train_15381.png,BL
train_23407.png,SNE
train_03030.png,SNE
train_23416.png,EO
train_14613.png,MO
train_11398.png,LY
train_15969.png,BA
train_19903.png,LY
train_05368.png,LY
train_17025.png,LY
train_04082.png,SNE
train_08915.png,SNE
train_00591.png,BL
train_22198.png,SNE
train_26379.png,LY
train_27269.png,LY
train_04016.png,SNE
train_20918.png,MO
train_00677.png,BL
train_05475.png,SNE
train_18098.png,SNE
train_08262.png,SNE
train_07660.png,SNE
train_28296.png,SNE
train_13975.png,LY
train_22773.png,SNE
train_01706.png,SNE
train_24787.png,LY
train_06193.png,LY
train_18955.png,LY
train_07854.png,BL
train_08785.png,SNE
train_20239.png,BL
train_02676.png,SNE
train_26993.png,BL
train_00584.png,SNE
train_12022.png,SNE
train_19349.png,EO
train_10760.png,SNE
train_05913.png,SNE
train_08130.png,MO
train_18330.png,LY
train_01875.png,LY
train_24855.png,LY
train_23203.png,MO
train_11594.png,SNE
train_18373.png,LY
train_11492.png,SNE
train_11402.png,LY
train_06240.png,LY
train_10471.png,SNE
train_09070.png,BA
train_07121.png,SNE
train_04912.png,LY
train_24953.png,LY
train_24081.png,EO
train_07879.png,LY
train_27899.png,SNE
train_11342.png,LY
train_05320.png,BNE
train_05159.png,SNE
train_19797.png,SNE
train_21620.png,MO
train_02030.png,SNE
train_21282.png,LY
train_23388.png,LY
train_28067.png,MMY
train_17480.png,SNE
train_17543.png,BL
train_24221.png,SNE
train_08837.png,LY
train_28334.png,LY
train_25477.png,SNE
train_08128.png,MMY
train_19770.png,MO
train_21212.png,LY
train_08681.png,SNE
train_23420.png,SNE
train_11171.png,SNE
train_03609.png,BL
train_24427.png,SNE
train_08449.png,LY
train_02712.png,BNE
train_25900.png,SNE
train_00535.png,MO
train_26275.png,SNE
train_00257.png,LY
train_25820.png,LY
train_05105.png,LY
train_11651.png,SNE
train_12365.png,SNE
train_16144.png,MO
train_04310.png,SNE
train_20383.png,LY
train_03791.png,SNE
train_28099.png,SNE
train_25634.png,SNE
train_10621.png,SNE
train_12752.png,SNE
train_19752.png,SNE
train_00870.png,SNE
train_17323.png,BL
train_24398.png,LY
train_03829.png,SNE
train_10426.png,BA
train_28648.png,SNE
train_24593.png,SNE
train_21811.png,MO
train_02290.png,LY
train_09739.png,LY
train_15656.png,SNE
train_15088.png,LY
train_01522.png,SNE
train_19468.png,SNE
train_20875.png,LY
train_10601.png,BL
train_21226.png,SNE
train_08652.png,SNE
train_23680.png,SNE
train_07960.png,SNE
train_00944.png,MO
train_22209.png,MO
train_21214.png,LY
train_17184.png,SNE
train_06064.png,LY
train_03244.png,SNE
train_08495.png,BL
train_24685.png,LY
train_03812.png,EO
train_28254.png,SNE
train_10594.png,SNE
train_20876.png,VLY
train_09604.png,SNE
train_23506.png,SNE
train_05333.png,SNE
train_08245.png,SNE
train_10870.png,SNE
train_16236.png,LY
train_22741.png,BL
train_22296.png,SNE
train_04869.png,MO
train_27797.png,BL
train_09436.png,MMY
train_04693.png,SNE
train_09463.png,SNE
train_01317.png,BNE
train_15556.png,LY
train_22720.png,LY
train_07780.png,LY
train_22939.png,SNE
train_22118.png,SNE
train_19674.png,SNE
train_00795.png,SNE
train_20493.png,SNE
train_06808.png,SNE
train_09317.png,SNE
train_07837.png,SNE
train_27661.png,LY
train_05878.png,SNE
train_06618.png,BL
train_16977.png,SNE
train_02659.png,MO
train_01331.png,BL
train_20242.png,SNE
train_18880.png,BA
train_03644.png,SNE
train_08263.png,SNE
train_24304.png,SNE
train_00729.png,SNE
train_14017.png,SNE
train_07182.png,BL
train_26421.png,SNE
train_06817.png,MO
train_23184.png,MO
train_06773.png,SNE
train_19914.png,SNE
train_03443.png,SNE
train_05651.png,MO
train_01492.png,SNE
train_02234.png,BL
train_08451.png,VLY
train_11882.png,LY
train_10533.png,MO
train_11151.png,SNE
train_19958.png,SNE
train_09139.png,SNE
train_05956.png,LY
train_23837.png,SNE
train_09990.png,SNE
train_01758.png,MO
train_01622.png,SNE
train_01362.png,SNE
train_15789.png,LY
train_06862.png,MMY
train_06165.png,LY
train_25773.png,LY
train_08834.png,BNE
train_05069.png,LY
train_13738.png,SNE
train_15366.png,MO
train_26806.png,BL
train_11652.png,LY
train_24717.png,LY
train_04420.png,BNE
train_15454.png,SNE
train_23278.png,MO
train_01916.png,SNE
train_26098.png,SNE
train_19724.png,SNE
train_25569.png,LY
train_25408.png,MO
train_23391.png,MO
train_02577.png,BL
train_08038.png,LY
train_14198.png,SNE
train_11406.png,MMY
train_12580.png,LY
train_17542.png,SNE
train_28861.png,MO
train_12681.png,SNE
train_02928.png,BL
train_18649.png,SNE
train_07949.png,SNE
train_08327.png,SNE
train_05256.png,SNE
train_03533.png,SNE
train_25327.png,LY
train_12193.png,LY
train_27195.png,LY
train_03958.png,SNE
train_26434.png,MMY
train_06790.png,MY
train_11759.png,SNE
train_14273.png,EO
train_20247.png,PMY
train_20318.png,MO
train_28215.png,MMY
train_00496.png,SNE
train_22955.png,BA
train_19036.png,EO
train_23626.png,SNE
train_22714.png,SNE
train_07215.png,LY
train_19948.png,BNE
train_28666.png,SNE
train_24158.png,LY
train_16815.png,LY
train_05051.png,MO
train_07484.png,LY
train_01458.png,LY
train_28622.png,LY
train_27945.png,VLY
train_24407.png,LY
train_19239.png,LY
train_28282.png,LY
train_20198.png,SNE
train_22356.png,LY
train_00021.png,SNE
train_12164.png,LY
train_15733.png,SNE
train_03470.png,SNE
train_14941.png,LY
train_05401.png,SNE
train_22206.png,LY
train_23669.png,SNE
train_23529.png,SNE
train_18160.png,LY
train_02772.png,SNE
train_28412.png,LY
train_04190.png,SNE
train_15216.png,MMY
train_07640.png,SNE
train_00557.png,SNE
train_11681.png,LY
train_14730.png,MO
train_14067.png,SNE
train_09857.png,LY
train_04707.png,EO
train_10310.png,SNE
train_16921.png,BL
train_13849.png,SNE
train_14356.png,MO
train_04895.png,LY
train_20289.png,SNE
train_28430.png,VLY
train_04919.png,LY
train_17000.png,MO
train_20576.png,LY
train_25357.png,SNE
train_16161.png,SNE
train_17972.png,SNE
train_15758.png,SNE
train_07661.png,LY
train_19982.png,BL
train_27259.png,SNE
train_03961.png,BL
train_13446.png,MO
train_03320.png,BL
train_19444.png,LY
train_10056.png,SNE
train_21697.png,BA
train_21779.png,LY
train_01693.png,BNE
train_25031.png,LY
train_17873.png,SNE
train_01511.png,SNE
train_12746.png,VLY
train_28597.png,SNE
train_04352.png,BNE
train_14148.png,LY
train_18506.png,LY
train_23178.png,SNE
train_21851.png,SNE
train_26193.png,LY
train_28431.png,SNE
train_19372.png,LY
train_18740.png,MO
train_16621.png,LY
train_07226.png,LY
train_16006.png,SNE
train_05811.png,LY
train_28522.png,LY
train_18332.png,LY
train_04191.png,BL
train_10358.png,LY
train_18866.png,SNE
train_02608.png,MO
train_04147.png,SNE
train_27599.png,BA
train_06005.png,SNE
train_28017.png,SNE
train_15994.png,SNE
train_13376.png,LY
train_08707.png,BL
train_11699.png,VLY
train_27566.png,SNE
train_27188.png,SNE
train_10544.png,SNE
train_26748.png,LY
train_18752.png,SNE
train_00633.png,SNE
train_14291.png,SNE
train_03134.png,SNE
train_05948.png,SNE
train_08653.png,SNE
train_06495.png,LY
train_09081.png,MY
train_18314.png,SNE
train_27067.png,LY
train_15659.png,EO
train_04430.png,SNE
train_04038.png,SNE
train_01101.png,SNE
train_23832.png,SNE
train_08289.png,SNE
train_24297.png,BL
train_21198.png,SNE
train_23777.png,VLY
train_11633.png,SNE
train_15244.png,BL
train_04775.png,SNE
train_08210.png,LY
train_11404.png,SNE
train_26348.png,MO
train_09143.png,BL
train_05152.png,LY
train_12773.png,BL
train_25653.png,LY
train_22573.png,MO
train_14976.png,SNE
train_12070.png,BNE
train_08272.png,LY
train_06231.png,SNE
train_03190.png,SNE
train_03054.png,LY
train_21650.png,LY
train_07686.png,SNE
train_12667.png,LY
train_01833.png,LY
train_12951.png,SNE
train_24368.png,SNE
train_20950.png,BA
train_08756.png,BL
train_15533.png,LY
train_22563.png,SNE
train_17964.png,BA
train_01238.png,SNE
train_21243.png,LY
train_02671.png,LY
train_22008.png,LY
train_06023.png,SNE
train_09354.png,SNE
train_27326.png,SNE
train_05208.png,MMY
train_11113.png,MO
train_17052.png,LY
train_02379.png,EO
train_02713.png,LY
train_03390.png,MO
train_12441.png,SNE
train_18230.png,SNE
train_26345.png,SNE
train_22864.png,LY
train_27512.png,MO
train_21213.png,MO
train_23953.png,SNE
train_26060.png,SNE
train_25860.png,VLY
train_20828.png,SNE
train_22259.png,SNE
train_06080.png,SNE
train_06771.png,LY
train_28234.png,LY
train_10281.png,SNE
train_17888.png,SNE
train_20767.png,EO
train_01193.png,LY
train_02505.png,EO
train_01999.png,SNE
train_11456.png,BL
train_20554.png,LY
train_08814.png,LY
train_13233.png,SNE
train_14405.png,LY
train_12472.png,LY
train_11338.png,SNE
train_17316.png,SNE
train_09374.png,SNE
train_27803.png,MO
train_04065.png,LY
train_22369.png,SNE
train_18158.png,BA
train_00287.png,MO
train_08570.png,LY
train_17224.png,LY
train_14348.png,SNE
train_03997.png,SNE
train_19452.png,LY
train_06848.png,BL
train_15874.png,SNE
train_07542.png,SNE
train_12921.png,MO
train_26315.png,BL
train_25258.png,SNE
train_04647.png,SNE
train_05432.png,SNE
train_08891.png,SNE
train_03710.png,MO
train_20906.png,SNE
train_10718.png,SNE
train_25078.png,SNE
train_25508.png,SNE
train_01952.png,SNE
train_12170.png,LY
train_24126.png,SNE
train_03116.png,SNE
train_17841.png,BL
train_28875.png,SNE
train_19951.png,SNE
train_15123.png,SNE
train_06339.png,LY
train_00673.png,BL
train_22444.png,PMY
train_14420.png,LY
train_20186.png,LY
train_23470.png,MO
train_25952.png,MO
train_10346.png,SNE
train_11454.png,SNE
train_26756.png,SNE
train_20256.png,SNE
train_03479.png,SNE
train_28892.png,SNE
train_11818.png,MO
train_22159.png,SNE
train_27778.png,BL
train_03771.png,EO
train_14517.png,SNE
train_11815.png,SNE
train_07728.png,LY
train_21051.png,LY
train_13804.png,PMY
train_26743.png,SNE
train_00820.png,SNE
train_01628.png,SNE
train_17885.png,SNE
train_28165.png,SNE
train_00331.png,SNE
train_18706.png,BL
train_01526.png,LY
train_02275.png,SNE
train_14815.png,SNE
train_22522.png,LY
train_16030.png,EO
train_09162.png,LY
train_27241.png,BL
train_17299.png,LY
train_17440.png,SNE
train_23443.png,SNE
train_06574.png,SNE
train_09362.png,MO
train_01345.png,SNE
train_06992.png,SNE
train_23802.png,SNE
train_16180.png,SNE
train_04767.png,VLY
train_20933.png,SNE
train_26186.png,VLY
train_20976.png,SNE
train_16587.png,SNE
train_08806.png,SNE
train_16010.png,LY
train_19219.png,LY
train_11292.png,SNE
train_21942.png,LY
train_19896.png,SNE
train_16175.png,LY
train_07051.png,LY
train_28278.png,MO
train_09103.png,SNE
train_22595.png,LY
train_25940.png,MY
train_23199.png,SNE
train_06851.png,LY
train_25398.png,LY
train_08231.png,LY
train_08714.png,MY
train_05957.png,LY
train_08389.png,SNE
train_06954.png,SNE
train_24822.png,LY
train_18081.png,SNE
train_24941.png,LY
train_18254.png,LY
train_01425.png,MO
train_25432.png,MO
train_03098.png,SNE
train_07676.png,LY
train_25448.png,SNE
train_28502.png,LY
train_19809.png,BL
train_19539.png,LY
train_27076.png,MO
train_13938.png,BNE
train_12997.png,SNE
train_15752.png,LY
train_03627.png,LY
train_17326.png,MY
train_25482.png,SNE
train_00934.png,SNE
train_10241.png,EO
train_10823.png,SNE
train_25929.png,SNE
train_06092.png,BNE
train_03232.png,LY
train_26749.png,BL
train_15841.png,SNE
train_12991.png,SNE
train_27585.png,LY
train_07872.png,SNE
train_04418.png,MO
train_03172.png,LY
train_19071.png,SNE
train_13048.png,LY
train_06455.png,SNE
train_11176.png,SNE
train_20238.png,LY
train_18337.png,SNE
train_14499.png,MO
train_07082.png,LY
train_15163.png,SNE
train_16616.png,LY
train_18960.png,BL
train_26580.png,LY
train_09369.png,LY
train_15119.png,SNE
train_25722.png,LY
train_22712.png,MO
train_00661.png,LY
train_13671.png,BL
train_28690.png,SNE
train_15012.png,SNE
train_07721.png,SNE
train_28224.png,SNE
train_20791.png,BA
train_22469.png,LY
train_00958.png,MO
train_21559.png,SNE
train_18490.png,LY
train_15233.png,SNE
train_14552.png,LY
train_02405.png,MO
train_13410.png,LY
train_28759.png,SNE
train_05160.png,SNE
train_06204.png,SNE
train_18875.png,SNE
train_06843.png,SNE
train_09645.png,BL
train_02370.png,SNE
train_04410.png,BNE
train_03039.png,SNE
train_11275.png,MO
train_22774.png,SNE
train_25623.png,LY
train_08145.png,BL
train_21610.png,SNE
train_24465.png,LY
train_20102.png,SNE
train_18459.png,SNE
train_27068.png,LY
train_12258.png,SNE
train_24899.png,SNE
train_15102.png,SNE
train_22722.png,MO
train_21630.png,LY
train_01954.png,LY
train_01525.png,LY
train_02894.png,MO
train_08667.png,BL
train_12381.png,MY
train_19780.png,SNE
train_26411.png,BL
train_00624.png,SNE
train_22335.png,LY
train_11943.png,SNE
train_28371.png,SNE
train_00560.png,LY
train_17166.png,SNE
train_26267.png,LY
train_24281.png,SNE
train_15519.png,SNE
train_25139.png,SNE
train_23906.png,SNE
train_26012.png,SNE
train_09065.png,BL
train_26544.png,SNE
train_19308.png,SNE
train_25946.png,LY
train_23361.png,BL
train_00092.png,SNE
train_01792.png,MO
train_01395.png,SNE
train_05827.png,MO
train_17109.png,SNE
train_26157.png,SNE
train_26726.png,MO
train_22254.png,LY
train_06857.png,LY
train_27810.png,SNE
train_08739.png,VLY
train_23328.png,LY
train_18745.png,MO
train_08087.png,LY
train_14368.png,BL
train_22928.png,SNE
train_17875.png,MO
train_19166.png,MO
train_07633.png,SNE
train_08428.png,SNE
train_20435.png,MO
train_10650.png,SNE
train_05313.png,SNE
train_26991.png,LY
train_28838.png,SNE
train_11626.png,LY
train_23140.png,SNE
train_27268.png,LY
train_22911.png,BNE
train_11986.png,LY
train_09731.png,MO
train_10851.png,EO
train_09555.png,LY
train_00962.png,SNE
train_26501.png,SNE
train_23954.png,VLY
train_26577.png,LY
train_03311.png,MO
train_02630.png,SNE
train_07978.png,MO
train_11481.png,SNE
train_00684.png,BL
train_07893.png,BL
train_12651.png,MO
train_25735.png,SNE
train_27262.png,SNE
train_23721.png,BL
train_21289.png,LY
train_11801.png,LY
train_19507.png,SNE
train_12831.png,LY
train_10352.png,LY
train_19240.png,MY
train_15471.png,MO
train_04428.png,BL
train_04770.png,SNE
train_27608.png,SNE
train_23665.png,SNE
train_19607.png,LY
train_25142.png,LY
train_08010.png,LY
train_25132.png,SNE
train_20860.png,SNE
train_05702.png,SNE
train_26070.png,SNE
train_01372.png,LY
train_18231.png,SNE
train_01894.png,SNE
train_06435.png,MO
train_05305.png,SNE
train_27901.png,SNE
train_06842.png,SNE
train_03285.png,SNE
train_21626.png,EO
train_23382.png,LY
train_12114.png,LY
train_00471.png,LY
train_24259.png,SNE
train_06676.png,LY
train_16013.png,LY
train_10078.png,LY
train_19025.png,SNE
train_07333.png,SNE
train_27277.png,LY
train_20291.png,LY
train_13259.png,LY
train_20415.png,LY
train_25270.png,LY
train_28464.png,BL
train_28441.png,LY
train_19204.png,BL
train_27769.png,MO
train_20185.png,SNE
train_02052.png,LY
train_27287.png,BA
train_18450.png,BL
train_13506.png,SNE
train_01252.png,SNE
train_25525.png,MO
train_05721.png,LY
train_07834.png,SNE
train_12230.png,VLY
train_14259.png,MY
train_23655.png,SNE
train_24597.png,MO
train_19351.png,SNE
train_15143.png,MO
train_26238.png,SNE
train_12410.png,LY
train_11306.png,SNE
train_27782.png,LY
train_05958.png,LY
train_24943.png,LY
train_18242.png,LY
train_20562.png,SNE
train_15630.png,VLY
train_05033.png,SNE
train_27511.png,LY
train_05588.png,BL
train_07860.png,SNE
train_09145.png,SNE
train_11572.png,BA
train_17784.png,SNE
train_10245.png,LY
train_24442.png,LY
train_25183.png,SNE
train_05043.png,SNE
train_20419.png,LY
train_14267.png,SNE
train_25747.png,LY
train_06465.png,SNE
train_08562.png,LY
train_27464.png,SNE
train_12372.png,SNE
train_14401.png,LY
train_03432.png,BNE
train_08136.png,MY
train_05830.png,SNE
train_04735.png,MO
train_06548.png,SNE
train_27232.png,SNE
train_04407.png,EO
train_00702.png,SNE
train_13473.png,LY
train_06351.png,LY
train_10830.png,SNE
train_06739.png,LY
train_03643.png,SNE
train_17493.png,SNE
train_18168.png,LY
train_25259.png,LY
train_18039.png,SNE
train_06458.png,SNE
train_02744.png,SNE
train_17703.png,LY
train_15588.png,BL
train_17931.png,SNE
train_12494.png,MO
train_22026.png,SNE
train_03376.png,LY
train_00443.png,SNE
train_13901.png,MMY
train_04638.png,LY
train_15460.png,LY
train_13247.png,LY
train_04761.png,LY
train_20775.png,SNE
train_27878.png,BL
train_09115.png,LY
train_04800.png,SNE
train_28429.png,BL
train_11738.png,MO
train_23337.png,SNE
train_17135.png,SNE
train_01389.png,PC
train_28594.png,LY
train_10019.png,SNE
train_16533.png,SNE
train_11855.png,BL
train_09432.png,EO
train_11716.png,SNE
train_04091.png,SNE
train_24487.png,SNE
train_26645.png,BL
train_07102.png,LY
train_26418.png,LY
train_21480.png,EO
train_19206.png,LY
train_02390.png,SNE
train_22048.png,SNE
train_11362.png,LY
train_28280.png,SNE
train_26791.png,LY
train_27977.png,MO
train_03075.png,SNE
train_02158.png,LY
train_18038.png,LY
train_16335.png,SNE
train_20499.png,EO
train_09178.png,SNE
train_10565.png,LY
train_23395.png,SNE
train_24895.png,LY
train_24438.png,LY
train_14713.png,LY
train_09518.png,LY
train_28038.png,LY
train_00279.png,SNE
train_03157.png,LY
train_06177.png,SNE
train_09770.png,SNE
train_06720.png,BL
train_24384.png,LY
train_28169.png,SNE
train_11493.png,MO
train_28677.png,SNE
train_05150.png,LY
train_16941.png,LY
train_07342.png,LY
train_00533.png,SNE
train_24921.png,SNE
train_12730.png,SNE
train_12307.png,SNE
train_04831.png,SNE
train_05473.png,LY
train_23723.png,BL
train_28091.png,SNE
train_04127.png,SNE
train_28308.png,SNE
train_01388.png,SNE
train_17099.png,LY
train_18637.png,SNE
train_15374.png,SNE
train_02205.png,LY
train_26793.png,SNE
train_05720.png,LY
train_25067.png,SNE
train_22103.png,SNE
train_26071.png,SNE
train_04852.png,SNE
train_17286.png,SNE
train_28212.png,LY
train_06753.png,LY
train_09813.png,SNE
train_01411.png,LY
train_17012.png,SNE
train_15342.png,SNE
train_22504.png,SNE
train_00303.png,SNE
train_04238.png,BL
train_19498.png,SNE
train_22547.png,SNE
train_09714.png,SNE
train_05543.png,SNE
train_00739.png,SNE
train_12020.png,MO
train_15612.png,LY
train_10386.png,MO
train_00179.png,LY
train_09895.png,SNE
train_07261.png,SNE
train_09973.png,MO
train_01738.png,LY
train_25716.png,SNE
train_19654.png,SNE
train_22284.png,SNE
train_23056.png,MO
train_09475.png,SNE
train_23004.png,SNE
train_14190.png,SNE
train_16267.png,SNE
train_16623.png,LY
train_06767.png,VLY
train_25743.png,SNE
train_15351.png,SNE
train_27781.png,LY
train_08194.png,LY
train_11450.png,SNE
train_14890.png,LY
train_03344.png,LY
train_24897.png,SNE
train_05433.png,SNE
train_12135.png,LY
train_15842.png,LY
train_18693.png,MO
train_13561.png,SNE
train_21402.png,LY
train_08415.png,SNE
train_00732.png,SNE
train_08976.png,SNE
train_02243.png,LY
train_14774.png,MO
train_25371.png,SNE
train_20319.png,EO
train_18260.png,SNE
train_20105.png,SNE
train_03735.png,SNE
train_23426.png,MO
train_05265.png,SNE
train_23660.png,SNE
train_28769.png,SNE
train_10879.png,SNE
train_10323.png,LY
train_08933.png,LY
train_00923.png,EO
train_10411.png,LY
train_08381.png,LY
train_27920.png,SNE
train_10644.png,SNE
train_03579.png,SNE
train_23563.png,LY
train_23627.png,BL
train_27883.png,SNE
train_26363.png,LY
train_04537.png,MO
train_23706.png,SNE
train_22635.png,SNE
train_07140.png,LY
train_16781.png,MO
train_04461.png,SNE
train_08793.png,BL
train_18684.png,MMY
train_26725.png,LY
train_02420.png,SNE
train_08331.png,LY
train_10275.png,EO
train_00346.png,BL
train_08408.png,MO
train_28661.png,SNE
train_03734.png,SNE
train_27335.png,SNE
train_20567.png,SNE
train_02003.png,SNE
train_00753.png,SNE
train_09890.png,VLY
train_22807.png,LY
train_07778.png,SNE
train_11386.png,LY
train_24901.png,LY
train_15214.png,SNE
train_14133.png,SNE
train_26156.png,LY
train_21429.png,SNE
train_09806.png,SNE
train_13177.png,LY
train_00583.png,SNE
train_09057.png,SNE
train_11476.png,SNE
train_18894.png,BL
train_12288.png,MO
train_12630.png,SNE
train_13557.png,MO
train_24879.png,SNE
train_04972.png,MO
train_26042.png,SNE
train_03170.png,MO
train_01029.png,SNE
train_15346.png,SNE
train_23683.png,SNE
train_15830.png,SNE
train_19534.png,SNE
train_19880.png,SNE
train_09527.png,BL
train_11826.png,LY
train_11539.png,LY
train_14360.png,LY
train_12509.png,BL
train_24797.png,LY
train_22618.png,SNE
train_28439.png,EO
train_19080.png,LY
train_23162.png,MO
train_07280.png,MO
train_18589.png,SNE
train_25144.png,LY
train_17998.png,SNE
train_05745.png,SNE
train_06918.png,PMY
train_05123.png,SNE
train_13391.png,SNE
train_01003.png,SNE
train_17461.png,LY
train_21178.png,SNE
train_10895.png,SNE
train_21146.png,LY
train_12001.png,MO
train_06547.png,LY
train_18360.png,SNE
train_10055.png,LY
train_14307.png,MO
train_17263.png,SNE
train_10276.png,BL
train_20128.png,SNE
train_08719.png,SNE
train_01929.png,LY
train_15988.png,BL
train_01900.png,SNE
train_12460.png,LY
train_26314.png,BA
train_15928.png,MO
train_04675.png,SNE
train_19669.png,VLY
train_05129.png,SNE
train_10513.png,LY
train_24563.png,SNE
train_07069.png,LY
train_18274.png,LY
train_08106.png,SNE
train_19155.png,SNE
train_24115.png,SNE
train_28486.png,LY
train_15189.png,SNE
train_09214.png,PMY
train_26712.png,SNE
train_13411.png,SNE
train_20896.png,EO
train_11067.png,SNE
train_13225.png,SNE
train_00016.png,SNE
train_15484.png,LY
train_27351.png,EO
train_19678.png,BL
train_01194.png,LY
train_13753.png,MO
train_20544.png,SNE
train_01330.png,BL
train_07139.png,SNE
train_27118.png,LY
train_04936.png,LY
train_28687.png,EO
train_00039.png,SNE
train_10767.png,SNE
train_15644.png,EO
train_07897.png,LY
train_05618.png,LY
train_27866.png,LY
train_19751.png,BA
train_09635.png,LY
train_08076.png,SNE
train_04706.png,LY
train_20709.png,LY
train_09488.png,MO
train_16452.png,LY
train_21495.png,SNE
train_25538.png,LY
train_10657.png,LY
train_06084.png,SNE
train_17558.png,LY
train_02780.png,LY
train_17946.png,LY
train_28745.png,MO
train_24837.png,SNE
train_03685.png,PMY
train_23427.png,MO
train_07521.png,SNE
train_11259.png,MO
train_05248.png,LY
train_19801.png,LY
train_15298.png,LY
train_07097.png,LY
train_09923.png,BL
train_07625.png,BNE
train_04181.png,LY
train_05418.png,SNE
train_14787.png,BL
train_26223.png,SNE
train_22477.png,BL
train_12937.png,PMY
train_13803.png,LY
train_10699.png,LY
train_20585.png,BNE
train_04329.png,LY
train_20471.png,LY
train_12898.png,SNE
train_25019.png,SNE
train_21003.png,SNE
train_27186.png,MMY
train_20707.png,LY
train_11606.png,SNE
train_00227.png,LY
train_24767.png,SNE
train_12417.png,LY
train_04780.png,SNE
train_24151.png,LY
train_06849.png,SNE
train_08421.png,SNE
train_22313.png,SNE
train_25437.png,SNE
train_01365.png,LY
train_28533.png,SNE
train_10580.png,SNE
train_03995.png,MO
train_07446.png,MO
train_09864.png,LY
train_14698.png,LY
train_26338.png,SNE
train_01493.png,SNE
train_16165.png,EO
train_25682.png,LY
train_16814.png,MO
train_07264.png,SNE
train_25950.png,SNE
train_26133.png,LY
train_13470.png,SNE
train_26039.png,MY
train_18643.png,BL
train_17840.png,BL
train_03944.png,MO
train_18042.png,LY
train_09211.png,LY
train_06195.png,LY
train_03673.png,LY
train_20842.png,SNE
train_27738.png,LY
train_02590.png,SNE
train_11521.png,LY
train_25069.png,SNE
train_18914.png,MY
train_10694.png,SNE
train_16909.png,BNE
train_00147.png,LY
train_21410.png,MY
train_07170.png,LY
train_15831.png,LY
train_16917.png,MY
train_06687.png,SNE
train_09107.png,MY
train_05732.png,SNE
train_16838.png,SNE
train_01797.png,LY
train_16636.png,LY
train_26202.png,SNE
train_02097.png,SNE
train_02726.png,VLY
train_15101.png,LY
train_26397.png,PMY
train_27476.png,BL
train_24538.png,SNE
train_01473.png,BL
train_20508.png,SNE
train_12265.png,LY
train_27292.png,SNE
train_20138.png,MMY
train_10868.png,MO
train_19934.png,LY
train_19105.png,SNE
train_22321.png,SNE
train_17063.png,LY
train_00791.png,LY
train_16679.png,MO
train_19481.png,SNE
train_01917.png,BL
train_03780.png,BL
train_19904.png,MY
train_16900.png,SNE
train_19104.png,SNE
train_08959.png,SNE
train_03020.png,SNE
train_17843.png,SNE
train_21695.png,SNE
train_24217.png,SNE
train_13139.png,SNE
train_20122.png,SNE
train_04032.png,LY
train_07586.png,LY
train_11280.png,SNE
train_24826.png,SNE
train_23955.png,BL
train_08227.png,BL
train_06114.png,SNE
train_20638.png,SNE
train_15514.png,SNE
train_25827.png,BL
train_24938.png,LY
train_09381.png,SNE
train_15052.png,SNE
train_15256.png,LY
train_21686.png,LY
train_25803.png,BL
train_21900.png,SNE
train_03639.png,MO
train_25079.png,LY
train_28421.png,BA
train_00428.png,SNE
train_01415.png,SNE
train_06250.png,BL
train_16951.png,SNE
train_02431.png,SNE
train_06341.png,BL
train_02088.png,SNE
train_15964.png,SNE
train_11376.png,SNE
train_16395.png,SNE
train_03373.png,LY
train_08121.png,SNE
train_11482.png,SNE
train_22074.png,SNE
train_23126.png,SNE
train_12715.png,SNE
train_22449.png,SNE
train_20538.png,SNE
train_26516.png,MO
train_16063.png,SNE
train_03743.png,SNE
train_22116.png,BL
train_28864.png,SNE
train_22795.png,BNE
train_01841.png,VLY
train_15983.png,LY
train_09198.png,SNE
train_26823.png,SNE
train_13828.png,BL
train_04229.png,SNE
train_00465.png,MO
train_22055.png,LY
train_04807.png,MO
train_20617.png,LY
train_05435.png,LY
train_22538.png,LY
train_08913.png,SNE
train_22265.png,VLY
train_16023.png,SNE
train_09888.png,MO
train_28846.png,LY
train_28526.png,SNE
train_00613.png,LY
train_18015.png,LY
train_24529.png,BL
train_26989.png,SNE
train_14225.png,BL
train_09284.png,SNE
train_13189.png,MO
train_27619.png,LY
train_06943.png,MO
train_00976.png,MO
train_14490.png,SNE
train_00983.png,BL
train_11288.png,SNE
train_13488.png,LY
train_27182.png,SNE
train_11254.png,MO
train_15498.png,SNE
train_22830.png,SNE
train_27521.png,SNE
train_27252.png,SNE
train_24595.png,LY
train_19911.png,BL
train_07603.png,LY
train_15392.png,SNE
train_14314.png,EO
train_18076.png,PMY
train_24765.png,BL
train_23250.png,SNE
train_07533.png,LY
train_07393.png,SNE
train_25573.png,SNE
train_04075.png,SNE
train_18253.png,LY
train_24661.png,MO
train_24027.png,SNE
train_10614.png,MO
train_20852.png,LY
train_06299.png,LY
train_08086.png,EO
train_04727.png,SNE
train_23233.png,BA
train_28426.png,SNE
train_26095.png,SNE
train_26855.png,SNE
train_12680.png,LY
train_06642.png,SNE
train_15039.png,EO
train_12807.png,LY
train_03220.png,SNE
train_23556.png,LY
train_11479.png,SNE
train_28639.png,LY
train_23410.png,VLY
train_04946.png,SNE
train_28523.png,LY
train_24904.png,LY
train_13949.png,LY
train_04327.png,LY
train_03955.png,LY
train_07610.png,SNE
train_26905.png,SNE
train_20735.png,LY
train_18992.png,SNE
train_26968.png,SNE
train_24894.png,LY
train_26308.png,BL
train_25511.png,SNE
train_21625.png,LY
train_28784.png,LY
train_21041.png,SNE
train_18794.png,SNE
train_03309.png,SNE
train_07907.png,SNE
train_11584.png,SNE
train_14539.png,MO
train_23471.png,SNE
train_22184.png,BNE
train_11351.png,LY
train_07308.png,LY
train_19885.png,SNE
train_08491.png,SNE
train_07110.png,BL
train_09763.png,LY
train_25680.png,LY
train_26478.png,LY
train_15313.png,SNE
train_06226.png,LY
train_12727.png,SNE
train_22106.png,SNE
train_01538.png,MO
train_06068.png,SNE
train_10428.png,MO
train_12762.png,SNE
train_14367.png,LY
train_24343.png,SNE
train_14966.png,LY
train_02750.png,LY
train_11693.png,LY
train_02774.png,SNE
train_01293.png,SNE
train_06780.png,SNE
train_01394.png,LY
train_07977.png,BL
train_03872.png,MMY
train_03653.png,SNE
train_15843.png,SNE
train_04141.png,SNE
train_23048.png,SNE
train_04263.png,SNE
train_12191.png,BNE
train_10891.png,MO
train_03882.png,SNE
train_10970.png,MMY
train_14695.png,SNE
train_08216.png,SNE
train_03970.png,LY
train_24108.png,MO
train_05867.png,LY
train_08833.png,SNE
train_02622.png,BA
train_01699.png,VLY
train_08697.png,LY
train_15640.png,BL
train_00608.png,MO
train_08061.png,MY
train_23751.png,LY
train_14827.png,SNE
train_07926.png,BL
train_07033.png,MY
train_27885.png,LY
train_06143.png,SNE
train_10280.png,SNE
train_07444.png,BL
train_06045.png,SNE
train_05081.png,SNE
train_10913.png,MO
train_06446.png,MO
train_01721.png,SNE
train_22729.png,BL
train_00723.png,SNE
train_27329.png,BL
train_26237.png,LY
train_02620.png,LY
train_28717.png,SNE
train_09856.png,SNE
train_13079.png,LY
train_11174.png,LY
train_18124.png,MO
train_06838.png,SNE
train_18837.png,SNE
train_25937.png,MMY
train_10092.png,MO
train_11453.png,SNE
train_04672.png,SNE
train_26468.png,SNE
train_17713.png,LY
train_19520.png,BL
train_22030.png,MO
train_24154.png,LY
train_23612.png,LY
train_16386.png,SNE
train_26049.png,SNE
train_24908.png,MO
train_10167.png,SNE
train_14114.png,MMY
train_13855.png,MMY
train_11140.png,EO
train_26827.png,LY
train_27332.png,SNE
train_06061.png,LY
train_18208.png,LY
train_15250.png,LY
train_27926.png,MO
train_02591.png,LY
train_26395.png,BA
train_00829.png,SNE
train_21431.png,SNE
train_13352.png,LY
train_17301.png,SNE
train_24619.png,LY
train_16898.png,SNE
train_15296.png,LY
train_18923.png,SNE
train_17733.png,SNE
train_11879.png,LY
train_07240.png,SNE
train_28631.png,VLY
train_07831.png,MMY
train_26908.png,SNE
train_14708.png,SNE
train_13590.png,SNE
train_21100.png,BNE
train_27402.png,SNE
train_00519.png,LY
train_16058.png,PC
train_09011.png,SNE
train_01811.png,SNE
train_04617.png,SNE
train_16630.png,BL
train_06724.png,LY
train_01862.png,LY
train_07043.png,BA
train_08242.png,SNE
train_12962.png,BL
train_10862.png,LY
train_12489.png,BA
train_13934.png,SNE
train_06562.png,SNE
train_24243.png,SNE
train_09479.png,SNE
train_17228.png,SNE
train_27729.png,SNE
train_01817.png,MO
train_23812.png,SNE
train_26985.png,SNE
train_11269.png,SNE
train_20284.png,LY
train_15334.png,SNE
train_25094.png,SNE
train_26459.png,SNE
train_12108.png,LY
train_26013.png,SNE
train_19323.png,SNE
train_27288.png,LY
train_15692.png,MO
train_26419.png,SNE
train_17143.png,SNE
train_16220.png,SNE
train_09110.png,LY
train_20169.png,SNE
train_00663.png,LY
train_23309.png,SNE
train_20782.png,MO
train_12218.png,SNE
train_05722.png,LY
train_28015.png,LY
train_08998.png,SNE
train_26413.png,MO
train_24971.png,SNE
train_18495.png,SNE
train_02181.png,BL
train_03022.png,SNE
train_11160.png,SNE
train_05180.png,MO
train_00293.png,MO
train_23989.png,SNE
train_03962.png,LY
train_09281.png,EO
train_22385.png,MO
train_03000.png,SNE
train_13295.png,SNE
train_18043.png,SNE
train_16127.png,BL
train_28641.png,LY
train_14402.png,SNE
train_17530.png,SNE
train_13227.png,MO
train_20966.png,LY
train_00049.png,LY
train_10671.png,SNE
train_18812.png,SNE
train_13252.png,MO
train_23123.png,MO
train_26370.png,LY
train_02460.png,LY
train_18271.png,SNE
train_17730.png,BL
train_25510.png,MMY
train_00369.png,LY
train_28320.png,LY
train_13841.png,LY
train_18834.png,LY
train_26121.png,EO
train_14256.png,LY
train_21166.png,LY
train_01477.png,SNE
train_23073.png,MO
train_13825.png,SNE
train_00232.png,MO
train_14672.png,SNE
train_18107.png,LY
train_01073.png,SNE
train_08832.png,SNE
train_10478.png,MY
train_20683.png,LY
train_10655.png,VLY
train_17369.png,SNE
train_05169.png,LY
train_03572.png,SNE
train_14709.png,SNE
train_01270.png,LY
train_27871.png,SNE
train_06371.png,SNE
train_04509.png,VLY
train_27960.png,SNE
train_08330.png,LY
train_12149.png,MO
train_01772.png,LY
train_25547.png,BNE
train_02941.png,BNE
train_24364.png,BL
train_09631.png,SNE
train_15199.png,LY
train_24298.png,LY
train_17107.png,MO
train_01048.png,SNE
train_25172.png,MO
train_06901.png,SNE
train_05649.png,SNE
train_05319.png,SNE
train_07442.png,SNE
train_15591.png,LY
train_11142.png,MMY
train_20255.png,EO
train_28261.png,MO
train_20649.png,MO
train_21112.png,SNE
train_16796.png,SNE
train_14961.png,MO
train_08190.png,SNE
train_17032.png,BNE
train_13704.png,SNE
train_10903.png,SNE
train_03335.png,SNE
train_04609.png,SNE
train_16899.png,LY
train_17054.png,SNE
train_06327.png,SNE
train_23907.png,MO
train_01983.png,MO
train_02727.png,SNE
train_02504.png,MO
train_20492.png,SNE
train_07514.png,BL
train_23890.png,SNE
train_04710.png,SNE
train_03102.png,SNE
train_13494.png,LY
train_12841.png,SNE
train_23063.png,MO
train_25643.png,LY
train_22246.png,MY
train_25603.png,MO
train_00452.png,LY
train_03864.png,MY
train_16730.png,SNE
train_12618.png,LY
train_09540.png,SNE
train_26282.png,LY
train_16998.png,MO
train_10355.png,SNE
train_11318.png,SNE
train_05464.png,SNE
train_11789.png,EO
train_02442.png,SNE
train_28079.png,LY
train_11964.png,LY
train_24025.png,SNE
train_07403.png,SNE
train_09758.png,SNE
train_15818.png,SNE
train_21980.png,SNE
train_22798.png,LY
train_05038.png,SNE
train_07243.png,SNE
train_23803.png,MO
train_24804.png,SNE
train_20119.png,SNE
train_28693.png,SNE
train_03003.png,LY
train_11095.png,EO
train_11772.png,SNE
train_09388.png,LY
train_24910.png,SNE
train_28655.png,MO
train_18735.png,SNE
train_07518.png,SNE
train_17226.png,LY
train_11813.png,MY
train_10864.png,SNE
train_12579.png,LY
train_21586.png,LY
train_02128.png,MO
train_01110.png,SNE
train_00434.png,SNE
train_11976.png,LY
train_18770.png,SNE
train_16561.png,SNE
train_24347.png,LY
train_28325.png,LY
train_04691.png,LY
train_04943.png,BL
train_09963.png,SNE
train_06655.png,LY
train_06012.png,SNE
train_01089.png,SNE
train_25672.png,SNE
train_03415.png,LY
train_25202.png,LY
train_23325.png,SNE
train_05048.png,MO
train_20936.png,SNE
train_09171.png,SNE
train_06419.png,LY
train_14022.png,BL
train_22607.png,SNE
train_13620.png,SNE
train_05799.png,SNE
train_23305.png,SNE
train_16230.png,LY
train_11381.png,BL
train_10775.png,SNE
train_19011.png,SNE
train_25802.png,SNE
train_07690.png,LY
train_05621.png,MY
train_13668.png,EO
train_05098.png,BNE
train_08616.png,BA
train_22826.png,SNE
train_25378.png,BL
train_12503.png,MO
train_11918.png,SNE
train_02186.png,LY
train_20705.png,LY
train_25351.png,BNE
train_07632.png,SNE
train_08161.png,SNE
train_16354.png,MO
train_03632.png,SNE
train_05851.png,EO
train_00290.png,SNE
train_26556.png,LY
train_09460.png,BA
train_21151.png,BA
train_10863.png,SNE
train_23829.png,MO
train_28834.png,LY
train_11780.png,SNE
train_13120.png,SNE
train_08095.png,SNE
train_15535.png,LY
train_22533.png,BL
train_18214.png,BL
train_17213.png,SNE
train_23564.png,MO
train_25704.png,SNE
train_09780.png,MO
train_11778.png,LY
train_11319.png,SNE
train_00620.png,SNE
train_13838.png,SNE
train_21175.png,MMY
train_27187.png,SNE
train_17337.png,BL
train_02511.png,SNE
train_22269.png,LY
train_22515.png,BNE
train_16102.png,MO
train_06831.png,LY
train_21249.png,SNE
train_06479.png,MY
train_04465.png,LY
train_22982.png,SNE
train_19865.png,SNE
train_19976.png,EO
train_00321.png,LY
train_15032.png,LY
train_18368.png,SNE
train_20998.png,LY
train_16458.png,SNE
train_10736.png,LY
train_23713.png,SNE
train_14694.png,SNE
train_18722.png,BA
train_21222.png,SNE
train_09636.png,SNE
train_12395.png,BL
train_22215.png,LY
train_22666.png,SNE
train_25861.png,BNE
train_04514.png,SNE
train_22645.png,MY
train_25012.png,LY
train_14200.png,LY
train_05192.png,MY
train_04610.png,LY
train_09561.png,SNE
train_08302.png,LY
train_01469.png,SNE
train_08772.png,SNE
train_01401.png,LY
train_15727.png,SNE
train_22937.png,MO
train_12869.png,SNE
train_24664.png,LY
train_19866.png,SNE
train_24832.png,LY
train_24741.png,LY
train_04782.png,BL
train_13302.png,MO
train_01129.png,SNE
train_05353.png,LY
train_05271.png,SNE
train_26767.png,LY
train_02850.png,LY
train_01350.png,SNE
train_01512.png,BL
train_24887.png,SNE
train_26234.png,LY
train_09722.png,SNE
train_03694.png,BL
train_26151.png,MO
train_28424.png,SNE
train_21393.png,VLY
train_06819.png,SNE
train_14418.png,SNE
train_25990.png,MO
train_19618.png,LY
train_18294.png,MO
train_07401.png,MO
train_27189.png,LY
train_13037.png,LY
train_06211.png,SNE
train_26406.png,LY
train_10777.png,PMY
train_13935.png,LY
train_11305.png,SNE
train_00111.png,SNE
train_18596.png,SNE
train_27557.png,BL
train_17842.png,SNE
train_10539.png,MY
train_12741.png,LY
train_13536.png,SNE
train_06500.png,SNE
train_19081.png,SNE
train_24850.png,LY
train_24711.png,LY
train_02724.png,SNE
train_03994.png,SNE
train_09406.png,LY
train_13050.png,SNE
train_00537.png,SNE
train_13632.png,SNE
train_12575.png,BL
train_15438.png,LY
train_07414.png,SNE
train_00771.png,MO
train_23485.png,SNE
train_17948.png,SNE
train_08179.png,SNE
train_08732.png,MY
train_11658.png,LY
train_01845.png,SNE
train_14607.png,SNE
train_13303.png,SNE
train_20542.png,SNE
train_07644.png,SNE
train_18067.png,BL
train_16748.png,SNE
train_08575.png,MMY
train_27681.png,LY
train_20225.png,SNE
train_12013.png,LY
train_05164.png,MO
train_11366.png,MO
train_19254.png,BL
train_14222.png,LY
train_15107.png,MY
train_23978.png,SNE
train_01668.png,SNE
train_24005.png,SNE
train_27841.png,SNE
train_27069.png,SNE
train_22658.png,LY
train_11854.png,SNE
train_20547.png,SNE
train_18582.png,SNE
train_05996.png,LY
train_27924.png,BL
train_26709.png,SNE
train_22921.png,SNE
train_00084.png,LY
train_18872.png,SNE
train_03751.png,LY
train_19490.png,SNE
train_27549.png,LY
train_10136.png,LY
train_12329.png,SNE
train_27113.png,SNE
train_22751.png,SNE
train_12012.png,SNE
train_21224.png,SNE
train_26528.png,SNE
train_16824.png,BL
train_17154.png,SNE
train_24009.png,BL
train_12254.png,LY
train_04892.png,LY
train_04574.png,PMY
train_17678.png,LY
train_04174.png,SNE
train_26054.png,SNE
train_26280.png,BNE
train_03027.png,MO
train_15057.png,SNE
train_13899.png,SNE
train_22065.png,MO
train_04686.png,LY
train_20841.png,MO
train_15442.png,MO
train_24390.png,LY
train_14935.png,MO
train_20007.png,SNE
train_07549.png,SNE
train_01752.png,SNE
train_02481.png,SNE
train_00363.png,SNE
train_04026.png,SNE
train_03183.png,SNE
train_09165.png,SNE
train_12861.png,EO
train_17330.png,LY
train_03166.png,MMY
train_08591.png,MO
train_12819.png,MMY
train_03542.png,SNE
train_21965.png,SNE
train_24488.png,SNE
train_00630.png,EO
train_06278.png,EO
train_09477.png,SNE
train_24978.png,SNE
train_15356.png,SNE
train_13119.png,BL
train_27037.png,MY
train_18187.png,LY
train_21643.png,SNE
train_23457.png,LY
train_23029.png,LY
train_02225.png,MO
train_08114.png,SNE
train_04257.png,SNE
train_00598.png,SNE
train_26940.png,SNE
train_21909.png,LY
train_21318.png,SNE
train_12238.png,SNE
train_19432.png,BL
train_06961.png,SNE
train_18250.png,LY
train_05183.png,LY
train_23288.png,SNE
train_15605.png,MO
train_13860.png,SNE
train_28726.png,VLY
train_03071.png,SNE
train_20110.png,SNE
train_22324.png,SNE
train_20907.png,SNE
train_21694.png,SNE
train_04631.png,MO
train_20216.png,VLY
train_24426.png,BL
train_16628.png,MO
train_08318.png,BL
train_28783.png,MO
train_06366.png,BA
train_01397.png,SNE
train_26285.png,SNE
train_21399.png,MO
train_11410.png,LY
train_07020.png,SNE
train_13505.png,SNE
train_08743.png,BL
train_08841.png,VLY
train_05340.png,SNE
train_06387.png,MMY
train_27965.png,MO
train_28446.png,SNE
train_13595.png,SNE
train_14485.png,LY
train_25361.png,LY
train_20168.png,LY
train_11115.png,BA
train_23533.png,SNE
train_16918.png,MO
train_00333.png,SNE
train_06399.png,SNE
train_17795.png,SNE
train_21417.png,SNE
train_10602.png,SNE
train_12113.png,SNE
train_00318.png,BNE
train_07282.png,LY
train_27334.png,SNE
train_11452.png,SNE
train_09666.png,BNE
train_00347.png,LY
train_07714.png,SNE
train_22991.png,SNE
train_18939.png,LY
train_06411.png,SNE
train_06925.png,LY
train_02841.png,MMY
train_24578.png,LY
train_27575.png,LY
train_27714.png,BA
train_06310.png,BL
train_04473.png,LY
train_00410.png,SNE
train_11394.png,MO
train_06728.png,SNE
train_06835.png,SNE
train_08108.png,PMY
train_10235.png,EO
train_19702.png,SNE
train_03471.png,SNE
train_11955.png,LY
train_00037.png,BA
train_16151.png,SNE
train_04945.png,MO
train_24288.png,SNE
train_17758.png,SNE
train_06298.png,SNE
train_27468.png,MO
train_14556.png,SNE
train_09261.png,MMY
train_12654.png,SNE
train_07262.png,MO
train_06833.png,LY
train_28798.png,SNE
train_19389.png,BA
train_17833.png,MO
train_06383.png,SNE
train_16638.png,SNE
train_13970.png,SNE
train_03062.png,SNE
train_02375.png,SNE
train_17808.png,SNE
train_21385.png,SNE
train_25372.png,MO
train_13127.png,SNE
train_10185.png,LY
train_28817.png,SNE
train_22196.png,LY
train_11267.png,LY
train_23368.png,LY
train_09241.png,LY
train_14660.png,MO
train_07166.png,MO
train_01192.png,BL
train_27161.png,SNE
train_10987.png,PMY
train_24999.png,LY
train_27943.png,BL
train_14295.png,BL
train_21533.png,MO
train_10733.png,SNE
train_02144.png,LY
train_09042.png,LY
train_21089.png,BL
train_15359.png,LY
train_06373.png,SNE
train_11548.png,SNE
train_03112.png,SNE
train_21683.png,LY
train_27363.png,MY
train_18788.png,SNE
train_00425.png,LY
train_16996.png,SNE
train_12608.png,LY
train_17047.png,SNE
train_21638.png,EO
train_14638.png,LY
train_21134.png,SNE
train_00404.png,SNE
train_04322.png,LY
train_16751.png,SNE
train_20193.png,EO
train_00365.png,MO
train_14091.png,LY
train_14641.png,SNE
train_02575.png,LY
train_25063.png,MY
train_11260.png,BA
train_22311.png,BNE
train_11472.png,LY
train_06296.png,SNE
train_09471.png,LY
train_07435.png,SNE
train_01939.png,SNE
train_05430.png,SNE
train_08958.png,SNE
train_20871.png,SNE
train_14614.png,SNE
train_03367.png,EO
train_08111.png,SNE
train_23679.png,LY
train_08882.png,SNE
train_17439.png,BL
train_05602.png,SNE
train_03502.png,SNE
train_23648.png,EO
train_06120.png,LY
train_24786.png,LY
train_00071.png,SNE
train_23613.png,SNE
train_22238.png,LY
train_01991.png,SNE
train_04096.png,SNE
train_23006.png,MO
train_09395.png,SNE
train_23409.png,SNE
train_13371.png,LY
train_24321.png,SNE
train_18736.png,LY
train_19376.png,SNE
train_19379.png,LY
train_26387.png,BA
train_01506.png,LY
train_09470.png,EO
train_24979.png,BL
train_07571.png,BL
train_03019.png,BL
train_25895.png,LY
train_08177.png,MO
train_10788.png,LY
train_16481.png,LY
train_14411.png,SNE
train_06643.png,SNE
train_06374.png,MMY
train_19642.png,SNE
train_25096.png,LY
train_00672.png,MO
train_19971.png,MO
train_08585.png,SNE
train_05479.png,LY
train_20622.png,SNE
train_10982.png,MO
train_03613.png,SNE
train_01871.png,BL
train_24780.png,LY
train_27562.png,MO
train_03867.png,SNE
train_16654.png,SNE
train_09839.png,SNE
train_16488.png,LY
train_00846.png,LY
train_02795.png,LY
train_20929.png,SNE
train_02607.png,BL
train_08922.png,LY
train_28752.png,SNE
train_28830.png,LY
train_02394.png,LY
train_20279.png,BL
train_22994.png,LY
train_25054.png,SNE
train_25498.png,SNE
train_28691.png,SNE
train_10925.png,SNE
train_13151.png,SNE
train_00802.png,BL
train_14969.png,SNE
train_10398.png,LY
train_15306.png,LY
train_27219.png,SNE
train_03633.png,LY
train_20932.png,LY
train_22647.png,BNE
train_20958.png,SNE
train_25979.png,MO
train_26692.png,SNE
train_06512.png,SNE
train_01614.png,SNE
train_24774.png,LY
train_04954.png,SNE
train_08132.png,LY
train_14127.png,MO
train_22430.png,SNE
train_17227.png,EO
train_11056.png,SNE
train_22640.png,SNE
train_19912.png,LY
train_26431.png,LY
train_13417.png,SNE
train_12302.png,SNE
train_00453.png,LY
train_11562.png,BL
train_16542.png,LY
train_19225.png,SNE
train_14306.png,BL
train_13684.png,BL
train_16574.png,SNE
train_10035.png,LY
train_01342.png,LY
train_21732.png,BL
train_03893.png,SNE
train_06228.png,LY
train_18302.png,LY
train_06839.png,SNE
train_10044.png,SNE
train_08537.png,LY
train_04731.png,BL
train_19755.png,LY
train_15492.png,BL
train_10817.png,SNE
train_12549.png,SNE
train_28878.png,BL
train_23651.png,MY
train_01166.png,SNE
train_16118.png,LY
train_16301.png,SNE
train_20837.png,SNE
train_11663.png,SNE
train_24284.png,SNE
train_18358.png,MO
train_17604.png,SNE
train_10289.png,MO
train_02077.png,SNE
train_04658.png,SNE
train_25944.png,SNE
train_02448.png,SNE
train_00162.png,LY
train_09458.png,BL
train_08554.png,SNE
train_15614.png,BL
train_04551.png,SNE
train_01886.png,LY
train_12930.png,SNE
train_02010.png,LY
train_16659.png,LY
train_25151.png,LY
train_07735.png,SNE
train_11186.png,SNE
train_19671.png,SNE
train_23347.png,VLY
train_05290.png,SNE
train_14584.png,LY
train_16827.png,SNE
train_12464.png,LY
train_05168.png,MO
train_02963.png,SNE
train_14831.png,MMY
train_21806.png,BL
train_20488.png,LY
train_25584.png,SNE
train_00320.png,LY
train_19775.png,LY
train_23066.png,EO
train_01965.png,LY
train_14761.png,LY
train_10558.png,SNE
train_20730.png,MY
train_25167.png,LY
train_28330.png,SNE
train_11179.png,MO
train_28762.png,BL
train_22279.png,SNE
train_13460.png,LY
train_08255.png,PMY
train_26498.png,LY
train_24617.png,SNE
train_23661.png,MO
train_10335.png,SNE
train_15732.png,MO
train_11221.png,SNE
train_09640.png,MO
train_00621.png,SNE
train_06369.png,SNE
train_21273.png,LY
train_18424.png,SNE
train_01835.png,SNE
train_14483.png,LY
train_28493.png,BL
train_26104.png,BL
train_11822.png,BL
train_28181.png,SNE
train_04625.png,SNE
train_06146.png,LY
train_17856.png,SNE
train_27750.png,LY
train_15136.png,LY
train_00915.png,LY
train_06640.png,SNE
train_28223.png,LY
train_13095.png,SNE
train_27785.png,BL
train_02136.png,SNE
train_05783.png,LY
train_19000.png,LY
train_03413.png,BL
train_21724.png,EO
train_23265.png,LY
train_16666.png,SNE
train_22083.png,SNE
train_02989.png,SNE
train_22733.png,SNE
train_26484.png,MMY
train_20249.png,SNE
train_00372.png,SNE
train_25791.png,LY
train_00418.png,SNE
train_15206.png,SNE
train_00937.png,SNE
train_27875.png,LY
train_03587.png,LY
train_06375.png,MO
train_24445.png,SNE
train_21052.png,SNE
train_09013.png,SNE
train_19610.png,SNE
train_01624.png,SNE
train_13434.png,MO
train_26385.png,MO
train_06302.png,SNE
train_28198.png,LY
train_03221.png,SNE
train_22340.png,LY
train_10387.png,LY
train_07164.png,LY
train_14027.png,SNE
train_23748.png,SNE
train_20062.png,LY
train_04505.png,LY
train_10305.png,LY
train_00741.png,SNE
train_13229.png,SNE
train_12567.png,LY
train_20275.png,MMY
train_15077.png,SNE
train_20285.png,BA
train_12736.png,SNE
train_26663.png,SNE
train_25419.png,BA
train_04776.png,SNE
train_04113.png,LY
train_11379.png,BL
train_14147.png,SNE
train_23236.png,MY
train_10204.png,LY
train_13823.png,LY
train_06696.png,LY
train_18496.png,SNE
train_08420.png,MMY
train_09450.png,SNE
train_03759.png,LY
train_21477.png,SNE
train_03547.png,LY
train_02489.png,MO
train_15379.png,SNE
train_01359.png,SNE
train_01756.png,SNE
train_11457.png,SNE
train_11945.png,SNE
train_01785.png,BL
train_05187.png,SNE
train_18251.png,MO
train_22612.png,SNE
train_10415.png,MO
train_25238.png,LY
train_15195.png,LY
train_23959.png,SNE
train_09836.png,SNE
train_00806.png,MO
train_02216.png,SNE
train_08286.png,BL
train_26818.png,SNE
train_00455.png,SNE
train_26976.png,LY
train_16672.png,BNE
train_11545.png,LY
train_17579.png,BL
train_14384.png,SNE
train_00873.png,SNE
train_15961.png,LY
train_21743.png,SNE
train_06719.png,SNE
train_02749.png,MY
train_10230.png,LY
train_26925.png,MO
train_03891.png,SNE
train_07429.png,BNE
train_02411.png,SNE
train_26375.png,SNE
train_09903.png,SNE
train_07856.png,SNE
train_03967.png,BL
train_06523.png,SNE
train_21281.png,SNE
train_22267.png,MO
train_25737.png,SNE
train_23994.png,SNE
train_18734.png,SNE
train_20433.png,MO
train_03823.png,SNE
train_24618.png,SNE
train_22866.png,MO
train_05339.png,BA
train_11464.png,MO
train_14946.png,LY
train_25455.png,MO
train_24937.png,SNE
train_03407.png,SNE
train_12194.png,SNE
train_01728.png,SNE
train_28715.png,LY
train_10220.png,SNE
train_02629.png,SNE
train_04060.png,SNE
train_21932.png,SNE
train_16756.png,SNE
train_18079.png,SNE
train_28423.png,LY
train_27225.png,LY
train_14480.png,LY
train_06779.png,LY
train_11494.png,LY
train_08148.png,SNE
train_18347.png,BL
train_03372.png,SNE
train_06001.png,SNE
train_07864.png,LY
train_21183.png,SNE
train_20854.png,LY
train_00304.png,SNE
train_24000.png,SNE
train_19994.png,SNE
train_06098.png,MO
train_12556.png,SNE
train_04785.png,MY
train_23464.png,LY
train_26740.png,SNE
train_19603.png,SNE
train_24167.png,SNE
train_17569.png,SNE
train_01740.png,SNE
train_25330.png,LY
train_05822.png,BL
train_15100.png,MO
train_13708.png,BL
train_10221.png,MO
train_13749.png,SNE
train_02201.png,LY
train_12387.png,SNE
train_21532.png,SNE
train_28505.png,MO
train_08961.png,BL
train_18646.png,BL
train_06556.png,LY
train_18036.png,LY
train_13107.png,LY
train_04633.png,SNE
train_01209.png,BL
train_13826.png,EO
train_07887.png,SNE
train_28513.png,SNE
train_06701.png,SNE
train_00985.png,MO
train_13200.png,SNE
train_27560.png,SNE
train_24912.png,MO
train_12399.png,EO
train_11239.png,LY
train_06003.png,SNE
train_07327.png,LY
train_28235.png,LY
train_27869.png,PMY
train_03862.png,SNE
train_16857.png,SNE
train_26948.png,SNE
train_07574.png,MO
train_26773.png,SNE
train_04337.png,SNE
train_21449.png,SNE
train_05257.png,SNE
train_28199.png,MO
train_07788.png,LY
train_25127.png,SNE
train_18483.png,LY
train_20539.png,SNE
train_28322.png,SNE
train_16396.png,SNE
train_22894.png,SNE
train_27139.png,LY
train_27125.png,BA
train_03206.png,SNE
train_15981.png,LY
train_20454.png,EO
train_04124.png,LY
train_04275.png,SNE
train_21745.png,SNE
train_12061.png,SNE
train_19447.png,MY
train_16261.png,LY
train_00705.png,SNE
train_13892.png,MO
train_15847.png,SNE
train_13008.png,LY
train_00213.png,SNE
train_25396.png,SNE
train_08259.png,SNE
train_17919.png,SNE
train_23771.png,LY
train_14852.png,MO
train_04646.png,MO
train_02710.png,SNE
train_19557.png,SNE
train_07425.png,LY
train_21994.png,SNE
train_01559.png,LY
train_16580.png,SNE
train_25835.png,MO
train_25447.png,SNE
train_05236.png,SNE
train_19362.png,SNE
train_09596.png,SNE
train_17142.png,SNE
train_08774.png,SNE
train_11896.png,SNE
train_14110.png,LY
train_23297.png,SNE
train_09417.png,SNE
train_18931.png,SNE
train_05247.png,SNE
train_03503.png,BNE
train_00511.png,LY
train_15866.png,LY
train_17562.png,BL
train_07004.png,LY
train_02544.png,SNE
train_24396.png,SNE
train_28539.png,BL
train_27656.png,LY
train_12538.png,SNE
train_24296.png,SNE
train_22660.png,LY
train_27801.png,SNE
train_02316.png,SNE
train_17245.png,MO
train_03439.png,EO
train_26056.png,BA
train_10079.png,SNE
train_00678.png,SNE
train_05147.png,SNE
train_04726.png,SNE
train_13579.png,LY
train_21889.png,SNE
train_12101.png,LY
train_02949.png,LY
train_24732.png,EO
train_18359.png,SNE
train_13854.png,SNE
train_28236.png,SNE
train_02854.png,LY
train_01297.png,MO
train_03429.png,SNE
train_06884.png,SNE
train_10714.png,EO
train_06904.png,SNE
train_15055.png,MO
train_25614.png,SNE
train_20588.png,VLY
train_25606.png,LY
train_10484.png,LY
train_05441.png,SNE
train_21952.png,MO
train_02508.png,LY
train_10720.png,EO
train_04628.png,SNE
train_04155.png,MO
train_04377.png,LY
train_12136.png,LY
train_25334.png,SNE
train_10206.png,EO
train_23568.png,SNE
train_20939.png,LY
train_19092.png,SNE
train_17389.png,LY
train_09401.png,LY
train_04699.png,LY
train_10232.png,SNE
train_11077.png,LY
train_17943.png,MO
train_14479.png,SNE
train_25242.png,LY
train_03586.png,MO
train_02815.png,LY
train_14894.png,BA
train_02981.png,MY
train_09454.png,BL
train_26302.png,MY
train_25718.png,SNE
train_19975.png,SNE
train_16886.png,BNE
train_17901.png,SNE
train_11552.png,SNE
train_14451.png,SNE
train_14950.png,BL
train_07580.png,SNE
train_26933.png,SNE
train_10611.png,MO
train_18212.png,LY
train_26200.png,LY
train_02821.png,SNE
train_09487.png,SNE
train_25323.png,LY
train_06718.png,MO
train_16728.png,EO
train_25767.png,MY
train_22731.png,LY
train_23316.png,LY
train_21766.png,SNE
train_25260.png,LY
train_10168.png,LY
train_03173.png,VLY
train_08917.png,SNE
train_06588.png,BL
train_08009.png,LY
train_09410.png,LY
train_04366.png,LY
train_18192.png,SNE
train_11765.png,SNE
train_12359.png,MMY
train_04940.png,LY
train_28630.png,LY
train_12785.png,LY
train_26839.png,LY
train_02533.png,SNE
train_03770.png,SNE
train_15196.png,LY
train_05552.png,LY
train_12474.png,SNE
train_22644.png,SNE
train_16442.png,SNE
train_09682.png,MO
train_12188.png,BL
train_25660.png,LY
train_17371.png,SNE
train_17867.png,MO
train_22282.png,LY
train_05042.png,LY
train_16529.png,LY
train_22784.png,LY
train_12212.png,SNE
train_28372.png,MY
train_20054.png,LY
train_13489.png,MO
train_11112.png,LY
train_22307.png,SNE
train_17272.png,SNE
train_25717.png,SNE
train_16296.png,SNE
train_05710.png,LY
train_13301.png,SNE
train_06102.png,LY
train_08767.png,SNE
train_03509.png,SNE
train_12702.png,LY
train_09217.png,SNE
train_20729.png,MO
train_02863.png,SNE
train_24504.png,SNE
train_04813.png,EO
train_05998.png,LY
train_25333.png,LY
train_27833.png,SNE
train_27953.png,SNE
train_05044.png,LY
train_22179.png,EO
train_06422.png,LY
train_04286.png,EO
train_13727.png,SNE
train_14809.png,MO
train_24557.png,BL
train_13992.png,BNE
train_26576.png,BA
train_06752.png,MO
train_02293.png,LY
train_20436.png,SNE
train_25283.png,SNE
train_25169.png,SNE
train_25593.png,MY
train_28062.png,SNE
train_15642.png,SNE
train_22659.png,MO
train_25145.png,LY
train_16464.png,SNE
train_06804.png,SNE
train_02695.png,EO
train_08690.png,LY
train_24373.png,SNE
train_24006.png,MO
train_26027.png,SNE
train_15050.png,MO
train_19602.png,BL
train_26403.png,SNE
train_13824.png,SNE
train_15616.png,LY
train_13878.png,MO
train_15509.png,SNE
train_17039.png,SNE
train_16197.png,MO
train_09031.png,LY
train_22943.png,SNE
train_16688.png,SNE
train_24835.png,SNE
train_19995.png,LY
train_03899.png,MO
train_28041.png,MO
train_17043.png,SNE
train_05990.png,SNE
train_12250.png,SNE
train_02613.png,SNE
train_10066.png,LY
train_26751.png,BL
train_13531.png,SNE
train_10038.png,EO
train_09876.png,MY
train_14124.png,LY
train_15510.png,SNE
train_20798.png,LY
train_25315.png,LY
train_12559.png,LY
train_18028.png,BNE
train_27470.png,BL
train_13585.png,LY
train_23589.png,SNE
train_18900.png,SNE
train_24589.png,SNE
train_08986.png,SNE
train_27581.png,BL
train_06998.png,LY
train_27912.png,SNE
train_14866.png,BL
train_12880.png,SNE
train_00641.png,MO
train_01911.png,MY
train_13818.png,LY
train_17868.png,SNE
train_02325.png,LY
train_04046.png,MY
train_21653.png,LY
train_17817.png,SNE
train_09701.png,SNE
train_03604.png,SNE
train_20283.png,EO
train_16206.png,LY
train_17954.png,MO
train_19664.png,LY
train_01104.png,BL
train_14590.png,LY
train_10255.png,MO
train_14176.png,LY
train_21011.png,MO
train_16721.png,SNE
train_14729.png,SNE
train_14911.png,BL
train_05937.png,LY
train_25775.png,SNE
train_20659.png,LY
train_15169.png,EO
train_20652.png,MY
train_05675.png,BL
train_12157.png,SNE
train_01501.png,SNE
train_03420.png,LY
train_23150.png,SNE
train_11413.png,LY
train_01733.png,SNE
train_26118.png,SNE
train_02828.png,SNE
train_09917.png,LY
train_24057.png,MO
train_01466.png,LY
train_10822.png,LY
train_27445.png,LY
train_06671.png,SNE
train_17517.png,LY
train_21531.png,SNE
train_09711.png,SNE
train_08205.png,SNE
train_10808.png,MMY
train_19252.png,SNE
train_20984.png,SNE
train_07910.png,BA
train_05650.png,SNE
train_12691.png,SNE
train_02222.png,BL
train_25026.png,LY
train_18557.png,SNE
train_07028.png,EO
train_09700.png,MO
train_02957.png,LY
train_25431.png,MO
train_27692.png,BL
train_05797.png,MO
train_16047.png,SNE
train_20776.png,SNE
train_20159.png,EO
train_23546.png,MO
train_19307.png,LY
train_15470.png,SNE
train_11715.png,BL
train_03917.png,SNE
train_14522.png,BL
train_06091.png,LY
train_14728.png,LY
train_08590.png,EO
train_26455.png,MO
train_13867.png,LY
train_15651.png,BL
train_05656.png,SNE
train_16170.png,SNE
train_20568.png,LY
train_18086.png,LY
train_15593.png,BNE
train_08265.png,SNE
train_01202.png,SNE
train_28321.png,SNE
train_27417.png,SNE
train_15186.png,SNE
train_08481.png,MO
train_16611.png,SNE
train_16447.png,MO
train_09833.png,BL
train_13624.png,LY
train_03191.png,SNE
train_04615.png,SNE
train_15683.png,SNE
train_20443.png,VLY
train_24240.png,VLY
train_13827.png,SNE
train_17510.png,LY
train_10161.png,LY
train_00559.png,SNE
train_21669.png,SNE
train_07376.png,BL
train_06575.png,BNE
train_18333.png,SNE
train_08323.png,MO
train_23430.png,SNE
train_01026.png,BL
train_06984.png,SNE
train_03852.png,SNE
train_19838.png,SNE
train_27010.png,MO
train_19134.png,SNE
train_01316.png,SNE
train_21323.png,BNE
train_08022.png,SNE
train_22953.png,LY
train_24359.png,LY
train_14044.png,PMY
train_23418.png,LY
train_21106.png,LY
train_18033.png,EO
train_01726.png,SNE
train_19776.png,LY
train_04318.png,SNE
train_08112.png,SNE
train_04133.png,SNE
train_13207.png,LY
train_04889.png,BA
train_01827.png,SNE
train_20804.png,LY
train_07239.png,MO
train_22552.png,LY
train_00158.png,LY
train_24747.png,LY
train_00761.png,LY
train_26332.png,LY
train_26463.png,LY
train_19360.png,SNE
train_05090.png,SNE
train_14019.png,SNE
train_12014.png,SNE
train_19317.png,SNE
train_23435.png,SNE
train_03498.png,SNE
train_27519.png,SNE
train_11640.png,MO
train_12313.png,LY
train_23750.png,MO
train_05794.png,SNE
train_10328.png,SNE
train_21064.png,VLY
train_20879.png,SNE
train_15833.png,LY
train_27350.png,LY
train_28853.png,SNE
train_10101.png,LY
train_23937.png,LY
train_17309.png,VLY
train_12717.png,SNE
train_21094.png,SNE
train_06781.png,LY
train_21601.png,BL
train_18891.png,LY
train_09837.png,MO
train_03749.png,SNE
train_18613.png,LY
train_06183.png,SNE
train_14261.png,LY
train_03544.png,SNE
train_23755.png,PLY
train_03040.png,SNE
train_11553.png,LY
train_20118.png,LY
train_14675.png,LY
train_12106.png,SNE
train_01088.png,LY
train_16563.png,SNE
train_13334.png,SNE
train_10989.png,BL
train_12507.png,VLY
train_24703.png,SNE
train_26212.png,MO
train_19284.png,LY
train_06409.png,SNE
train_11127.png,LY
train_20210.png,SNE
train_15886.png,SNE
train_03571.png,SNE
train_23519.png,LY
train_10904.png,SNE
train_27733.png,SNE
train_12972.png,SNE
train_06461.png,LY
train_15177.png,LY
train_23814.png,EO
train_09225.png,LY
train_26001.png,SNE
train_23899.png,BL
train_22941.png,LY
train_27752.png,BL
train_06258.png,SNE
train_20662.png,LY
train_09112.png,SNE
train_03051.png,MMY
train_04642.png,SNE
train_18726.png,SNE
train_00600.png,LY
train_00609.png,SNE
train_06174.png,SNE
train_11821.png,SNE
train_01151.png,BL
train_17559.png,MO
train_06931.png,SNE
train_16403.png,LY
train_08805.png,LY
train_27301.png,BL
train_05073.png,MY
train_16338.png,LY
train_18430.png,SNE
train_10336.png,LY
train_00382.png,SNE
train_01661.png,LY
train_14068.png,BNE
train_14412.png,SNE
train_04846.png,SNE
train_06960.png,SNE
train_20029.png,BL
train_26644.png,EO
train_03352.png,MO
train_19089.png,SNE
train_11132.png,SNE
train_27667.png,SNE
train_22130.png,SNE
train_22003.png,MO
train_17223.png,MO
train_06637.png,SNE
train_26399.png,LY
train_19368.png,EO
train_06741.png,MO
train_05023.png,SNE
train_21464.png,LY
train_01076.png,LY
train_13092.png,LY
train_09587.png,BA
train_15620.png,MO
train_18357.png,SNE
train_28176.png,SNE
train_19401.png,MO
train_25457.png,SNE
train_08364.png,BL
train_22359.png,LY
train_06467.png,LY
train_06336.png,LY
train_09124.png,SNE
train_12601.png,LY
train_00171.png,LY
train_05366.png,MO
train_27942.png,LY
train_17549.png,SNE
train_15995.png,LY
train_27594.png,LY
train_11167.png,SNE
train_26102.png,LY
train_04888.png,BL
train_21928.png,LY
train_21082.png,BA
train_23795.png,SNE
train_26330.png,SNE
train_18070.png,LY
train_22343.png,BL
train_15431.png,SNE
train_26786.png,MO
train_12041.png,SNE
train_24552.png,LY
train_18339.png,SNE
train_07847.png,SNE
train_23732.png,LY
train_11624.png,LY
train_04828.png,PMY
train_10983.png,LY
train_16575.png,VLY
train_26570.png,SNE
train_06678.png,PC
train_08870.png,SNE
train_03764.png,SNE
train_00493.png,SNE
train_16077.png,SNE
train_15076.png,SNE
train_11749.png,SNE
train_05645.png,LY
train_23433.png,SNE
train_28684.png,BL
train_27235.png,BL
train_12864.png,SNE
train_15304.png,LY
train_17583.png,SNE
train_01576.png,SNE
train_16874.png,SNE
train_19690.png,SNE
train_06439.png,LY
train_11769.png,SNE
train_27116.png,MMY
train_22634.png,BL
train_27420.png,MO
train_27618.png,EO
train_19957.png,LY
train_10615.png,SNE
train_21141.png,SNE
train_08423.png,LY
train_25847.png,BL
train_00668.png,EO
train_05884.png,SNE
train_22028.png,LY
train_11001.png,LY
train_26590.png,SNE
train_27525.png,SNE
train_06898.png,LY
train_16821.png,SNE
train_00484.png,SNE
train_26303.png,LY
train_24966.png,SNE
train_07550.png,SNE
train_07147.png,LY
train_06330.png,MO
train_20069.png,SNE
train_03192.png,SNE
train_27586.png,BL
train_09930.png,BL
train_21654.png,BA
train_23377.png,MO
train_21381.png,BL
train_21598.png,SNE
train_15667.png,MO
train_06345.png,LY
train_15312.png,BL
train_00445.png,BL
train_20955.png,SNE
train_13725.png,SNE
train_06245.png,BL
train_02664.png,BL
train_07912.png,BNE
train_19655.png,SNE
train_00997.png,BNE
train_20573.png,SNE
train_03199.png,LY
train_11790.png,MO
train_02291.png,SNE
train_08630.png,SNE
train_15473.png,SNE
train_13049.png,SNE
train_14850.png,LY
train_09891.png,SNE
train_09574.png,SNE
train_20630.png,SNE
train_25868.png,LY
train_21149.png,LY
train_08911.png,SNE
train_20104.png,LY
train_24590.png,SNE
train_15927.png,SNE
train_15822.png,SNE
train_16517.png,SNE
train_08020.png,SNE
train_28294.png,BL
train_10012.png,LY
train_26646.png,SNE
train_24265.png,SNE
train_16445.png,BL
train_19569.png,SNE
train_09133.png,SNE
train_10654.png,LY
train_27771.png,BNE
train_04653.png,SNE
train_20784.png,SNE
train_00113.png,SNE
train_00136.png,SNE
train_20818.png,MO
train_28569.png,LY
train_24435.png,SNE
train_13971.png,SNE
train_18191.png,MO
train_10450.png,SNE
train_27078.png,SNE
train_15168.png,SNE
train_08246.png,LY
train_17934.png,BNE
train_06055.png,SNE
train_03148.png,LY
train_07294.png,SNE
train_16419.png,LY
train_20653.png,LY
train_06762.png,SNE
train_20673.png,SNE
train_07206.png,LY
train_21446.png,LY
train_21506.png,LY
train_18446.png,MO
train_10919.png,SNE
train_15020.png,SNE
train_18810.png,SNE
train_25381.png,LY
train_03684.png,SNE
train_02018.png,SNE
train_21853.png,MO
train_20078.png,LY
train_04560.png,SNE
train_19731.png,LY
train_28039.png,BL
train_11619.png,SNE
train_00137.png,SNE
train_24475.png,SNE
train_16508.png,BL
train_19706.png,MO
train_03982.png,BL
train_09927.png,LY
train_10926.png,LY
train_08218.png,SNE
train_01407.png,MO
train_09318.png,LY
train_09907.png,SNE
train_24270.png,SNE
train_27892.png,SNE
train_09945.png,SNE
train_10406.png,LY
train_17688.png,MMY
train_22525.png,EO
train_11889.png,LY
train_18087.png,MY
train_24181.png,SNE
train_08938.png,SNE
train_12388.png,LY
train_27392.png,LY
train_22559.png,SNE
train_00098.png,SNE
train_02988.png,MO
train_04035.png,EO
train_25178.png,LY
train_22056.png,BNE
train_19709.png,SNE
train_17823.png,LY
train_24539.png,PMY
train_03154.png,BL
train_02233.png,SNE
train_10493.png,LY
train_02880.png,SNE
train_11268.png,LY
train_18245.png,SNE
train_09989.png,SNE
train_18720.png,LY
train_15317.png,MMY
train_12445.png,SNE
train_20898.png,SNE
train_21557.png,LY
train_23128.png,SNE
train_11192.png,SNE
train_15751.png,LY
train_00154.png,LY
train_22626.png,LY
train_06568.png,SNE
train_12851.png,SNE
train_16290.png,SNE
train_13869.png,SNE
train_15949.png,SNE
train_02518.png,MO
train_14554.png,MO
train_08033.png,SNE
train_11050.png,LY
train_09092.png,SNE
train_22650.png,MO
train_05932.png,LY
train_07470.png,SNE
train_20224.png,SNE
train_12051.png,EO
train_17621.png,LY
train_27385.png,SNE
train_10708.png,BL
train_06122.png,EO
train_20048.png,BL
train_14527.png,LY
train_07066.png,BL
train_13839.png,MO
train_04189.png,LY
train_00946.png,MO
train_05546.png,SNE
train_17524.png,MO
train_26052.png,VLY
train_12448.png,MO
train_02696.png,LY
train_08964.png,SNE
train_28495.png,SNE
train_22856.png,SNE
train_07824.png,MO
train_17394.png,LY
train_00981.png,BL
train_22112.png,LY
train_10266.png,SNE
train_03593.png,SNE
train_20344.png,SNE
train_03243.png,SNE
train_10225.png,SNE
train_05246.png,SNE
train_11325.png,SNE
train_22304.png,LY
train_27567.png,SNE
train_04787.png,SNE
train_21789.png,SNE
train_03234.png,LY
train_19723.png,SNE
train_22797.png,MO
train_03528.png,SNE
train_20424.png,SNE
train_07595.png,SNE
train_26398.png,SNE
train_24643.png,SNE
train_05001.png,SNE
train_08477.png,LY
train_02091.png,LY
train_23002.png,MMY
train_18627.png,LY
train_00125.png,SNE
train_21231.png,SNE
train_26935.png,SNE
train_06757.png,MY
train_11195.png,MMY
train_04747.png,BL
train_23010.png,PMY
train_20288.png,SNE
train_02276.png,SNE
train_10726.png,SNE
train_12297.png,MO
train_08157.png,LY
train_06908.png,BL
train_21442.png,SNE
train_05146.png,SNE
train_01944.png,SNE
train_16818.png,LY
train_10807.png,PC
train_20856.png,SNE
train_01390.png,SNE
train_04721.png,SNE
train_24306.png,SNE
train_27652.png,SNE
train_12676.png,SNE
train_17017.png,LY
train_11744.png,BL
train_08359.png,BL
train_17217.png,LY
train_26898.png,MO
train_27573.png,SNE
train_25243.png,VLY
train_06796.png,SNE
train_07863.png,LY
train_13020.png,BL
train_18386.png,SNE
train_22677.png,SNE
train_10137.png,BL
train_14371.png,LY
train_13666.png,LY
train_22361.png,LY
train_00709.png,SNE
train_02245.png,MO
train_17198.png,SNE
train_19931.png,SNE
train_27172.png,SNE
train_10801.png,LY
train_28183.png,LY
train_00351.png,LY
train_06173.png,SNE
train_20572.png,LY
train_10007.png,SNE
train_21605.png,MO
train_14608.png,EO
train_12024.png,EO
train_10483.png,LY
train_01708.png,SNE
train_19138.png,LY
train_11240.png,SNE
train_16114.png,SNE
train_14287.png,LY
train_26924.png,SNE
train_05700.png,MY
train_13874.png,SNE
train_18508.png,LY
train_27368.png,SNE
train_02217.png,SNE
train_23217.png,EO
train_11447.png,SNE
train_11908.png,SNE
train_10094.png,BL
train_17653.png,SNE
train_01851.png,BL
train_19824.png,EO
train_03860.png,LY
train_09567.png,SNE
train_24544.png,SNE
train_12434.png,SNE
train_07701.png,LY
train_03968.png,MO
train_02999.png,LY
train_17984.png,SNE
train_19322.png,SNE
train_06673.png,VLY
train_12259.png,LY
train_05820.png,LY
train_23865.png,LY
train_16787.png,SNE
train_28293.png,LY
train_10198.png,SNE
train_19160.png,VLY
train_16225.png,SNE
train_11124.png,LY
train_13809.png,SNE
train_07858.png,LY
train_10918.png,SNE
train_05660.png,BA
train_21143.png,LY
train_13403.png,LY
train_24194.png,SNE
train_05170.png,BNE
train_19241.png,SNE
train_09585.png,SNE
train_26815.png,LY
train_16241.png,SNE
train_25798.png,LY
train_28064.png,LY
train_11057.png,SNE
train_05078.png,MO
train_11147.png,SNE
train_09719.png,MO
train_26319.png,SNE
train_25179.png,LY
train_07796.png,MY
train_00105.png,SNE
train_06786.png,LY
train_00197.png,SNE
train_09020.png,SNE
train_14450.png,LY
train_07129.png,SNE
train_24733.png,EO
train_17319.png,SNE
train_27179.png,SNE
train_20162.png,LY
train_25074.png,SNE
train_14280.png,LY
train_08540.png,LY
train_09650.png,BL
train_21570.png,BL
train_00975.png,SNE
train_01119.png,LY
train_05536.png,MO
train_24916.png,SNE
train_09029.png,SNE
train_10662.png,BNE
train_03061.png,SNE
train_20421.png,MO
train_17101.png,BA
train_20099.png,LY
train_10222.png,LY
train_18782.png,SNE
train_09386.png,BL
train_27981.png,SNE
train_26835.png,EO
train_17492.png,SNE
train_27611.png,SNE
train_21802.png,LY
train_11409.png,LY
train_16956.png,MY
train_15557.png,MO
train_12324.png,SNE
train_14908.png,SNE
train_11858.png,SNE
train_07157.png,SNE
train_07747.png,SNE
train_00869.png,BL
train_16054.png,LY
train_05237.png,LY
train_04835.png,SNE
train_26189.png,LY
train_27127.png,MO
train_15464.png,SNE
train_27724.png,LY
train_12004.png,SNE
train_11960.png,SNE
train_15513.png,MO
train_20850.png,SNE
train_16238.png,MO
train_22682.png,SNE
train_13931.png,SNE
train_11414.png,SNE
train_05104.png,SNE
train_26523.png,SNE
train_16812.png,BNE
train_26043.png,SNE
train_18828.png,SNE
train_17845.png,MO
train_08694.png,SNE
train_15061.png,SNE
train_22839.png,SNE
train_10592.png,LY
train_27555.png,BL
train_13784.png,SNE
train_23371.png,SNE
train_15609.png,SNE
train_27338.png,LY
train_28532.png,SNE
train_24771.png,LY
train_02862.png,LY
train_07577.png,LY
train_18149.png,SNE
train_11730.png,SNE
train_06977.png,LY
train_07478.png,SNE
train_17021.png,SNE
train_10593.png,SNE
train_10677.png,SNE
train_24690.png,BL
train_24444.png,LY
train_24282.png,LY
train_14745.png,LY
train_04645.png,SNE
train_09599.png,SNE
train_10546.png,SNE
train_13618.png,SNE
train_00876.png,SNE
train_00860.png,SNE
train_03671.png,BL
train_06062.png,LY
train_24783.png,SNE
train_18593.png,MO
train_04937.png,LY
train_13328.png,SNE
train_05859.png,LY
train_25131.png,SNE
train_22960.png,SNE
train_05751.png,SNE
train_06518.png,LY
train_03859.png,MO
train_25060.png,LY
train_17676.png,SNE
train_10332.png,SNE
train_13541.png,LY
train_00854.png,MO
train_12403.png,SNE
train_03552.png,SNE
train_19153.png,LY
train_13130.png,MO
train_22147.png,SNE
train_24678.png,SNE
train_12394.png,SNE
train_26144.png,MO
train_09751.png,LY
train_02437.png,SNE
train_18351.png,SNE
train_01292.png,LY
train_16653.png,SNE
train_12617.png,BL
train_01674.png,BL
train_01557.png,SNE
train_03996.png,LY
train_18823.png,SNE
train_12374.png,LY
train_19763.png,SNE
train_00187.png,SNE
train_14690.png,LY
train_05481.png,SNE
train_01957.png,LY
train_10261.png,SNE
train_01315.png,BA
train_24497.png,LY
train_02965.png,SNE
train_18824.png,SNE
train_11009.png,SNE
train_09325.png,MO
train_02916.png,LY
train_19710.png,LY
train_11504.png,LY
train_20560.png,BL
train_21232.png,SNE
train_19324.png,SNE
train_15860.png,MO
train_23089.png,EO
train_27203.png,LY
train_28465.png,SNE
train_28476.png,SNE
train_18276.png,MO
train_08072.png,MO
train_26915.png,BL
train_28356.png,LY
train_23323.png,SNE
train_20498.png,LY
train_18985.png,SNE
train_10341.png,EO
train_26058.png,LY
train_22842.png,SNE
train_05535.png,MO
train_23860.png,SNE
train_13377.png,SNE
train_16834.png,SNE
train_26485.png,SNE
train_23193.png,LY
train_28229.png,LY
train_08202.png,SNE
train_11515.png,MO
train_11929.png,SNE
train_15213.png,BL
train_24663.png,SNE
train_02496.png,SNE
train_23874.png,LY
train_13789.png,MO
train_21516.png,LY
train_18805.png,BL
train_28891.png,SNE
train_20021.png,LY
train_03738.png,SNE
train_07394.png,SNE
train_26845.png,SNE
train_18741.png,LY
train_00258.png,SNE
train_21330.png,SNE
train_01524.png,MO
train_16995.png,LY
train_12605.png,BL
train_22885.png,SNE
train_14680.png,SNE
train_25228.png,SNE
train_14874.png,SNE
train_12573.png,MMY
train_05646.png,SNE
train_09270.png,SNE
train_08612.png,SNE
train_07802.png,SNE
train_10758.png,LY
train_18263.png,LY
train_01718.png,SNE
train_06402.png,SNE
train_28126.png,SNE
train_11246.png,BL
train_19215.png,LY
train_05592.png,SNE
train_15976.png,LY
train_01584.png,SNE
train_12062.png,SNE
train_13817.png,MO
train_09978.png,LY
train_10991.png,SNE
train_13075.png,SNE
train_02110.png,SNE
train_23311.png,SNE
train_19082.png,LY
train_27196.png,SNE
train_17396.png,MO
train_28059.png,SNE
train_20751.png,SNE
train_06077.png,LY
train_23886.png,LY
train_24962.png,SNE
train_19476.png,LY
train_03988.png,EO
train_27477.png,MO
train_21631.png,LY
train_21487.png,MO
train_12420.png,SNE
train_03846.png,MO
train_10605.png,SNE
train_28668.png,SNE
train_20392.png,SNE
train_11974.png,LY
train_19606.png,LY
train_02468.png,LY
train_19243.png,BL
train_06827.png,SNE
train_06784.png,LY
train_23346.png,LY
train_23704.png,EO
train_13262.png,EO
train_22303.png,SNE
train_12225.png,MO
train_27598.png,LY
train_08657.png,EO
train_15945.png,EO
train_10529.png,SNE
train_07086.png,BA
train_16876.png,LY
train_01262.png,MO
train_25337.png,SNE
train_00127.png,LY
train_24182.png,BL
train_21560.png,MO
train_18226.png,SNE
train_20375.png,LY
train_04709.png,LY
train_19296.png,SNE
train_23296.png,SNE
train_12524.png,LY
train_28115.png,SNE
train_03317.png,SNE
train_00048.png,LY
train_09992.png,SNE
train_21874.png,SNE
train_27825.png,SNE
train_28352.png,SNE
train_08260.png,LY
train_14829.png,LY
train_13192.png,LY
train_20855.png,LY
train_03628.png,BL
train_27442.png,SNE
train_28558.png,SNE
train_08738.png,SNE
train_25373.png,SNE
train_06658.png,BA
train_23401.png,SNE
train_28840.png,LY
train_16634.png,SNE
train_02992.png,SNE
train_15321.png,MO
train_18259.png,LY
train_15480.png,BL
train_01312.png,SNE
train_08445.png,EO
train_04209.png,BL
train_03692.png,LY
train_19571.png,LY
train_01710.png,BL
train_04435.png,SNE
train_04059.png,SNE
train_14830.png,SNE
train_00796.png,LY
train_03436.png,BL
train_24031.png,LY
train_00008.png,LY
train_20696.png,BA
train_20332.png,SNE
train_04666.png,LY
train_07851.png,SNE
train_06454.png,SNE
train_09598.png,SNE
train_26757.png,LY
train_26926.png,LY
train_24010.png,SNE
train_05586.png,SNE
train_21258.png,SNE
train_28461.png,SNE
train_27972.png,SNE
train_20192.png,MO
train_23898.png,SNE
train_18059.png,SNE
train_17742.png,SNE
train_10727.png,LY
train_04459.png,LY
train_21144.png,SNE
train_01860.png,PMY
train_13643.png,LY
train_15092.png,SNE
train_06004.png,EO
train_27364.png,MO
train_06880.png,SNE
train_04205.png,LY
train_03796.png,LY
train_09172.png,EO
train_11430.png,SNE
train_05875.png,LY
train_14649.png,BL
train_13538.png,LY
train_16924.png,SNE
train_01125.png,LY
train_07005.png,MO
train_01438.png,MMY
train_17957.png,PMY
train_23007.png,LY
train_18475.png,LY
train_17033.png,LY
train_18371.png,LY
train_14297.png,SNE
train_01111.png,LY
train_08621.png,LY
train_03933.png,SNE
train_28210.png,SNE
train_05515.png,SNE
train_23096.png,SNE
train_22609.png,LY
train_15017.png,LY
train_11154.png,MO
train_17572.png,LY
train_08659.png,LY
train_25605.png,EO
train_10413.png,BL
train_04379.png,SNE
train_20702.png,SNE
train_14727.png,SNE
train_06968.png,SNE
train_05930.png,MY
train_00470.png,SNE
train_09105.png,SNE
train_27639.png,MO
train_04495.png,MO
train_26294.png,LY
train_07989.png,SNE
train_17529.png,SNE
train_23109.png,BNE
train_24163.png,SNE
train_19795.png,SNE
train_07011.png,LY
train_15584.png,MO
train_07961.png,SNE
train_20980.png,SNE
train_24135.png,SNE
train_03177.png,SNE
train_25196.png,BA
train_04586.png,EO
train_17126.png,SNE
train_05510.png,SNE
train_08529.png,SNE
train_02872.png,SNE
train_12463.png,MY
train_20478.png,LY
train_10579.png,MO
train_19330.png,MO
train_24753.png,SNE
train_17727.png,LY
train_19176.png,BNE
train_20525.png,BL
train_19113.png,BL
train_11904.png,SNE
train_13976.png,SNE
train_02191.png,SNE
train_01625.png,SNE
train_14053.png,LY
train_02655.png,SNE
train_05647.png,MO
train_20665.png,LY
train_08663.png,SNE
train_09279.png,LY
train_10184.png,SNE
train_09246.png,LY
train_18491.png,BL
train_12863.png,SNE
train_24997.png,MO
train_09009.png,LY
train_11155.png,SNE
train_21673.png,MO
train_11527.png,SNE
train_10939.png,LY
train_16646.png,MO
train_09869.png,LY
train_02167.png,LY
train_22920.png,SNE
train_21612.png,LY
train_14181.png,PMY
train_17491.png,SNE
train_02748.png,SNE
train_20831.png,MY
train_22041.png,LY
train_27508.png,PC
train_20708.png,SNE
train_15384.png,LY
train_15797.png,LY
train_18768.png,MO
train_22973.png,SNE
train_11006.png,SNE
train_21519.png,LY
train_07022.png,SNE
train_14271.png,SNE
train_04295.png,LY
train_07458.png,LY
train_21148.png,LY
train_11417.png,SNE
train_13773.png,LY
train_02852.png,SNE
train_01681.png,SNE
train_06148.png,SNE
train_27848.png,SNE
train_04740.png,BL
train_08146.png,MMY
train_16934.png,BL
train_20490.png,SNE
train_14156.png,SNE
train_05819.png,BL
train_26090.png,BL
train_21172.png,SNE
train_21118.png,LY
train_16872.png,LY
train_07335.png,SNE
train_28852.png,SNE
train_03728.png,LY
train_26965.png,SNE
train_24004.png,SNE
train_19314.png,LY
train_16051.png,SNE
train_12589.png,LY
train_18697.png,VLY
train_13103.png,MO
train_07155.png,SNE
train_03426.png,SNE
train_23521.png,MY
train_03213.png,LY
train_27822.png,SNE
train_02563.png,LY
train_15777.png,MO
train_08171.png,PMY
train_00450.png,SNE
train_17265.png,SNE
train_19378.png,MMY
train_18523.png,LY
train_08492.png,SNE
train_02798.png,LY
train_01732.png,MO
train_15006.png,LY
train_16031.png,MY
train_07265.png,SNE
train_19970.png,SNE
train_03651.png,BL
train_18425.png,SNE
train_12391.png,LY
train_08512.png,SNE
train_05828.png,SNE
train_10049.png,LY
train_16130.png,SNE
train_10144.png,LY
train_18290.png,PC
train_00693.png,LY
train_22043.png,MO
train_19253.png,MO
train_01867.png,MO
train_15788.png,SNE
train_24183.png,SNE
train_02885.png,SNE
train_01610.png,MO
train_10105.png,BL
train_23793.png,LY
train_24060.png,SNE
train_00809.png,SNE
train_12659.png,SNE
train_03856.png,SNE
train_28548.png,LY
train_05003.png,SNE
train_02029.png,VLY
train_21818.png,LY
train_01907.png,LY
train_04268.png,SNE
train_09979.png,LY
train_23577.png,LY
train_21518.png,SNE
train_18562.png,LY
train_05728.png,LY
train_18324.png,SNE
train_04750.png,LY
train_23121.png,SNE
train_08936.png,LY
train_19859.png,LY
train_08091.png,SNE
train_28754.png,SNE
train_15848.png,MO
train_27480.png,SNE
train_03708.png,SNE
train_05630.png,BL
train_08074.png,LY
train_20076.png,SNE
train_21995.png,EO
train_25709.png,SNE
train_09052.png,BL
train_16083.png,SNE
train_10205.png,LY
train_05111.png,SNE
train_11055.png,MO
train_27804.png,LY
train_16364.png,SNE
train_09678.png,LY
train_26943.png,LY
train_12958.png,BL
train_20725.png,LY
train_03989.png,MO
train_04340.png,LY
train_00301.png,LY
train_27058.png,LY
train_20689.png,SNE
train_19514.png,MO
train_23327.png,MO
train_27389.png,LY
train_10799.png,LY
train_02849.png,LY
train_01281.png,EO
train_09268.png,MO
train_11802.png,EO
train_05833.png,SNE
train_02810.png,SNE
train_13911.png,SNE
train_24934.png,SNE
train_02944.png,MO
train_06359.png,SNE
train_00627.png,SNE
train_16162.png,MO
train_06537.png,LY
train_07643.png,LY
train_04068.png,SNE
train_14034.png,SNE
train_27938.png,LY
train_04303.png,BL
train_15430.png,SNE
train_11851.png,SNE
train_01273.png,SNE
train_07700.png,SNE
train_05574.png,SNE
train_25463.png,SNE
train_22423.png,LY
train_10933.png,SNE
train_11892.png,BA
train_22754.png,MO
train_27860.png,SNE
train_23744.png,SNE
train_22818.png,SNE
train_05676.png,MMY
train_24404.png,LY
train_08088.png,MY
train_12554.png,SNE
train_13623.png,BL
train_16262.png,LY
train_01715.png,LY
train_15449.png,BL
train_12492.png,SNE
train_02909.png,SNE
train_26765.png,SNE
train_22915.png,LY
train_28579.png,SNE
train_05643.png,LY
train_04079.png,SNE
train_12437.png,LY
train_23026.png,LY
train_10686.png,MY
train_24839.png,BL
train_08325.png,MO
train_04838.png,LY
train_24609.png,SNE
train_07744.png,LY
train_17216.png,SNE
train_04320.png,SNE
train_26931.png,SNE
train_17163.png,MO
train_16675.png,MO
train_26474.png,LY
train_16811.png,BL
train_23889.png,LY
train_22348.png,MO
train_19149.png,LY
train_26412.png,SNE
train_11507.png,SNE
train_01613.png,SNE
train_14904.png,BL
train_02159.png,SNE
train_22274.png,SNE
train_13237.png,SNE
train_03222.png,SNE
train_05410.png,LY
train_27378.png,LY
train_23681.png,SNE
train_26562.png,LY
train_02541.png,BNE
train_07459.png,SNE
train_22317.png,MO
train_04840.png,SNE
train_19720.png,MO
train_18151.png,SNE
train_27023.png,LY
train_13779.png,BNE
train_08761.png,SNE
train_10944.png,VLY
train_10628.png,BL
train_11537.png,SNE
train_27951.png,BA
train_26076.png,LY
train_23375.png,LY
train_27007.png,LY
train_27386.png,LY
train_16191.png,SNE
train_26816.png,LY
train_12901.png,LY
train_06158.png,SNE
train_25914.png,SNE
train_13209.png,LY
train_09530.png,LY
train_12311.png,LY
train_12709.png,SNE
train_10953.png,LY
train_13783.png,LY
train_21346.png,LY
train_25906.png,SNE
train_07741.png,BL
train_08166.png,BL
train_00902.png,BL
train_07751.png,SNE
train_18139.png,SNE
train_10233.png,BL
train_10067.png,SNE
train_17353.png,SNE
train_11830.png,SNE
train_04656.png,LY
train_16189.png,LY
train_04979.png,BL
train_15350.png,SNE
train_25435.png,VLY
train_12876.png,PC
train_24132.png,SNE
train_18688.png,SNE
train_15044.png,LY
train_10110.png,EO
train_16803.png,LY
train_25635.png,LY
train_20693.png,LY
train_01779.png,SNE
train_10366.png,LY
train_10900.png,SNE
train_26259.png,SNE
train_13347.png,SNE
train_02350.png,SNE
train_23940.png,SNE
train_24331.png,SNE
train_22011.png,SNE
train_05459.png,LY
train_02100.png,LY
train_01024.png,LY
train_15014.png,SNE
train_11488.png,BL
train_12245.png,LY
train_03809.png,EO
train_07971.png,SNE
train_19841.png,BL
train_15633.png,SNE
train_05938.png,LY
train_09367.png,LY
train_27443.png,LY
train_18327.png,SNE
train_11691.png,LY
train_10914.png,MO
train_17855.png,LY
train_24464.png,SNE
train_13993.png,SNE
train_23931.png,SNE
train_00998.png,MO
train_28889.png,LY
train_07597.png,LY
train_26785.png,SNE
train_08383.png,SNE
train_12100.png,SNE
train_12207.png,SNE
train_01009.png,SNE
train_24272.png,SNE
train_28197.png,SNE
train_20139.png,SNE
train_13583.png,BL
train_16038.png,SNE
train_13842.png,SNE
train_23057.png,SNE
train_11486.png,SNE
train_20093.png,SNE
train_08332.png,MO
train_27419.png,LY
train_14917.png,SNE
train_03036.png,SNE
train_23493.png,LY
train_17877.png,SNE
train_20802.png,SNE
train_05514.png,SNE
train_24213.png,SNE
train_21109.png,LY
train_23469.png,LY
train_02859.png,SNE
train_12635.png,LY
train_23153.png,MMY
train_10858.png,LY
train_12484.png,SNE
train_12440.png,MO
train_23501.png,BL
train_03486.png,MY
train_26041.png,SNE
train_20172.png,SNE
train_25875.png,SNE
train_18465.png,BL
train_01570.png,SNE
train_25147.png,LY
train_14008.png,LY
train_23544.png,SNE
train_26142.png,SNE
train_20293.png,SNE
train_02564.png,BL
train_27413.png,MO
train_10376.png,BL
train_27696.png,SNE
train_26471.png,LY
train_12320.png,SNE
train_15934.png,LY
train_17646.png,SNE
train_18364.png,MO
train_07125.png,SNE
train_23502.png,LY
train_18383.png,SNE
train_26978.png,MO
train_17140.png,LY
train_09889.png,BL
train_25702.png,LY
train_22104.png,BA
train_19066.png,SNE
train_11720.png,SNE
train_11377.png,SNE
train_18898.png,LY
train_14216.png,BNE
train_05613.png,SNE
train_26906.png,LY
train_05116.png,LY
train_13231.png,SNE
train_27831.png,SNE
train_05842.png,MO
train_06079.png,LY
train_13746.png,MO
train_14847.png,LY
train_26110.png,LY
train_12127.png,LY
train_20628.png,SNE
train_01050.png,SNE
train_11042.png,LY
train_10985.png,MY
train_26219.png,LY
train_06540.png,SNE
train_11695.png,LY
train_22122.png,SNE
train_04713.png,BL
train_21494.png,SNE
train_12744.png,LY
train_22541.png,SNE
train_28462.png,BA
train_04179.png,SNE
train_09745.png,SNE
train_23037.png,SNE
train_13110.png,SNE
train_07969.png,SNE
train_25387.png,LY
train_24652.png,LY
train_16098.png,LY
train_15783.png,BL
train_11191.png,MO
train_17013.png,SNE
train_04844.png,SNE
train_17594.png,SNE
train_03969.png,LY
train_18730.png,SNE
train_18695.png,MO
train_09822.png,MO
train_18248.png,MO
train_28023.png,MO
train_20465.png,SNE
train_01420.png,SNE
train_21996.png,EO
train_18279.png,SNE
train_21930.png,SNE
train_11647.png,BL
train_00819.png,MO
train_14410.png,SNE
train_16656.png,LY
train_07924.png,LY
train_08905.png,BA
train_10320.png,SNE
train_27100.png,SNE
train_10648.png,LY
train_28701.png,SNE
train_03520.png,SNE
train_02239.png,SNE
train_18595.png,BL
train_27466.png,BL
train_10810.png,EO
train_08266.png,MO
train_14704.png,EO
train_26514.png,SNE
train_27492.png,MMY
train_27041.png,LY
train_18972.png,BL
train_28231.png,SNE
train_26863.png,SNE
train_18756.png,SNE
train_11116.png,SNE
train_16137.png,BL
train_08326.png,EO
train_17566.png,SNE
train_05117.png,SNE
train_20549.png,VLY
train_24931.png,SNE
train_10867.png,LY
train_25754.png,MO
train_13733.png,EO
train_11187.png,SNE
train_22237.png,SNE
train_19663.png,LY
train_02832.png,BNE
train_01611.png,SNE
train_09844.png,BL
train_03922.png,SNE
train_25029.png,LY
train_16782.png,LY
train_05360.png,LY
train_14211.png,BL
train_06480.png,MO
train_01332.png,BNE
train_22593.png,SNE
train_28425.png,SNE
train_23245.png,BNE
train_06956.png,SNE
train_22622.png,LY
train_00547.png,BL
train_13605.png,SNE
train_21636.png,BL
train_21595.png,LY
train_11257.png,BL
train_26278.png,SNE
train_19600.png,LY
train_15331.png,SNE
train_20657.png,SNE
train_07032.png,LY
train_21122.png,LY
train_16913.png,LY
train_16427.png,LY
train_02299.png,MO
train_27651.png,LY
train_00654.png,SNE
train_14478.png,SNE
train_07810.png,SNE
train_25570.png,LY
train_13137.png,SNE
train_16903.png,SNE
train_01544.png,LY
train_06018.png,SNE
train_00468.png,SNE
train_00361.png,SNE
train_11996.png,LY
train_21036.png,SNE
train_01046.png,SNE
train_23259.png,BL
train_14718.png,BL
train_24051.png,BL
train_25410.png,LY
train_13052.png,SNE
train_11792.png,SNE
train_20109.png,SNE
train_23234.png,MO
train_12860.png,LY
train_28385.png,SNE
train_14570.png,SNE
train_06150.png,BL
train_13593.png,SNE
train_13781.png,LY
train_23649.png,LY
train_01269.png,SNE
train_16412.png,SNE
train_05097.png,SNE
train_15599.png,VLY
train_06713.png,SNE
train_16228.png,SNE
train_08700.png,LY
train_24412.png,MO
train_13873.png,SNE
train_20160.png,BL
train_00735.png,SNE
train_16313.png,MO
train_19257.png,SNE
train_23540.png,SNE
train_03092.png,EO
train_10515.png,LY
train_14421.png,MY
train_19106.png,SNE
train_22069.png,MO
train_19302.png,SNE
train_15377.png,SNE
train_27249.png,SNE
train_22702.png,BL
train_02443.png,SNE
train_14711.png,SNE
train_11329.png,LY
train_22376.png,LY
train_22972.png,SNE
train_01219.png,SNE
train_24779.png,BL
train_12761.png,SNE
train_06470.png,LY
train_10490.png,SNE
train_11310.png,SNE
train_25011.png,BA
train_18298.png,SNE
train_04898.png,SNE
train_08594.png,SNE
train_23412.png,LY
train_19287.png,SNE
train_09459.png,LY
train_00980.png,SNE
train_02150.png,SNE
train_12764.png,BNE
train_21071.png,MMY
train_24408.png,MO
train_22170.png,SNE
train_21107.png,LY
train_13695.png,SNE
train_08783.png,SNE
train_24140.png,SNE
train_18335.png,SNE
train_02843.png,MO
train_24095.png,SNE
train_16061.png,SNE
train_15578.png,MO
train_08877.png,SNE
train_25345.png,LY
train_09513.png,SNE
train_14457.png,SNE
train_11262.png,MO
train_16584.png,PMY
train_19684.png,SNE
train_28816.png,LY
train_04781.png,MO
train_03386.png,SNE
train_18772.png,SNE
train_09537.png,SNE
train_12786.png,BNE
train_05863.png,SNE
train_22413.png,LY
train_07975.png,LY
train_17734.png,MO
train_05575.png,LY
train_00121.png,SNE
train_22996.png,SNE
train_23958.png,SNE
train_05063.png,BL
train_06805.png,SNE
train_21569.png,MO
train_20672.png,SNE
train_09550.png,SNE
train_15763.png,MO
train_23925.png,LY
train_08320.png,LY
train_01573.png,SNE
train_13718.png,MO
train_04913.png,LY
train_27061.png,SNE
train_08368.png,BL
train_07922.png,MO
train_03223.png,SNE
train_18155.png,SNE
train_19909.png,LY
train_08822.png,SNE
train_23331.png,LY
train_01435.png,SNE
train_18749.png,SNE
train_24778.png,LY
train_26694.png,SNE
train_22909.png,LY
train_23156.png,SNE
train_05108.png,LY
train_19453.png,SNE
train_06038.png,SNE
train_04794.png,SNE
train_00388.png,LY
train_22016.png,SNE
train_10130.png,LY
train_04538.png,SNE
train_02298.png,SNE
train_07287.png,SNE
train_21689.png,LY
train_28458.png,LY
train_04210.png,SNE
train_18074.png,SNE
train_00734.png,MO
train_16980.png,LY
train_25434.png,LY
train_10865.png,SNE
train_12335.png,BNE
train_21803.png,BL
train_07105.png,SNE
train_27819.png,SNE
train_03913.png,LY
train_03007.png,SNE
train_12321.png,SNE
train_15021.png,SNE
train_10590.png,SNE
train_14204.png,MO
train_20953.png,SNE
train_06247.png,BL
train_26882.png,BL
train_00574.png,SNE
train_07996.png,LY
train_10192.png,LY
train_27574.png,LY
train_07906.png,BL
train_11513.png,BNE
train_14327.png,SNE
train_27298.png,LY
train_20749.png,BL
train_14796.png,MO
train_24300.png,MO
train_25748.png,SNE
train_13962.png,SNE
train_26988.png,SNE
train_20010.png,MO
train_09786.png,SNE
train_16613.png,LY
train_25207.png,SNE
train_25086.png,SNE
train_05858.png,MO
train_16092.png,BA
train_14504.png,SNE
train_09007.png,MO
train_00685.png,LY
train_17497.png,BL
train_25862.png,BL
train_05917.png,SNE
train_06717.png,MO
train_10193.png,LY
train_17869.png,MO
train_06768.png,MO
train_10143.png,LY
train_21796.png,SNE
train_09972.png,MO
train_11054.png,LY
train_15793.png,SNE
train_18575.png,MO
train_06214.png,SNE
train_19164.png,SNE
train_03399.png,SNE
train_03034.png,SNE
train_05763.png,LY
train_09553.png,LY
train_01139.png,MO
train_08204.png,SNE
train_25795.png,MO
train_17886.png,SNE
train_27766.png,LY
train_08363.png,LY
train_08764.png,EO
train_02722.png,BNE
train_27242.png,LY
train_14739.png,LY
train_05399.png,LY
train_00798.png,LY
train_04806.png,SNE
train_28085.png,SNE
train_20009.png,BL
train_13722.png,SNE
train_11349.png,MO
train_03484.png,SNE
train_19434.png,LY
train_00833.png,BL
train_15202.png,SNE
train_06948.png,LY
train_02689.png,LY
train_22672.png,LY
train_04705.png,BNE
train_16008.png,BA
train_04554.png,LY
train_05999.png,LY
train_00000.png,SNE
train_24640.png,VLY
train_10711.png,LY
train_12025.png,SNE
train_08778.png,SNE
train_18761.png,SNE
train_16306.png,LY
train_07560.png,BL
train_15790.png,SNE
train_03355.png,BL
train_18795.png,LY
train_24509.png,SNE
train_04673.png,LY
train_21661.png,BL
train_23187.png,LY
train_19132.png,LY
train_27682.png,SNE
train_08567.png,MO
train_26766.png,SNE
train_18635.png,LY
train_10237.png,SNE
train_05206.png,MO
train_07078.png,BL
train_26941.png,LY
train_15902.png,BL
train_07886.png,SNE
train_13385.png,SNE
train_25051.png,BL
train_00719.png,LY
train_20731.png,LY
train_02202.png,SNE
train_08810.png,BL
train_20721.png,SNE
train_14837.png,LY
train_25841.png,LY
train_23734.png,SNE
train_19448.png,VLY
train_04176.png,SNE
train_18277.png,MO
train_06608.png,LY
train_21375.png,MO
train_10849.png,MO
train_10403.png,BNE
train_07019.png,SNE
train_28381.png,SNE
train_07387.png,MO
train_21097.png,PMY
train_20101.png,SNE
train_28562.png,SNE
train_22067.png,LY
train_25992.png,LY
train_13660.png,LY
train_06421.png,SNE
train_07653.png,LY
train_03398.png,LY
train_14159.png,SNE
train_12887.png,SNE
train_19599.png,SNE
train_09643.png,SNE
train_20819.png,LY
train_21585.png,LY
train_21898.png,LY
train_07516.png,VLY
train_11973.png,SNE
train_03953.png,SNE
train_24772.png,SNE
train_19354.png,LY
train_25058.png,SNE
train_09736.png,LY
train_26771.png,SNE
train_24630.png,LY
train_17724.png,MO
train_10728.png,SNE
train_05334.png,SNE
train_09948.png,SNE
train_13716.png,SNE
train_04456.png,SNE
train_10075.png,SNE
train_22611.png,SNE
train_02002.png,SNE
train_22505.png,BL
train_18407.png,LY
train_01743.png,SNE
train_08203.png,SNE
train_21882.png,BL
train_02870.png,LY
train_07951.png,SNE
train_09207.png,SNE
train_15776.png,MO
train_01228.png,LY
train_10410.png,BL
train_00360.png,MMY
train_23447.png,SNE
train_03601.png,LY
train_17941.png,SNE
train_05620.png,LY
train_13864.png,SNE
train_20744.png,SNE
train_06199.png,SNE
train_07804.png,SNE
train_24138.png,LY
train_05136.png,SNE
train_28782.png,MO
train_21174.png,SNE
train_17167.png,SNE
train_10348.png,MY
train_27686.png,SNE
train_11431.png,MO
train_01961.png,BNE
train_16320.png,SNE
train_10773.png,MO
train_06134.png,SNE
train_21962.png,MO
train_22454.png,SNE
train_15877.png,LY
train_12456.png,SNE
train_15532.png,SNE
train_13680.png,LY
train_04208.png,LY
train_01642.png,SNE
train_12548.png,PMY
train_08973.png,LY
train_04816.png,SNE
train_03253.png,SNE
train_23796.png,SNE
train_27902.png,SNE
train_28257.png,BL
train_10247.png,SNE
train_02618.png,LY
train_19761.png,LY
train_00812.png,SNE
train_07637.png,LY
train_10155.png,SNE
train_05624.png,SNE
train_02274.png,LY
train_26105.png,BL
train_23249.png,SNE
train_00492.png,SNE
train_21572.png,SNE
train_18605.png,SNE
train_21168.png,SNE
train_05802.png,LY
train_16418.png,LY
train_00691.png,SNE
train_06475.png,BL
train_12257.png,EO
train_08150.png,SNE
train_13361.png,SNE
train_11053.png,SNE
train_11332.png,SNE
train_02721.png,SNE
train_22195.png,LY
train_08565.png,MO
train_11902.png,EO
train_05980.png,LY
train_08035.png,LY
train_09925.png,LY
train_21751.png,SNE
train_07068.png,SNE
train_17898.png,MY
train_15996.png,LY
train_25317.png,SNE
train_21837.png,LY
train_04292.png,SNE
train_10612.png,LY
train_11258.png,LY
train_15139.png,SNE
train_08741.png,EO
train_08402.png,LY
train_05877.png,SNE
train_27122.png,SNE
train_06414.png,EO
train_12210.png,SNE
train_09497.png,SNE
train_02896.png,MO
train_21045.png,BL
train_16557.png,MY
train_24467.png,EO
train_06490.png,LY
train_28163.png,SNE
train_05380.png,LY
train_08831.png,SNE
train_01605.png,EO
train_12769.png,SNE
train_12827.png,LY
train_28392.png,SNE
train_26610.png,SNE
train_09014.png,LY
train_24114.png,MY
train_10497.png,LY
train_27418.png,LY
train_20067.png,EO
train_01518.png,MO
train_01170.png,EO
train_08709.png,SNE
train_26306.png,SNE
train_26097.png,PC
train_00475.png,SNE
train_09515.png,SNE
train_02331.png,SNE
train_13868.png,SNE
train_21462.png,MMY
train_23101.png,SNE
train_18238.png,MY
train_26783.png,SNE
train_16280.png,SNE
train_14429.png,SNE
train_12275.png,VLY
train_11990.png,LY
train_06123.png,MO
train_23819.png,SNE
train_03617.png,BL
train_16274.png,LY
train_01556.png,SNE
train_01643.png,LY
train_16564.png,LY
train_24844.png,LY
train_03550.png,SNE
train_01547.png,SNE
train_24050.png,SNE
train_16434.png,LY
train_00991.png,LY
train_04570.png,SNE
train_23333.png,SNE
train_19061.png,LY
train_16553.png,BL
train_21046.png,LY
train_00632.png,SNE
train_08394.png,BNE
train_26165.png,SNE
train_14601.png,SNE
train_07930.png,LY
train_21735.png,LY
train_26674.png,LY
train_24734.png,SNE
train_20795.png,PC
train_20526.png,BL
train_26519.png,SNE
train_04508.png,BNE
train_08610.png,LY
train_01137.png,LY
train_18908.png,SNE
train_11804.png,SNE
train_07757.png,LY
train_25369.png,LY
train_28118.png,SNE
train_12223.png,MMY
train_12393.png,SNE
train_17522.png,SNE
train_01459.png,LY
train_08269.png,LY
train_07920.png,LY
train_15024.png,SNE
train_00538.png,BL
train_20592.png,LY
train_08820.png,SNE
train_14513.png,SNE
train_15420.png,MY
train_04670.png,SNE
train_16686.png,BA
train_24555.png,LY
train_26229.png,SNE
train_09342.png,BL
train_22775.png,SNE
train_03492.png,SNE
train_15121.png,MO
train_17800.png,SNE
train_13475.png,SNE
train_26438.png,SNE
train_21550.png,SNE
train_07199.png,LY
train_22204.png,SNE
train_00579.png,SNE
train_12512.png,SNE
train_27156.png,LY
train_02369.png,SNE
train_08791.png,LY
train_20873.png,LY
train_23295.png,LY
train_01986.png,LY
train_06316.png,LY
train_12814.png,MO
train_10988.png,BL
train_12349.png,MO
train_06071.png,SNE
train_10978.png,MMY
train_19624.png,LY
train_06801.png,SNE
train_19954.png,SNE
train_26037.png,SNE
train_11219.png,BL
train_19163.png,MY
train_06664.png,MO
train_01204.png,MO
train_24063.png,LY
train_21060.png,SNE
train_07150.png,MO
train_19353.png,MMY
train_05316.png,SNE
train_25368.png,SNE
train_12639.png,SNE
train_14388.png,BL
train_16305.png,MMY
train_10855.png,SNE
train_10087.png,SNE
train_28670.png,SNE
train_11867.png,SNE
train_28724.png,SNE
train_21718.png,SNE
train_02987.png,MO
train_00616.png,SNE
train_18687.png,SNE
train_06505.png,SNE
train_22889.png,LY
train_03377.png,BL
train_16572.png,SNE
train_26792.png,BA
train_11301.png,MO
train_00839.png,SNE
train_18873.png,LY
train_13065.png,MO
train_22038.png,LY
train_17055.png,MO
train_03575.png,SNE
train_14419.png,SNE
train_06137.png,SNE
train_10250.png,LY
train_13941.png,SNE
train_10260.png,LY
train_16106.png,LY
train_22178.png,BNE
train_12594.png,SNE
train_04983.png,SNE
train_12054.png,BNE
train_19789.png,SNE
train_01100.png,LY
train_00799.png,LY
train_18278.png,BL
train_12964.png,LY
train_13235.png,LY
train_08285.png,BA
train_09033.png,SNE
train_11060.png,LY
train_07782.png,MO
train_12781.png,SNE
train_05762.png,SNE
train_09378.png,SNE
train_15637.png,SNE
train_08093.png,MY
train_25527.png,BL
train_27870.png,SNE
train_24914.png,SNE
train_13729.png,BA
train_01082.png,SNE
train_07959.png,MO
train_05298.png,SNE
train_02092.png,BA
train_04243.png,SNE
train_28054.png,BL
train_27227.png,SNE
train_04970.png,LY
train_13215.png,LY
train_18925.png,MO
train_02787.png,BL
train_07966.png,SNE
train_13984.png,SNE
train_19083.png,SNE
train_17229.png,SNE
train_23525.png,LY
train_07158.png,LY
train_23928.png,SNE
train_14213.png,MO
train_23348.png,BA
train_10388.png,BL
train_19933.png,LY
train_13645.png,SNE
train_25970.png,BL
train_06481.png,SNE
train_04386.png,SNE
train_17607.png,SNE
train_11666.png,SNE
train_13425.png,SNE
train_13517.png,BL
train_12576.png,MO
train_21191.png,BL
train_21401.png,BA
train_21787.png,LY
train_07917.png,MO
train_11153.png,SNE
train_21633.png,MO
train_06589.png,MY
train_07805.png,EO
train_25941.png,MO
train_02747.png,SNE
train_15068.png,SNE
train_01896.png,BA
train_13214.png,EO
train_07363.png,LY
train_11701.png,LY
train_13070.png,SNE
train_04097.png,SNE
train_04742.png,SNE
train_00284.png,SNE
train_18620.png,SNE
train_17472.png,BNE
train_00251.png,SNE
train_19784.png,MO
train_05327.png,SNE
train_14579.png,LY
train_17106.png,LY
train_27204.png,LY
train_21383.png,SNE
train_23915.png,LY
train_19315.png,SNE
train_15097.png,LY
train_13655.png,LY
train_10569.png,LY
train_07492.png,SNE
train_01563.png,LY
train_02681.png,SNE
train_16053.png,MO
train_07871.png,BA
train_04665.png,SNE
train_22516.png,LY
train_10228.png,LY
train_24026.png,EO
train_15105.png,LY
train_01912.png,LY
train_00988.png,VLY
train_03456.png,SNE
train_03394.png,SNE
train_09294.png,SNE
train_08170.png,SNE
train_20957.png,MO
train_05096.png,LY
train_03827.png,SNE
train_01341.png,BL
train_23207.png,MO
train_06192.png,SNE
train_17591.png,MO
train_16192.png,SNE
train_05402.png,SNE
train_27650.png,SNE
train_24299.png,LY
train_08614.png,MO
train_08382.png,VLY
train_17831.png,SNE
train_10129.png,SNE
train_23981.png,BL
train_01966.png,BNE
train_18941.png,SNE
train_24628.png,SNE
train_19049.png,SNE
train_21447.png,LY
train_07390.png,EO
train_25624.png,SNE
train_21150.png,SNE
train_00524.png,SNE
train_07281.png,LY
train_01086.png,SNE
train_17196.png,BL
train_26843.png,SNE
train_10359.png,SNE
train_16256.png,PMY
train_06891.png,EO
train_20699.png,SNE
train_06558.png,SNE
train_02512.png,LY
train_03043.png,SNE
train_10440.png,SNE
train_18453.png,SNE
train_23594.png,LY
train_16765.png,MY
train_25907.png,LY
train_09130.png,SNE
train_28009.png,SNE
train_19874.png,VLY
train_26159.png,LY
train_18689.png,MY
train_28824.png,SNE
train_22212.png,LY
train_22252.png,SNE
train_12427.png,VLY
train_03719.png,LY
train_25954.png,SNE
train_05389.png,LY
train_08623.png,SNE
train_03238.png,MO
train_24823.png,LY
train_19892.png,SNE
train_21412.png,BA
train_12648.png,LY
train_00088.png,EO
train_20908.png,BA
train_22986.png,MO
train_19665.png,SNE
train_20597.png,LY
train_12621.png,LY
train_22018.png,SNE
train_14087.png,SNE
train_04090.png,MO
train_19484.png,LY
train_07347.png,SNE
train_10127.png,MMY
train_25769.png,SNE
train_11843.png,LY
train_00497.png,SNE
train_11092.png,MY
train_08387.png,LY
train_28456.png,LY
train_06456.png,SNE
train_21859.png,SNE
train_01703.png,SNE
train_07405.png,LY
train_00646.png,BL
train_20543.png,EO
train_22815.png,LY
train_23272.png,LY
train_06894.png,SNE
train_04429.png,MO
train_09511.png,LY
train_18127.png,LY
train_00326.png,LY
train_23030.png,SNE
train_27954.png,MO
train_15242.png,BL
train_28290.png,SNE
train_09104.png,LY
train_15009.png,SNE
train_23699.png,SNE
train_16103.png,EO
train_22847.png,SNE
train_28880.png,MY
train_10199.png,SNE
train_15167.png,EO
train_28018.png,LY
train_24968.png,LY
train_00310.png,LY
train_10555.png,SNE
train_28027.png,LY
train_17204.png,BNE
train_15951.png,SNE
train_19159.png,LY
train_08173.png,SNE
train_11541.png,SNE
train_10550.png,SNE
train_04853.png,SNE
train_04663.png,BL
train_10288.png,LY
train_11501.png,LY
train_24415.png,SNE
train_10805.png,EO
train_15087.png,MY
train_01603.png,MO
train_13390.png,SNE
train_09448.png,SNE
train_23828.png,LY
train_11138.png,SNE
train_05502.png,SNE
train_06681.png,SNE
train_22801.png,MO
train_14749.png,SNE
train_14107.png,BL
train_03117.png,SNE
train_20889.png,LY
train_26167.png,BA
train_26720.png,MO
train_09549.png,LY
train_00540.png,SNE
train_01215.png,MO
train_20214.png,SNE
train_27359.png,SNE
train_12925.png,SNE
train_03118.png,LY
train_23617.png,SNE
train_13244.png,BA
train_08191.png,MO
train_24911.png,LY
train_22216.png,BL
train_26650.png,MO
train_08005.png,MO
train_15899.png,LY
train_10798.png,SNE
train_20893.png,SNE
train_04112.png,SNE
train_11082.png,SNE
train_08758.png,MO
train_12840.png,SNE
train_10061.png,LY
train_11531.png,SNE
train_14892.png,SNE
train_23639.png,LY
train_26469.png,LY
train_10147.png,LY
train_07703.png,BA
train_02465.png,LY
train_08296.png,LY
train_22776.png,LY
train_19020.png,VLY
train_27226.png,LY
train_15487.png,LY
train_03739.png,LY
train_03001.png,SNE
train_04297.png,LY
train_14046.png,MY
train_15415.png,LY
train_07904.png,LY
train_04011.png,SNE
train_07840.png,LY
train_22812.png,SNE
train_25846.png,SNE
train_27793.png,MO
train_06669.png,LY
train_24672.png,SNE
train_28744.png,SNE
train_28632.png,LY
train_21613.png,SNE
train_16902.png,SNE
train_16153.png,BL
train_06711.png,SNE
train_25313.png,SNE
train_16789.png,LY
train_05775.png,SNE
train_19492.png,SNE
train_24264.png,SNE
train_00908.png,SNE
train_18564.png,BL
train_09909.png,BA
train_01535.png,SNE
train_28460.png,SNE
train_25185.png,BL
train_00040.png,SNE
train_14102.png,SNE
train_23182.png,PC
train_06733.png,MO
train_04369.png,MO
train_10737.png,MY
train_02461.png,MO
train_24325.png,SNE
train_22780.png,MO
train_13963.png,LY
train_00539.png,LY
train_24434.png,SNE
train_02382.png,SNE
train_28080.png,SNE
train_28886.png,LY
train_08680.png,SNE
train_22907.png,SNE
train_19608.png,SNE
train_00714.png,SNE
train_21792.png,LY
train_24708.png,SNE
train_17729.png,MO
train_09235.png,SNE
train_08497.png,SNE
train_20313.png,MMY
train_13305.png,SNE
train_06705.png,SNE
train_11860.png,MO
train_03668.png,SNE
train_04269.png,LY
train_07203.png,MO
train_13358.png,LY
train_27149.png,BL
train_15691.png,EO
train_12811.png,LY
train_22951.png,SNE
train_05857.png,SNE
train_08155.png,SNE
train_06963.png,SNE
train_24228.png,EO
train_28123.png,SNE
train_20945.png,SNE
train_18361.png,EO
train_09420.png,SNE
train_11898.png,MO
train_11719.png,SNE
train_20090.png,SNE
train_11707.png,SNE
train_21452.png,SNE
train_23018.png,SNE
train_23482.png,EO
train_23896.png,LY
train_06754.png,SNE
train_07025.png,VLY
train_01951.png,BL
train_10036.png,LY
train_10645.png,LY
train_10291.png,MO
train_13698.png,SNE
train_14870.png,LY
train_02893.png,SNE
train_00674.png,BL
train_22287.png,SNE
train_27890.png,SNE
train_09339.png,SNE
train_21423.png,SNE
train_05760.png,SNE
train_02601.png,SNE
train_13190.png,LY
train_28777.png,LY
train_22917.png,SNE
train_25341.png,MO
train_08920.png,MMY
train_23976.png,BA
train_08258.png,LY
train_28394.png,LY
train_21886.png,SNE
train_22597.png,LY
train_16155.png,LY
train_21488.png,SNE
train_05345.png,SNE
train_10586.png,LY
train_22193.png,LY
train_05384.png,LY
train_19732.png,LY
train_20360.png,SNE
train_27255.png,SNE
train_20146.png,SNE
train_15355.png,LY
train_27372.png,LY
train_18451.png,LY
train_14833.png,SNE
train_25902.png,EO
train_11039.png,BL
train_28862.png,SNE
train_14642.png,LY
train_07681.png,MO
train_10797.png,MO
train_08282.png,BNE
train_14692.png,SNE
train_25052.png,SNE
train_04013.png,LY
train_00817.png,BL
train_22479.png,LY
train_13341.png,MY
train_27882.png,SNE
train_19472.png,SNE
train_04941.png,EO
train_07503.png,SNE
train_07054.png,SNE
train_28845.png,LY
train_09101.png,SNE
train_23597.png,LY
train_11352.png,LY
train_25237.png,EO
train_23051.png,LY
train_03646.png,SNE
train_22872.png,LY
train_15821.png,LY
train_16512.png,LY
train_27994.png,SNE
train_20654.png,SNE
train_05986.png,LY
train_15138.png,LY
train_16780.png,BL
train_09010.png,LY
train_10013.png,LY
train_16401.png,MO
train_09655.png,SNE
train_28469.png,BA
train_15047.png,LY
train_22121.png,LY
train_23341.png,SNE
train_11794.png,LY
train_27813.png,SNE
train_19525.png,SNE
train_10070.png,PC
train_16490.png,SNE
train_21339.png,SNE
train_21315.png,LY
train_18628.png,SNE
train_12375.png,SNE
train_19211.png,BL
train_16960.png,LY
train_05533.png,LY
train_01478.png,LY
train_16124.png,MO
train_07772.png,LY
train_09920.png,EO
train_13161.png,SNE
train_00109.png,LY
train_00807.png,EO
train_08578.png,SNE
train_03266.png,SNE
train_07545.png,SNE
train_17513.png,SNE
train_03784.png,SNE
train_17327.png,LY
train_16432.png,SNE
train_26623.png,SNE
train_02057.png,SNE
train_07271.png,SNE
train_00645.png,LY
train_22804.png,SNE
train_24058.png,EO
train_27862.png,MO
train_15232.png,LY
train_24684.png,SNE
train_02389.png,MO
train_11876.png,BL
train_11953.png,SNE
train_23879.png,VLY
train_18509.png,LY
train_11380.png,SNE
train_24394.png,SNE
train_26425.png,LY
train_11083.png,MO
train_03143.png,MO
train_26949.png,SNE
train_07582.png,SNE
train_12093.png,LY
train_05787.png,LY
train_09838.png,VLY
train_09256.png,BNE
train_27027.png,SNE
train_05014.png,LY
train_27092.png,LY
train_26584.png,MO
train_27285.png,LY
train_11237.png,SNE
train_14974.png,SNE
train_26239.png,SNE
train_21712.png,SNE
train_21849.png,SNE
train_25405.png,MMY
train_05755.png,SNE
train_25037.png,SNE
train_07304.png,LY
train_14647.png,LY
train_21307.png,LY
train_08044.png,SNE
train_12943.png,SNE
train_00047.png,LY
train_24257.png,SNE
train_21705.png,SNE
train_16485.png,SNE
train_23719.png,EO
train_04543.png,SNE
train_04974.png,MO
train_19531.png,LY
train_14131.png,SNE
train_09965.png,LY
train_28500.png,LY
train_24225.png,LY
train_08826.png,SNE
train_28841.png,SNE
train_17496.png,LY
train_20460.png,SNE
train_27940.png,LY
train_18007.png,SNE
train_07210.png,SNE
train_03142.png,LY
train_23220.png,MY
train_21739.png,LY
train_09278.png,SNE
train_20809.png,LY
train_10811.png,BL
train_23315.png,SNE
train_22223.png,BL
train_17907.png,LY
train_03364.png,SNE
train_11710.png,SNE
train_05121.png,SNE
train_08193.png,LY
train_01453.png,LY
train_23338.png,LY
train_28146.png,BL
train_07687.png,LY
train_03155.png,MMY
train_28284.png,LY
train_07565.png,MO
train_19205.png,MO
train_23171.png,SNE
train_28508.png,SNE
train_24520.png,LY
train_26871.png,SNE
train_11639.png,LY
train_10014.png,SNE
train_18273.png,SNE
train_04122.png,LY
train_15562.png,SNE
train_04546.png,BA
train_26158.png,SNE
train_04832.png,SNE
train_17719.png,SNE
train_17953.png,SNE
train_15998.png,EO
train_26604.png,LY
train_04304.png,SNE
train_22952.png,VLY
train_20755.png,VLY
train_26605.png,SNE
train_28128.png,MO
train_15795.png,MO
train_21777.png,SNE
train_02214.png,SNE
train_01890.png,MY
train_21934.png,BNE
train_24094.png,LY
train_17367.png,MO
train_21326.png,LY
train_14185.png,SNE
train_07402.png,SNE
train_20300.png,EO
train_25746.png,LY
train_25407.png,MO
train_23530.png,MO
train_28665.png,SNE
train_21091.png,MMY
train_01380.png,SNE
train_20719.png,SNE
train_01660.png,LY
train_00585.png,SNE
train_06040.png,MO
train_13129.png,BL
train_21384.png,SNE
train_19566.png,MO
train_18331.png,SNE
train_06457.png,SNE
train_26180.png,MO
train_27541.png,LY
train_23277.png,SNE
train_20442.png,MO
train_10286.png,LY
train_27579.png,LY
train_06334.png,SNE
train_09456.png,SNE
train_27630.png,SNE
train_14463.png,BA
train_11411.png,LY
train_05342.png,SNE
train_20384.png,LY
train_03358.png,LY
train_03301.png,EO
train_12994.png,SNE
train_00725.png,SNE
train_25383.png,MO
train_07172.png,LY
train_13424.png,SNE
train_15942.png,LY
train_07453.png,LY
train_24074.png,EO
train_01799.png,LY
train_22155.png,SNE
train_22964.png,LY
train_10209.png,SNE
train_26083.png,SNE
train_15094.png,SNE
train_24873.png,LY
train_24049.png,SNE
train_00706.png,MO
train_28075.png,LY
train_27448.png,SNE
train_01182.png,SNE
train_22419.png,BNE
train_18571.png,SNE
train_19676.png,SNE
train_05326.png,SNE
train_17287.png,SNE
train_13136.png,SNE
train_02315.png,SNE
train_13184.png,MY
train_23982.png,LY
train_05979.png,SNE
train_24851.png,LY
train_24332.png,LY
train_09681.png,SNE
train_07079.png,SNE
train_22689.png,SNE
train_11496.png,PMY
train_05807.png,SNE
train_16707.png,SNE
train_27133.png,SNE
train_19342.png,BL
train_22077.png,EO
train_11208.png,LY
train_10427.png,MY
train_00454.png,SNE
train_07925.png,BL
train_09368.png,SNE
train_01920.png,MO
train_13218.png,LY
train_05612.png,LY
train_28887.png,EO
train_12206.png,LY
train_28361.png,LY
train_15938.png,LY
train_10609.png,LY
train_15207.png,LY
train_09994.png,SNE
train_15086.png,LY
train_20557.png,SNE
train_15684.png,MO
train_26135.png,SNE
train_11202.png,SNE
train_12895.png,EO
train_07520.png,MO
train_15872.png,SNE
train_26721.png,EO
train_28063.png,SNE
train_23335.png,SNE
train_05767.png,BA
train_19937.png,LY
train_15137.png,LY
train_03125.png,SNE
train_28621.png,MO
train_25291.png,SNE
train_06484.png,SNE
train_13194.png,LY
train_01127.png,MO
train_20154.png,SNE
train_28780.png,SNE
train_10439.png,SNE
train_22589.png,SNE
train_18193.png,LY
train_16095.png,LY
train_09782.png,LY
train_04901.png,LY
train_06854.png,BNE
train_26103.png,SNE
train_18505.png,MO
train_14481.png,SNE
train_04005.png,SNE
train_01470.png,LY
train_18796.png,SNE
train_14756.png,LY
train_00666.png,SNE
train_06392.png,BL
train_16936.png,SNE
train_11653.png,SNE
train_22705.png,BL
train_11350.png,SNE
train_16195.png,EO
train_04308.png,LY
train_05704.png,LY
train_22716.png,MO
train_24069.png,SNE
train_04300.png,LY
train_14596.png,SNE
train_27274.png,MY
train_21725.png,LY
train_19297.png,VLY
train_19697.png,LY
train_22399.png,LY
train_09803.png,MO
train_13697.png,MY
train_16516.png,LY
train_16232.png,SNE
train_07173.png,LY
train_25181.png,SNE
train_07765.png,MO
train_07456.png,SNE
train_18146.png,LY
train_03290.png,SNE
train_06215.png,SNE
train_01374.png,SNE
train_13171.png,SNE
train_10194.png,SNE
train_06415.png,SNE
train_28255.png,SNE
train_06726.png,SNE
train_22034.png,SNE
train_07316.png,SNE
train_22865.png,BNE
train_05499.png,LY
train_26026.png,SNE
train_17355.png,LY
train_09164.png,SNE
train_27827.png,MO
train_28635.png,PC
train_21988.png,LY
train_15730.png,SNE
train_03787.png,BL
train_23918.png,LY
train_14663.png,VLY
train_01807.png,SNE
train_16253.png,BA
train_15629.png,SNE
train_23535.png,SNE
train_18839.png,SNE
train_03616.png,SNE
train_07196.png,SNE
train_08735.png,MY
train_16555.png,SNE
train_27190.png,LY
train_20143.png,SNE
train_26731.png,SNE
train_09624.png,LY
train_28333.png,SNE
train_07427.png,EO
train_16514.png,SNE
train_20658.png,PC
train_16966.png,SNE
train_12915.png,SNE
train_26920.png,BL
train_19148.png,BA
train_28122.png,SNE
train_04264.png,LY
train_05542.png,LY
train_11178.png,SNE
train_04788.png,SNE
train_13761.png,BL
train_25404.png,SNE
train_17112.png,SNE
train_22502.png,EO
train_22354.png,SNE
train_00969.png,SNE
train_14130.png,LY
train_15397.png,SNE
train_21549.png,MO
train_05165.png,SNE
train_16746.png,SNE
train_15618.png,SNE
train_08175.png,SNE
train_08077.png,MO
train_26912.png,LY
train_08432.png,MO
train_08042.png,SNE
train_20053.png,SNE
train_00420.png,SNE
train_14264.png,SNE
train_10787.png,BL
train_11532.png,SNE
train_09140.png,BL
train_05161.png,MO
train_01852.png,BL
train_11372.png,MO
train_08784.png,LY
train_03146.png,BL
train_08742.png,LY
train_01722.png,MO
train_18640.png,MO
train_15662.png,MO
train_08645.png,SNE
train_15340.png,SNE
train_00307.png,SNE
train_10022.png,LY
train_02680.png,MY
train_01586.png,LY
train_20995.png,SNE
train_18336.png,MO
train_02685.png,SNE
train_19365.png,MO
train_24286.png,BL
train_19208.png,LY
train_16540.png,BL
train_02254.png,LY
train_25255.png,LY
train_13309.png,SNE
train_16295.png,BL
train_23307.png,LY
train_15485.png,SNE
train_21215.png,BL
train_24975.png,SNE
train_23460.png,SNE
train_19013.png,BA
train_24610.png,SNE
train_25555.png,LY
train_14646.png,SNE
train_27200.png,LY
train_25920.png,LY
train_16741.png,LY
train_06095.png,MO
train_01585.png,BL
train_16356.png,SNE
train_11646.png,SNE
train_09213.png,MMY
train_12750.png,SNE
train_06365.png,SNE
train_13602.png,BA
train_04641.png,BL
train_05381.png,LY
train_11170.png,LY
train_09440.png,LY
train_02118.png,SNE
train_22057.png,LY
train_02113.png,SNE
train_02666.png,LY
train_01882.png,SNE
train_08515.png,BL
train_23179.png,LY
train_03853.png,SNE
train_04934.png,BNE
train_22471.png,EO
train_27358.png,BL
train_19853.png,SNE
train_00760.png,SNE
train_14588.png,BNE
train_06759.png,LY
train_25316.png,SNE
train_22389.png,SNE
train_25033.png,SNE
train_26074.png,LY
train_07845.png,SNE
train_17347.png,MO
train_09946.png,BL
train_12467.png,LY
train_19742.png,LY
train_12202.png,MO
train_15479.png,LY
train_12315.png,SNE
train_19142.png,MO
train_28354.png,MO
train_18958.png,SNE
train_26598.png,SNE
train_08708.png,SNE
train_23572.png,LY
train_27817.png,LY
train_08951.png,SNE
train_07162.png,SNE
train_27021.png,SNE
train_02636.png,MO
train_08328.png,SNE
train_16014.png,SNE
train_13512.png,SNE
train_17158.png,LY
train_09993.png,LY
train_28328.png,SNE
train_26945.png,SNE
train_10729.png,EO
train_18470.png,LY
train_16981.png,SNE
train_12340.png,SNE
train_12597.png,LY
train_00489.png,LY
train_26310.png,SNE
train_21266.png,SNE
train_23705.png,EO
train_26250.png,MO
train_22161.png,EO
train_11661.png,LY
train_00679.png,BL
train_22005.png,BL
train_26358.png,MO
train_15391.png,SNE
train_06044.png,VLY
train_06384.png,LY
train_00249.png,BL
train_06159.png,SNE
train_06538.png,EO
train_08977.png,SNE
train_18172.png,SNE
train_11893.png,BL
train_16135.png,MO
train_14278.png,SNE
train_22422.png,LY
train_02102.png,EO
train_18672.png,SNE
train_02627.png,SNE
train_05007.png,MY
train_15457.png,SNE
train_01278.png,SNE
train_22268.png,SNE
train_14766.png,SNE
train_01672.png,SNE
train_08513.png,SNE
train_10447.png,SNE
train_19058.png,MMY
train_28174.png,SNE
train_27904.png,SNE
train_12048.png,LY
train_00081.png,SNE
train_09847.png,SNE
train_19018.png,SNE
train_08809.png,SNE
train_18584.png,LY
train_25355.png,LY
train_14740.png,MO
train_26382.png,LY
train_06025.png,SNE
train_13091.png,SNE
train_09073.png,LY
train_27500.png,LY
train_17633.png,SNE
train_17959.png,BL
train_24514.png,LY
train_26834.png,LY
train_23779.png,MO
train_18842.png,BL
train_14247.png,SNE
train_27751.png,SNE
train_03934.png,SNE
train_24626.png,LY
train_28449.png,BL
train_11577.png,BL
train_26902.png,BNE
train_14043.png,LY
train_17450.png,MY
train_08353.png,EO
train_19769.png,LY
train_13241.png,BL
train_07768.png,MO
train_20387.png,LY
train_17006.png,LY
train_22669.png,LY
train_12249.png,LY
train_05600.png,BL
train_08062.png,BA
train_10616.png,LY
train_17169.png,EO
train_01826.png,MO
train_11473.png,MO
train_03026.png,LY
train_26435.png,LY
train_21371.png,SNE
train_23675.png,LY
train_13019.png,LY
train_18418.png,SNE
train_03887.png,SNE
train_02188.png,EO
train_13186.png,LY
train_01972.png,SNE
train_28877.png,SNE
train_27201.png,SNE
train_20140.png,LY
train_16795.png,MO
train_18136.png,SNE
train_16237.png,MO
train_10380.png,BNE
train_17597.png,SNE
train_12714.png,SNE
train_25796.png,MY
train_15112.png,EO
train_25399.png,EO
train_14785.png,LY
train_16718.png,SNE
train_11216.png,MO
train_01828.png,SNE
train_09025.png,SNE
train_01650.png,SNE
train_03446.png,SNE
train_05843.png,LY
train_22257.png,LY
train_18980.png,SNE
train_04585.png,SNE
train_16961.png,SNE
train_05438.png,BL
train_00338.png,SNE
train_02867.png,SNE
train_07899.png,SNE
train_23919.png,MMY
train_15914.png,BL
train_01978.png,MO
train_07942.png,SNE
train_05504.png,LY
train_22698.png,LY
train_00032.png,LY
train_19357.png,LY
train_02674.png,MO
train_26342.png,LY
train_20533.png,VLY
train_01686.png,SNE
train_24592.png,LY
train_08676.png,SNE
train_13904.png,SNE
train_04561.png,SNE
train_05134.png,BNE
train_00018.png,VLY
train_19039.png,MO
train_06295.png,SNE
train_10354.png,LY
train_26305.png,SNE
train_06249.png,EO
train_13429.png,SNE
train_20870.png,PMY
train_03066.png,LY
train_21890.png,LY
train_01007.png,SNE
train_11688.png,SNE
train_27998.png,SNE
train_14519.png,EO
train_11247.png,BL
train_14496.png,SNE
train_28286.png,LY
train_14514.png,BA
train_16973.png,SNE
train_14654.png,SNE
train_13629.png,SNE
train_27638.png,SNE
train_01503.png,LY
train_22160.png,BL
train_20502.png,SNE
train_26992.png,MO
train_26266.png,BNE
train_04349.png,LY
train_27891.png,SNE
train_16832.png,SNE
train_27206.png,LY
train_26131.png,SNE
train_11458.png,LY
train_02754.png,SNE
train_26588.png,SNE
train_20447.png,SNE
train_17459.png,BL
train_00743.png,SNE
train_27231.png,LY
train_06999.png,SNE
train_00481.png,LY
train_10272.png,SNE
train_22978.png,BA
train_24048.png,LY
train_05841.png,LY
train_05798.png,LY
train_28312.png,SNE
train_17685.png,SNE
train_15970.png,BL
train_02335.png,BL
train_27169.png,LY
train_01034.png,SNE
train_24047.png,SNE
train_28335.png,SNE
train_23494.png,LY
train_28370.png,SNE
train_08723.png,SNE
train_19186.png,MO
train_17121.png,LY
train_14036.png,SNE
train_21520.png,SNE
train_03314.png,SNE
train_28138.png,LY
train_04251.png,SNE
train_19586.png,LY
train_27469.png,SNE
train_28473.png,MO
train_24348.png,SNE
train_26209.png,SNE
train_19067.png,SNE
train_13280.png,SNE
train_08027.png,LY
train_18487.png,LY
train_02715.png,EO
train_20065.png,MY
train_00550.png,SNE
train_07418.png,BNE
train_04319.png,SNE
train_02101.png,LY
train_11081.png,SNE
train_20877.png,SNE
train_14049.png,LY
train_20516.png,BL
train_26014.png,SNE
train_03412.png,LY
train_14629.png,SNE
train_08251.png,LY
train_06606.png,SNE
train_06924.png,SNE
train_13636.png,LY
train_27063.png,SNE
train_25633.png,SNE
train_01436.png,SNE
train_22823.png,SNE
train_01498.png,LY
train_05198.png,SNE
train_10906.png,SNE
train_15451.png,SNE
train_25673.png,LY
train_02232.png,MO
train_16684.png,LY
train_25721.png,LY
train_20872.png,LY
train_23835.png,SNE
train_13795.png,SNE
train_00069.png,LY
train_23561.png,LY
train_15819.png,SNE
train_21931.png,LY
train_24342.png,SNE
train_19782.png,LY
train_11846.png,SNE
train_28673.png,SNE
train_20452.png,SNE
train_04415.png,MO
train_28857.png,MO
train_23776.png,SNE
train_08267.png,MO
train_09314.png,SNE
train_24749.png,LY
train_24473.png,LY
train_04093.png,VLY
train_12486.png,SNE
train_15978.png,LY
train_10739.png,LY
train_13670.png,SNE
train_25641.png,EO
train_21915.png,SNE
train_16763.png,LY
train_17454.png,MY
train_12754.png,MO
train_26426.png,LY
train_21723.png,SNE
train_14430.png,LY
train_04287.png,SNE
train_12856.png,SNE
train_26894.png,LY
train_13251.png,SNE
train_06297.png,SNE
train_25928.png,SNE
train_17737.png,SNE
train_04657.png,SNE
train_23567.png,LY
train_20050.png,SNE
train_03015.png,LY
train_18774.png,MMY
train_28271.png,EO
train_09564.png,LY
train_12641.png,SNE
train_07692.png,SNE
train_05456.png,SNE
train_04156.png,MO
train_00572.png,LY
train_26024.png,SNE
train_16706.png,BL
train_25319.png,LY
train_09805.png,SNE
train_14879.png,BL
train_07647.png,VLY
train_23724.png,LY
train_20262.png,SNE
train_13387.png,LY
train_04702.png,BL
train_18303.png,SNE
train_17764.png,SNE
train_28843.png,SNE
train_02692.png,SNE
train_00126.png,EO
train_21054.png,LY
train_10186.png,SNE
train_00253.png,SNE
train_04487.png,SNE
train_20565.png,MMY
train_09062.png,LY
train_26763.png,EO
train_22386.png,LY
train_14160.png,SNE
train_22846.png,SNE
train_25998.png,SNE
train_01933.png,SNE
train_00531.png,SNE
train_18607.png,SNE
train_28129.png,SNE
train_26450.png,MO
train_19632.png,LY
train_03119.png,BL
train_09807.png,LY
train_26453.png,LY
train_25953.png,LY
train_20230.png,BNE
train_22231.png,SNE
train_20000.png,BL
train_03959.png,SNE
train_09932.png,BA
train_13540.png,SNE
train_15547.png,SNE
train_19830.png,LY
train_23312.png,LY
train_07046.png,SNE
train_23926.png,MMY
train_10282.png,BL
train_01463.png,LY
train_18580.png,MO
train_19532.png,LY
train_11062.png,MO
train_21233.png,LY
train_20670.png,SNE
train_06636.png,LY
train_04321.png,MO
train_00987.png,LY
train_14417.png,SNE
train_24015.png,MO
train_12919.png,SNE
train_04652.png,SNE
train_06021.png,SNE
train_22690.png,BL
train_01126.png,BL
train_07491.png,LY
train_16724.png,LY
train_05817.png,SNE
train_09123.png,SNE
train_04336.png,LY
train_27119.png,SNE
train_27356.png,LY
train_15240.png,LY
train_02519.png,BL
train_19436.png,LY
train_11303.png,LY
train_28808.png,BL
train_02973.png,LY
train_15737.png,LY
train_09113.png,SNE
train_26492.png,SNE
train_06423.png,BL
train_06645.png,BL
train_07928.png,SNE
train_15130.png,MMY
train_02582.png,SNE
train_05102.png,SNE
train_18565.png,LY
train_13726.png,SNE
train_19202.png,SNE
train_25882.png,SNE
train_14963.png,LY
train_11875.png,BL
train_24274.png,SNE
train_11422.png,PMY
train_07024.png,SNE
train_18957.png,MO
train_22523.png,MO
train_26166.png,LY
train_16853.png,SNE
train_12310.png,SNE
train_05865.png,EO
train_19893.png,SNE
train_16270.png,LY
train_00885.png,LY
train_17114.png,MO
train_15867.png,SNE
train_28302.png,SNE
train_25321.png,SNE
train_02160.png,MO
train_08782.png,SNE
train_20911.png,MO
train_12599.png,SNE
train_11029.png,MO
train_09753.png,SNE
train_07258.png,MY
train_01510.png,SNE
train_14697.png,MO
train_10111.png,SNE
train_13464.png,MY
train_22404.png,VLY
train_26655.png,SNE
train_05595.png,BL
train_20077.png,MMY
train_16744.png,LY
train_14245.png,SNE
train_17232.png,SNE
train_24218.png,SNE
train_10430.png,SNE
train_10113.png,SNE
train_06610.png,LY
train_22513.png,EO
train_13830.png,LY
train_10828.png,LY
train_20979.png,LY
train_26851.png,LY
train_28765.png,LY
train_05490.png,SNE
train_24789.png,SNE
train_04596.png,SNE
train_20834.png,SNE
train_25630.png,LY
train_01926.png,LY
train_06593.png,SNE
train_03389.png,LY
train_14395.png,SNE
train_26479.png,MO
train_07515.png,SNE
train_23677.png,SNE
train_11073.png,LY
train_01434.png,SNE
train_13368.png,SNE
train_13685.png,SNE
train_23945.png,MMY
train_19356.png,SNE
train_16069.png,EO
train_10907.png,SNE
train_23764.png,BL
train_05826.png,SNE
train_04753.png,SNE
train_15416.png,SNE
train_09067.png,MO
train_10706.png,MO
train_19611.png,LY
train_09717.png,LY
train_13537.png,LY
train_01632.png,BNE
train_18421.png,LY
train_08485.png,SNE
train_00152.png,SNE
train_13123.png,SNE
train_07590.png,SNE
train_10462.png,MO
train_00710.png,LY
train_19973.png,MO
train_23590.png,MY
train_02215.png,MO
train_08056.png,MO
train_22726.png,LY
train_17892.png,LY
train_19979.png,MO
train_20108.png,SNE
train_04198.png,BNE
train_18456.png,SNE
train_24377.png,SNE
train_11426.png,MO
train_10979.png,LY
train_00784.png,BA
train_06660.png,SNE
train_15234.png,SNE
train_04799.png,LY
train_26291.png,SNE
train_03351.png,LY
train_13279.png,SNE
train_19496.png,SNE
train_23543.png,SNE
train_22929.png,LY
train_09240.png,MO
train_04088.png,LY
train_02915.png,SNE
train_05634.png,SNE
train_09269.png,LY
train_07010.png,LY
train_23565.png,LY
train_04724.png,BL
train_06846.png,LY
train_04872.png,MO
train_12981.png,BL
train_10269.png,MMY
train_02426.png,SNE
train_20197.png,LY
train_11700.png,SNE
train_09068.png,LY
train_11300.png,SNE
train_25468.png,LY
train_01958.png,LY
train_10843.png,MY
train_13694.png,LY
train_15124.png,SNE
train_12920.png,LY
train_15925.png,LY
train_25622.png,PMY
train_09569.png,SNE
train_17252.png,VLY
train_04975.png,LY
train_25356.png,MO
train_08638.png,LY
train_00894.png,SNE
train_09002.png,LY
train_00513.png,LY
train_07602.png,EO
train_14802.png,LY
train_27283.png,SNE
train_18282.png,MO
train_16757.png,LY
train_25836.png,LY
train_12384.png,SNE
train_25976.png,MO
train_04326.png,SNE
train_15954.png,SNE
train_06337.png,SNE
train_09775.png,SNE
train_24239.png,MO
train_20125.png,SNE
train_03009.png,SNE
train_22357.png,SNE
train_23973.png,BA
train_00759.png,SNE
train_16340.png,SNE
train_03630.png,LY
train_23960.png,LY
train_26996.png,SNE
train_15932.png,SNE
train_23306.png,LY
train_00824.png,MO
train_26241.png,EO
train_25485.png,SNE
train_17209.png,SNE
train_11991.png,SNE
train_09493.png,SNE
train_00755.png,SNE
train_07085.png,VLY
train_15307.png,SNE
train_15477.png,LY
train_04802.png,LY
train_19735.png,VLY
train_00744.png,SNE
train_11033.png,BL
train_21599.png,LY
train_25808.png,EO
train_06782.png,LY
train_02831.png,VLY
train_18860.png,LY
train_15319.png,SNE
train_25565.png,SNE
train_07719.png,SNE
train_09768.png,BL
train_28142.png,LY
train_01199.png,SNE
train_11659.png,SNE
train_08392.png,SNE
train_06577.png,SNE
train_11566.png,BL
train_23618.png,SNE
train_02119.png,SNE
train_26859.png,MO
train_02206.png,LY
train_00897.png,EO
train_12835.png,SNE
train_16723.png,SNE
train_22088.png,SNE
train_03325.png,SNE
train_21088.png,LY
train_26188.png,LY
train_14302.png,MO
train_05019.png,SNE
train_06535.png,LY
train_10489.png,SNE
train_17716.png,MMY
train_05778.png,LY
train_03252.png,MMY
train_18820.png,LY
train_23728.png,EO
train_19537.png,LY
train_21663.png,SNE
train_28187.png,MY
train_02657.png,SNE
train_18758.png,MO
train_26449.png,SNE
train_21119.png,EO
train_27215.png,SNE
train_14640.png,BL
train_02883.png,SNE
train_10702.png,SNE
train_07216.png,MMY
train_04904.png,EO
train_15712.png,EO
train_14919.png,SNE
train_10211.png,MO
train_18249.png,VLY
train_20710.png,SNE
train_20217.png,EO
train_25100.png,BL
train_24580.png,SNE
train_25577.png,LY
train_22576.png,BL
train_02034.png,MO
train_06288.png,MO
train_04390.png,MO
train_07349.png,LY
train_20089.png,SNE
train_15543.png,SNE
train_23031.png,LY
train_04351.png,LY
train_22429.png,SNE
train_04907.png,SNE
train_11391.png,SNE
train_21581.png,SNE
train_05571.png,SNE
train_27914.png,BL
train_05429.png,SNE
train_01217.png,SNE
train_14275.png,SNE
train_19047.png,SNE
train_27770.png,SNE
train_00106.png,LY
train_19410.png,MO
train_21558.png,LY
train_23910.png,LY
train_06567.png,SNE
train_12757.png,LY
train_25543.png,MO
train_13786.png,EO
train_28836.png,SNE
train_13945.png,LY
train_08862.png,SNE
train_05974.png,LY
train_24918.png,VLY
train_22967.png,MMY
train_27539.png,SNE
train_10039.png,LY
train_23314.png,SNE
train_12862.png,SNE
train_26758.png,LY
train_08224.png,BL
train_27053.png,SNE
train_15948.png,BL
train_13401.png,LY
train_10337.png,SNE
train_11937.png,MO
train_12450.png,LY
train_04555.png,LY
train_28467.png,LY
train_04345.png,SNE
train_03123.png,SNE
train_14266.png,SNE
train_12413.png,SNE
train_25581.png,BA
train_26961.png,MY
train_19778.png,SNE
train_03375.png,SNE
train_05823.png,LY
train_11045.png,MO
train_00567.png,LY
train_24202.png,LY
train_05749.png,SNE
train_08940.png,MO
train_15901.png,SNE
train_17269.png,SNE
train_24177.png,MO
train_11355.png,SNE
train_07023.png,SNE
train_06058.png,LY
train_25712.png,LY
train_04460.png,SNE
train_23152.png,LY
train_27369.png,LY
train_06037.png,LY
train_15863.png,BL
train_18525.png,SNE
train_25936.png,MO
train_24301.png,SNE
train_01336.png,SNE
train_09331.png,SNE
train_05202.png,SNE
train_22592.png,SNE
train_23453.png,SNE
train_08134.png,MO
train_26717.png,LY
train_17129.png,LY
train_16745.png,BL
train_14253.png,SNE
train_09621.png,SNE
train_18935.png,SNE
train_10866.png,SNE
train_19499.png,SNE
train_07658.png,LY
train_23411.png,LY
train_07220.png,MO
train_12368.png,SNE
train_15638.png,LY
train_27051.png,SNE
train_15046.png,SNE
train_24683.png,BA
train_21986.png,LY
train_24090.png,MO
train_16714.png,SNE
train_01921.png,SNE
train_23527.png,LY
train_18196.png,LY
train_01334.png,SNE
train_14030.png,BL
train_27864.png,SNE
train_14507.png,LY
train_12766.png,SNE
train_08896.png,SNE
train_10669.png,LY
train_23791.png,LY
train_19230.png,SNE
train_25390.png,LY
train_23456.png,SNE
train_25896.png,SNE
train_02328.png,SNE
train_00553.png,SNE
train_17172.png,SNE
train_13021.png,MO
train_18334.png,SNE
train_00872.png,LY
train_13022.png,MMY
train_23690.png,LY
train_03854.png,LY
train_27985.png,LY
train_25112.png,SNE
train_21637.png,MO
train_07124.png,LY
train_26127.png,LY
train_18743.png,LY
train_22908.png,MO
train_20830.png,BL
train_23466.png,MO
train_24526.png,MY
train_20541.png,SNE
train_25071.png,SNE
train_28899.png,SNE
train_04778.png,BL
train_14109.png,PC
train_23183.png,SNE
train_27245.png,LY
train_21079.png,LY
train_06967.png,LY
train_24340.png,MO
train_18652.png,SNE
train_11105.png,SNE
train_03981.png,SNE
train_08839.png,LY
train_21628.png,MO
train_13338.png,BNE
train_26947.png,SNE
train_01028.png,SNE
train_09328.png,SNE
train_18255.png,LY
train_03987.png,SNE
train_10846.png,LY
train_23285.png,LY
train_02193.png,SNE
train_06584.png,BL
train_07030.png,BL
train_14849.png,EO
train_16618.png,LY
train_15004.png,SNE
train_07609.png,MO
train_15417.png,SNE
train_21167.png,SNE
train_21217.png,SNE
train_28382.png,LY
train_15645.png,BL
train_21022.png,SNE
train_19505.png,SNE
train_18439.png,BA
train_23806.png,MO
train_23783.png,SNE
train_15013.png,BA
train_27501.png,MO
train_03348.png,SNE
train_05239.png,BL
train_26443.png,LY
train_22115.png,BA
train_10994.png,BL
train_13362.png,LY
train_08701.png,LY
train_20280.png,MO
train_05673.png,SNE
train_20843.png,SNE
train_27050.png,SNE
train_23268.png,SNE
train_27467.png,SNE
train_02170.png,BL
train_28707.png,MO
train_11123.png,LY
train_04260.png,MO
train_09089.png,SNE
train_26596.png,LY
train_03487.png,SNE
train_19394.png,MO
train_21163.png,LY
train_22045.png,MO
train_21305.png,SNE
train_05730.png,BL
train_27889.png,VLY
train_10338.png,BL
train_26317.png,SNE
train_02796.png,SNE
train_20020.png,SNE
train_13796.png,LY
train_25017.png,LY
train_19816.png,SNE
train_08703.png,SNE
train_01985.png,BL
train_01467.png,LY
train_17925.png,MY
train_27192.png,LY
train_06106.png,BL
train_17751.png,PC
train_23405.png,SNE
train_09159.png,SNE
train_11134.png,BNE
train_21539.png,SNE
train_26198.png,SNE
train_24353.png,LY
train_16699.png,SNE
train_20045.png,SNE
train_25618.png,SNE
train_17509.png,MO
train_25268.png,LY
train_17945.png,SNE
train_13776.png,SNE
train_21776.png,SNE
train_13167.png,BL
train_01901.png,LY
train_00374.png,SNE
train_19932.png,LY
train_21434.png,MMY
train_06522.png,MO
train_12532.png,LY
train_28049.png,BA
train_15972.png,BL
train_12152.png,LY
train_13364.png,LY
train_18311.png,LY
train_19968.png,SNE
train_05931.png,SNE
train_17104.png,MMY
train_00587.png,SNE
train_03992.png,SNE
train_23934.png,LY
train_19425.png,EO
train_10922.png,MO
train_11951.png,MO
train_07181.png,LY
train_24691.png,LY
train_20364.png,SNE
train_25957.png,MO
train_15893.png,SNE
train_14404.png,SNE
train_00779.png,SNE
train_11500.png,SNE
train_06406.png,SNE
train_00242.png,SNE
train_05288.png,BL
train_19541.png,SNE
train_10457.png,LY
train_22109.png,SNE
train_16608.png,SNE
train_19575.png,LY
train_12317.png,BL
train_14219.png,BL
train_10764.png,LY
train_12900.png,VLY
train_12002.png,SNE
train_01762.png,LY
train_07883.png,LY
train_21822.png,BL
train_09030.png,LY
train_04639.png,LY
train_20616.png,LY
train_27971.png,LY
train_28217.png,MO
train_13101.png,SNE
train_10951.png,SNE
train_19009.png,SNE
train_06649.png,MO
train_06861.png,SNE
train_17474.png,SNE
train_02154.png,MMY
train_26531.png,LY
train_22628.png,BL
train_28723.png,EO
train_15108.png,SNE
train_10150.png,LY
train_09908.png,LY
train_02171.png,SNE
train_08405.png,LY
train_11189.png,SNE
train_28474.png,MMY
train_14997.png,SNE
train_24003.png,MO
train_12047.png,LY
train_17141.png,SNE
train_22617.png,BL
train_22164.png,LY
train_14762.png,LY
train_12975.png,BL
train_02984.png,SNE
train_20613.png,SNE
train_08452.png,SNE
train_13683.png,SNE
train_08892.png,SNE
train_05887.png,MO
train_10058.png,LY
train_02258.png,SNE
train_01405.png,EO
train_00324.png,BNE
train_16982.png,SNE
train_04167.png,LY
train_18982.png,SNE
train_14230.png,LY
train_24816.png,SNE
train_05356.png,SNE
train_11650.png,LY
train_16344.png,LY
train_05993.png,LY
train_13522.png,SNE
train_20026.png,LY
train_22747.png,MO
train_20511.png,SNE
train_05984.png,MO
train_19003.png,EO
train_17248.png,BNE
train_26423.png,SNE
train_18181.png,LY
train_22555.png,SNE
train_24957.png,MO
train_03212.png,MMY
train_21324.png,MO
train_25974.png,SNE
train_23868.png,SNE
train_04052.png,SNE
train_05329.png,SNE
train_16788.png,SNE
train_07932.png,EO
train_08065.png,SNE
train_22888.png,SNE
train_26357.png,SNE
train_09484.png,SNE
train_07570.png,EO
train_01928.png,LY
train_22975.png,LY
train_05235.png,SNE
train_11145.png,LY
train_12649.png,LY
train_19332.png,MO
train_23061.png,LY
train_11698.png,SNE
train_25989.png,SNE
train_25297.png,MO
train_07848.png,BL
train_08779.png,SNE
train_16312.png,SNE
train_14182.png,LY
train_01276.png,EO
train_06683.png,LY
train_11743.png,LY
train_05040.png,SNE
train_21055.png,LY
train_06427.png,EO
train_12777.png,SNE
train_06254.png,LY
train_07739.png,SNE
train_26888.png,SNE
train_27503.png,MO
train_24443.png,MO
train_22489.png,SNE
train_08120.png,LY
train_09430.png,MO
train_09797.png,SNE
train_02133.png,SNE
train_00082.png,BL
train_19785.png,SNE
train_17836.png,LY
train_11193.png,EO
train_08103.png,SNE
train_28050.png,MO
train_28266.png,LY
train_14012.png,VLY
train_26364.png,VLY
train_27533.png,LY
train_03691.png,SNE
train_18390.png,MO
train_13219.png,EO
train_15571.png,SNE
train_17110.png,LY
train_05024.png,EO
train_27946.png,LY
train_05923.png,SNE
train_10945.png,SNE
train_17551.png,SNE
train_03938.png,SNE
train_23809.png,BL
train_22293.png,SNE
train_12483.png,SNE
train_05156.png,LY
train_09951.png,SNE
train_21322.png,SNE
train_24677.png,SNE
train_26624.png,SNE
train_01683.png,LY
train_13396.png,SNE
train_05094.png,SNE
train_01037.png,SNE
train_18970.png,MY
train_19869.png,LY
train_14599.png,MY
train_06276.png,SNE
train_05726.png,SNE
train_07555.png,SNE
train_13062.png,MO
train_15770.png,LY
train_27856.png,LY
train_00323.png,BA
train_04815.png,LY
train_16248.png,SNE
train_13455.png,SNE
train_16866.png,VLY
train_12123.png,MO
train_07808.png,LY
train_13782.png,MO
train_24339.png,LY
train_19249.png,SNE
train_24842.png,SNE
train_07594.png,LY
train_01574.png,SNE
train_00250.png,SNE
train_27542.png,SNE
train_24065.png,LY
train_14272.png,BA
train_20661.png,MO
train_20228.png,LY
train_04797.png,SNE
train_04513.png,SNE
train_15287.png,SNE
train_05774.png,LY
train_14372.png,MO
train_27700.png,MO
train_13763.png,MO
train_07081.png,BL
train_00116.png,LY
train_15714.png,MMY
train_13228.png,LY
train_03323.png,MO
train_11183.png,LY
train_19854.png,BL
train_11152.png,SNE
train_13610.png,SNE
train_03096.png,SNE
train_05870.png,LY
train_13138.png,LY
train_19126.png,LY
train_01054.png,SNE
train_06633.png,SNE
train_11526.png,SNE
train_02773.png,MY
train_17540.png,SNE
train_27222.png,SNE
train_04520.png,LY
train_15529.png,LY
train_24847.png,LY
train_12946.png,LY
train_25192.png,SNE
train_03800.png,MO
train_15864.png,VLY
train_12358.png,SNE
train_09121.png,SNE
train_09878.png,LY
train_00145.png,LY
train_19572.png,BL
train_06074.png,MMY
train_27158.png,SNE
train_27932.png,EO
train_23054.png,LY
train_21783.png,SNE
train_15736.png,LY
train_02364.png,EO
train_21956.png,LY
train_09193.png,MO
train_17820.png,SNE
train_09483.png,SNE
train_24998.png,SNE
train_15834.png,SNE
train_20771.png,MY
train_05133.png,LY
train_24204.png,SNE
train_06950.png,MMY
train_21262.png,SNE
train_11755.png,LY
train_23033.png,MO
train_18434.png,SNE
train_00343.png,SNE
train_16251.png,SNE
train_16586.png,MY
train_13914.png,SNE
train_11740.png,SNE
train_25350.png,SNE
train_23070.png,SNE
train_04271.png,SNE
train_02373.png,LY
train_07608.png,SNE
train_23286.png,SNE
train_13885.png,MO
train_17150.png,LY
train_25395.png,SNE
train_25592.png,SNE
train_09578.png,SNE
train_06315.png,SNE
train_14559.png,MO
train_04978.png,SNE
train_14370.png,BL
train_14143.png,LY
train_19267.png,SNE
train_22063.png,LY
train_05894.png,MO
train_20012.png,LY
train_26300.png,SNE
train_19487.png,SNE
train_28804.png,BL
train_26036.png,SNE
train_28681.png,BA
train_15590.png,SNE
train_07045.png,SNE
train_13576.png,SNE
train_01186.png,SNE
train_01810.png,SNE
train_28490.png,SNE
train_04498.png,SNE
train_13894.png,BA
train_24594.png,SNE
train_27395.png,VLY
train_06634.png,LY
train_06952.png,LY
train_24062.png,SNE
train_19807.png,SNE
train_27314.png,SNE
train_01583.png,LY
train_24185.png,MO
train_23185.png,LY
train_04745.png,EO
train_08362.png,LY
train_03457.png,SNE
train_08484.png,LY
train_20520.png,SNE
train_01520.png,SNE
train_15772.png,EO
train_27432.png,SNE
train_09357.png,BNE
train_25095.png,LY
train_28220.png,SNE
train_27098.png,SNE
train_02025.png,SNE
train_24809.png,SNE
train_08373.png,SNE
train_03217.png,LY
train_21189.png,BL
train_01115.png,SNE
train_21436.png,LY
train_28069.png,BL
train_25683.png,BA
train_00385.png,SNE
train_00961.png,SNE
train_18206.png,SNE
train_25400.png,SNE
train_09292.png,VLY
train_21730.png,SNE
train_21855.png,LY
train_10824.png,LY
train_21463.png,SNE
train_02287.png,BL
train_02740.png,LY
train_23415.png,SNE
train_06885.png,SNE
train_18462.png,SNE
train_23366.png,SNE
train_22657.png,LY
train_01064.png,SNE
train_19141.png,SNE
train_11017.png,LY
train_09529.png,SNE
train_04001.png,BA
train_07991.png,SNE
train_04950.png,LY
train_27802.png,LY
train_18068.png,SNE
train_24462.png,SNE
train_04144.png,LY
train_22490.png,LY
train_15190.png,SNE
train_13477.png,SNE
train_19675.png,SNE
train_22499.png,BL
train_10409.png,SNE
train_17679.png,MO
train_08508.png,SNE
train_08233.png,BL
train_23929.png,SNE
train_00571.png,LY
train_08295.png,SNE
train_11328.png,SNE
train_07062.png,MO
train_07142.png,LY
train_02022.png,BA
train_01744.png,SNE
train_27497.png,EO
train_19300.png,EO
train_07746.png,SNE
train_05725.png,SNE
train_24564.png,SNE
train_00880.png,SNE
train_16285.png,SNE
train_21978.png,BL
train_06294.png,LY
train_23762.png,LY
train_05396.png,LY
train_17452.png,SNE
train_16169.png,SNE
train_14959.png,SNE
train_15104.png,SNE
train_10160.png,LY
train_16271.png,VLY
train_22697.png,SNE
train_08100.png,EO
train_25008.png,MO
train_03265.png,MO
train_00652.png,SNE
train_24136.png,SNE
train_17802.png,LY
train_04015.png,MO
train_16524.png,MY
train_14298.png,SNE
train_17168.png,SNE
train_08730.png,EO
train_09663.png,SNE
train_09638.png,LY
train_06644.png,LY
train_27429.png,MO
train_28826.png,SNE
train_25599.png,SNE
train_21946.png,LY
train_09464.png,SNE
train_27829.png,SNE
train_26251.png,LY
train_10273.png,SNE
train_10304.png,SNE
train_25488.png,SNE
train_25055.png,LY
train_04414.png,SNE
train_00701.png,SNE
train_20325.png,SNE
train_05741.png,SNE
train_27687.png,SNE
train_16323.png,BNE
train_03303.png,SNE
train_14871.png,LY
train_07368.png,MO
train_06400.png,SNE
train_28065.png,VLY
train_03084.png,SNE
train_13096.png,LY
train_15273.png,SNE
train_26353.png,LY
train_14968.png,LY
train_25272.png,SNE
train_03208.png,LY
train_15326.png,LY
train_21087.png,LY
train_19272.png,SNE
train_14962.png,SNE
train_17644.png,LY
train_01682.png,SNE
train_12993.png,SNE
train_14586.png,LY
train_07451.png,LY
train_17824.png,SNE
train_17535.png,SNE
train_02816.png,LY
train_10104.png,SNE
train_10391.png,LY
train_27162.png,LY
train_06378.png,SNE
train_07065.png,SNE
train_23399.png,SNE
train_23549.png,SNE
train_24129.png,SNE
train_24784.png,LY
train_18583.png,LY
train_02308.png,LY
train_09080.png,MY
train_15687.png,EO
train_25574.png,SNE
train_09896.png,SNE
train_01537.png,BL
train_00810.png,SNE
train_07953.png,BL
train_12528.png,SNE
train_07987.png,BL
train_13266.png,SNE
train_22176.png,SNE
train_07813.png,SNE
train_08747.png,LY
train_12338.png,SNE
train_17645.png,SNE
train_21400.png,SNE
train_11249.png,SNE
train_09058.png,SNE
train_05754.png,LY
train_23100.png,MO
train_27114.png,LY
train_16652.png,SNE
train_06572.png,LY
train_00119.png,SNE
train_21566.png,LY
train_09311.png,SNE
train_26582.png,LY
train_21577.png,SNE
train_21103.png,BL
train_27311.png,SNE
train_13485.png,MY
train_02079.png,BL
train_22187.png,SNE
train_24802.png,LY
train_11468.png,SNE
train_25000.png,SNE
train_20382.png,BA
train_14431.png,SNE
train_27083.png,BL
train_18396.png,LY
train_22912.png,LY
train_06883.png,SNE
train_02868.png,SNE
train_16962.png,SNE
train_08401.png,SNE
train_01090.png,BA
train_23025.png,MO
train_02823.png,BL
train_12822.png,BL
train_19840.png,LY
train_16760.png,LY
train_09296.png,MO
train_14909.png,LY
train_06230.png,SNE
train_05962.png,SNE
train_05122.png,BL
train_15885.png,SNE
train_19543.png,SNE
train_21798.png,SNE
train_18403.png,MO
train_24811.png,LY
train_13900.png,SNE
train_11361.png,SNE
train_15065.png,SNE
train_09656.png,VLY
train_18777.png,SNE
train_20222.png,LY
train_19352.png,SNE
train_18393.png,LY
train_15728.png,MO
train_15147.png,MO
train_25607.png,LY
train_14439.png,SNE
train_27211.png,MO
train_24925.png,SNE
train_21466.png,LY
train_01173.png,SNE
train_08619.png,BL
train_17133.png,SNE
train_06260.png,SNE
train_27779.png,MO
train_26217.png,SNE
train_08499.png,LY
train_24113.png,SNE
train_06219.png,LY
train_09718.png,SNE
train_11141.png,LY
train_11114.png,LY
train_04000.png,MO
train_06476.png,LY
train_25650.png,MMY
train_08664.png,SNE
train_10102.png,SNE
train_04362.png,BL
train_24813.png,BA
train_27990.png,LY
train_06945.png,LY
train_13205.png,MO
train_05997.png,BL
train_08475.png,SNE
train_27577.png,BL
train_06323.png,EO
train_11085.png,MO
train_14605.png,SNE
train_13834.png,BL
train_04409.png,SNE
train_12692.png,MO
train_12944.png,LY
train_06008.png,SNE
train_24693.png,SNE
train_15773.png,BL
train_10476.png,SNE
train_06864.png,SNE
train_11857.png,BL
train_06376.png,SNE
train_07053.png,LY
train_02679.png,SNE
train_08865.png,BL
train_19474.png,SNE
train_01870.png,SNE
train_15098.png,SNE
train_26801.png,LY
train_04568.png,MY
train_02421.png,SNE
train_16552.png,SNE
train_00373.png,EO
train_02723.png,SNE
train_28298.png,MO
train_09495.png,LY
train_07600.png,EO
train_15335.png,SNE
train_01844.png,LY
train_14474.png,SNE
train_25394.png,MO
train_09233.png,LY
train_07601.png,BA
train_05625.png,MO
train_19107.png,SNE
train_18095.png,LY
train_14393.png,SNE
train_05989.png,MY
train_11148.png,SNE
train_27124.png,SNE
train_09048.png,LY
train_02940.png,EO
train_25364.png,SNE
train_15221.png,SNE
train_17978.png,SNE
train_19844.png,SNE
train_05232.png,LY
train_16492.png,LY
train_26482.png,MY
train_25652.png,SNE
train_14116.png,SNE
train_27388.png,SNE
train_13661.png,LY
train_04626.png,SNE
train_15238.png,SNE
train_08893.png,LY
train_05085.png,MO
train_23301.png,LY
train_16568.png,LY
train_01919.png,SNE
train_07380.png,SNE
train_14108.png,SNE
train_20100.png,LY
train_05445.png,SNE
train_02203.png,SNE
train_11632.png,EO
train_02764.png,LY
train_06391.png,SNE
train_09472.png,SNE
train_02869.png,BL
train_07833.png,MO
train_25032.png,SNE
train_15828.png,LY
train_23122.png,SNE
train_02891.png,BL
train_18920.png,SNE
train_10126.png,LY
train_23442.png,SNE
train_12809.png,BNE
train_27957.png,SNE
train_19993.png,SNE
train_25874.png,SNE
train_20357.png,SNE
train_25681.png,LY
train_08693.png,EO
train_18048.png,LY
train_18154.png,MO
train_15704.png,MMY
train_27349.png,SNE
train_20728.png,SNE
train_20397.png,SNE
train_21138.png,SNE
train_15315.png,PC
train_26059.png,SNE
train_28592.png,MMY
train_24311.png,SNE
train_22606.png,BL
train_18423.png,SNE
train_23687.png,SNE
train_18750.png,SNE
train_00911.png,LY
train_24930.png,SNE
train_09111.png,SNE
train_26376.png,MO
train_16033.png,BL
train_20098.png,MO
train_20745.png,SNE
train_10826.png,SNE
train_17318.png,LY
train_22613.png,LY
train_08067.png,LY
train_28162.png,MO
train_20548.png,SNE
train_03353.png,LY
train_05015.png,SNE
train_03625.png,SNE
train_15490.png,SNE
train_27795.png,LY
train_23595.png,MO
train_13333.png,SNE
train_00610.png,MO
train_08586.png,SNE
train_16349.png,MO
train_16372.png,EO
train_16217.png,SNE
train_23300.png,VLY
train_17276.png,MO
train_06268.png,LY
train_25638.png,LY
train_04403.png,MO
train_08149.png,MO
train_18017.png,LY
train_12263.png,SNE
train_20246.png,BNE
train_23125.png,MY
train_25972.png,BL
train_20207.png,SNE
train_24320.png,LY
train_00128.png,VLY
train_14818.png,SNE
train_04971.png,SNE
train_21255.png,SNE
train_09490.png,SNE
train_09543.png,SNE
train_23607.png,SNE
train_06628.png,LY
train_27944.png,LY
train_03696.png,SNE
train_08084.png,BL
train_24752.png,LY
train_16392.png,LY
train_16528.png,BNE
train_26728.png,LY
train_04581.png,LY
train_26326.png,MMY
train_18299.png,MMY
train_06017.png,SNE
train_19098.png,SNE
train_16950.png,LY
train_19711.png,SNE
train_21950.png,SNE
train_12271.png,SNE
train_08678.png,SNE
train_01414.png,LY
train_08236.png,SNE
train_04629.png,BL
train_19068.png,SNE
train_21772.png,SNE
train_20213.png,BL
train_08300.png,MO
train_22681.png,LY
train_24389.png,EO
train_26549.png,BL
train_10710.png,SNE
train_22148.png,PC
train_09783.png,BL
train_13433.png,LY
train_15154.png,LY
train_27374.png,MO
train_24551.png,SNE
train_07075.png,LY
train_00555.png,SNE
train_17520.png,SNE
train_08046.png,EO
train_15544.png,LY
train_05803.png,SNE
train_10373.png,SNE
train_04002.png,EO
train_17260.png,SNE
train_21202.png,SNE
train_11412.png,SNE
train_24700.png,SNE
train_16908.png,SNE
train_01707.png,LY
train_14023.png,MO
train_20281.png,SNE
train_18825.png,LY
train_07976.png,LY
train_06811.png,SNE
train_24896.png,MO
train_09408.png,EO
train_23817.png,LY
train_20577.png,LY
train_02396.png,BL
train_16056.png,SNE
train_27712.png,SNE
train_08048.png,SNE
train_13406.png,LY
train_21800.png,SNE
train_28605.png,BL
train_14385.png,SNE
train_08823.png,SNE
train_08188.png,LY
train_14873.png,SNE
train_03121.png,SNE
train_07992.png,SNE
train_04469.png,SNE
train_08380.png,BNE
train_12853.png,LY
train_19677.png,SNE
train_11725.png,LY
train_28152.png,EO
train_14460.png,SNE
train_16148.png,LY
train_27794.png,PC
train_21761.png,LY
train_05047.png,SNE
train_10837.png,MO
train_14820.png,MO
train_08192.png,LY
train_25230.png,VLY
train_15696.png,LY
train_18363.png,SNE
train_03773.png,MO
train_05716.png,LY
train_07249.png,MO
train_23120.png,MO
train_24307.png,SNE
train_12878.png,SNE
train_08524.png,MO
train_23276.png,LY
train_08863.png,SNE
train_23130.png,LY
train_01692.png,MO
train_17065.png,LY
train_16841.png,SNE
train_04474.png,BL
train_27055.png,SNE
train_20589.png,BNE
train_04442.png,SNE
train_09244.png,LY
train_27005.png,LY
train_13659.png,SNE
train_25342.png,SNE
train_04107.png,LY
train_24568.png,LY
train_22455.png,SNE
train_06238.png,SNE
train_05436.png,LY
train_13430.png,SNE
train_09195.png,SNE
train_02895.png,LY
train_10274.png,VLY
train_18746.png,MO
train_10853.png,SNE
train_27741.png,LY
train_14751.png,LY
train_03165.png,LY
train_03433.png,SNE
train_25257.png,LY
train_24599.png,LY
train_21329.png,SNE
train_17385.png,SNE
train_12886.png,LY
train_18415.png,PMY
train_18590.png,LY
train_21823.png,SNE
train_25004.png,SNE
train_27072.png,SNE
train_24660.png,LY
train_24446.png,LY
train_17240.png,MO
train_25080.png,SNE
train_14139.png,SNE
train_05348.png,BL
train_22694.png,SNE
train_27857.png,LY
train_19737.png,SNE
train_03268.png,LY
train_26503.png,MO
train_27742.png,SNE
train_14591.png,LY
train_02733.png,MO
train_26137.png,LY
train_06949.png,SNE
train_08316.png,LY
train_24519.png,LY
train_01298.png,SNE
train_12216.png,SNE
train_23756.png,LY
train_02476.png,SNE
train_08201.png,SNE
train_21028.png,VLY
train_26848.png,SNE
train_03345.png,SNE
train_08465.png,SNE
train_27743.png,SNE
train_18257.png,LY
train_04168.png,LY
train_07441.png,LY
train_26547.png,SNE
train_10995.png,BL
train_26672.png,BL
train_09434.png,LY
train_08629.png,SNE
train_05338.png,LY
train_18382.png,MY
train_23484.png,BL
train_13066.png,SNE
train_22488.png,LY
train_00612.png,SNE
train_04651.png,SNE
train_20120.png,MO
train_05609.png,SNE
train_19424.png,MO
train_28488.png,LY
train_22213.png,LY
train_19119.png,LY
train_08561.png,SNE
train_22771.png,LY
train_02004.png,SNE
train_07013.png,SNE
train_08496.png,LY
train_20211.png,LY
train_19661.png,LY
train_08628.png,SNE
train_21020.png,SNE
train_08454.png,LY
train_09351.png,SNE
train_13521.png,BNE
train_20376.png,SNE
train_27239.png,SNE
train_19721.png,BL
train_28477.png,LY
train_00153.png,LY
train_23146.png,SNE
train_28004.png,LY
train_13903.png,MO
train_06760.png,LY
train_04324.png,MO
train_07638.png,LY
train_04355.png,MO
train_15926.png,SNE
train_04078.png,LY
train_07361.png,LY
train_06417.png,MO
train_08731.png,BL
train_09625.png,SNE
train_12379.png,LY
train_20794.png,SNE
train_25679.png,MMY
train_06611.png,BNE
train_20259.png,SNE
train_23034.png,SNE
train_04482.png,SNE
train_12798.png,LY
train_10634.png,SNE
train_27273.png,EO
train_06654.png,LY
train_08622.png,SNE
train_11881.png,BA
train_01977.png,LY
train_25595.png,SNE
train_24002.png,SNE
train_11586.png,VLY
train_24486.png,SNE
train_09047.png,LY
train_04530.png,SNE
train_06394.png,LY
train_06261.png,LY
train_02962.png,LY
train_16342.png,LY
train_05915.png,LY
train_07606.png,SNE
train_04612.png,BL
train_12664.png,SNE
train_12334.png,MO
train_18054.png,MO
train_27347.png,LY
train_00281.png,SNE
train_21699.png,LY
train_16522.png,BL
train_17236.png,BNE
train_23515.png,SNE
train_06652.png,SNE
train_03181.png,SNE
train_05213.png,SNE
train_01451.png,BL
train_15164.png,SNE
train_28398.png,SNE
train_12076.png,LY
train_24428.png,LY
train_07273.png,SNE
train_24913.png,SNE
train_09452.png,SNE
train_24238.png,LY
train_23074.png,SNE
train_23186.png,MO
train_12481.png,SNE
train_13884.png,SNE
train_06721.png,SNE
train_22891.png,LY
train_07927.png,SNE
train_09637.png,BL
train_18041.png,SNE
train_23166.png,SNE
train_24254.png,LY
train_01905.png,MO
train_09882.png,SNE
train_21190.png,MY
train_25858.png,LY
train_22390.png,LY
train_26069.png,MO
train_16773.png,SNE
train_05975.png,LY
train_20059.png,MO
train_08395.png,VLY
train_03904.png,SNE
train_08333.png,SNE
train_28375.png,EO
train_26361.png,LY
train_00856.png,MO
train_27210.png,SNE
train_28842.png,MY
train_24777.png,LY
train_16246.png,SNE
train_26394.png,SNE
train_23911.png,SNE
train_22691.png,SNE
train_08352.png,SNE
train_15573.png,MO
train_24642.png,SNE
train_23656.png,SNE
train_23035.png,LY
train_18669.png,SNE
train_25038.png,LY
train_18572.png,BL
train_06978.png,SNE
train_03599.png,SNE
train_26086.png,SNE
train_05577.png,LY
train_15935.png,LY
train_08254.png,SNE
train_26245.png,LY
train_00577.png,LY
train_26529.png,LY
train_12018.png,PC
train_02019.png,BL
train_07742.png,LY
train_01931.png,SNE
train_23833.png,LY
train_09372.png,SNE
train_16322.png,SNE
train_18045.png,MO
train_08500.png,LY
train_14354.png,SNE
train_28825.png,LY
train_02820.png,BL
train_13224.png,SNE
train_08516.png,LY
train_19374.png,SNE
train_28068.png,SNE
train_15194.png,LY
train_16790.png,EO
train_25789.png,SNE
train_10002.png,SNE
train_15717.png,SNE
train_13128.png,SNE
train_27665.png,MO
train_23794.png,SNE
train_00134.png,SNE
train_23292.png,SNE
train_14893.png,SNE
train_14562.png,LY
train_22633.png,SNE
train_27302.png,SNE
train_14193.png,SNE
train_05462.png,SNE
train_15882.png,SNE
train_01060.png,LY
train_11667.png,LY
train_04857.png,SNE
train_26874.png,LY
train_24922.png,LY
train_11337.png,MO
train_03419.png,LY
train_05415.png,SNE
train_17037.png,LY
train_03299.png,SNE
train_05977.png,LY
train_27123.png,SNE
train_04154.png,LY
train_19033.png,BL
train_00275.png,LY
train_05128.png,SNE
train_24391.png,SNE
train_25877.png,SNE
train_01014.png,SNE
train_19714.png,SNE
train_27047.png,SNE
train_00566.png,SNE
train_28175.png,SNE
train_01021.png,LY
train_11326.png,SNE
train_17495.png,LY
train_21223.png,MO
train_12268.png,SNE
train_23385.png,MMY
train_05736.png,SNE
train_28076.png,SNE
train_09915.png,LY
train_15145.png,SNE
train_15708.png,SNE
train_15322.png,SNE
train_16177.png,SNE
train_17586.png,LY
train_18559.png,LY
train_07392.png,SNE
train_18431.png,BL
train_22171.png,LY
train_00342.png,MY
train_23816.png,SNE
train_14406.png,BA
train_03786.png,LY
train_19806.png,LY
train_26868.png,LY
train_03200.png,SNE
train_00996.png,SNE
train_06888.png,SNE
train_18156.png,SNE
train_12318.png,LY
train_11359.png,MO
train_07189.png,LY
train_12436.png,MO
train_25296.png,EO
train_06398.png,MO
train_17502.png,SNE
train_17237.png,SNE
train_14448.png,SNE
train_10661.png,LY
train_10021.png,LY
train_28148.png,MO
train_00700.png,SNE
train_17416.png,LY
train_12060.png,LY
train_04768.png,BNE
train_08886.png,SNE
train_24567.png,LY
train_17498.png,LY
train_18369.png,MO
train_26046.png,LY
train_22151.png,LY
train_00813.png,SNE
train_21971.png,LY
train_05524.png,BL
train_11485.png,SNE
train_01578.png,SNE
train_26755.png,SNE
train_06763.png,LY
train_18597.png,LY
train_15329.png,SNE
train_11025.png,SNE
train_13603.png,SNE
train_21377.png,SNE
train_05916.png,SNE
train_28120.png,SNE
train_20773.png,SNE
train_16374.png,SNE
train_02156.png,LY
train_19329.png,SNE
train_17909.png,SNE
train_27736.png,LY
train_25117.png,SNE
train_09075.png,SNE
train_20405.png,LY
train_15621.png,LY
train_19470.png,SNE
train_03445.png,SNE
train_14332.png,SNE
train_01771.png,MO
train_09747.png,MO
train_24397.png,SNE
train_22405.png,SNE
train_11709.png,SNE
train_25377.png,SNE
train_12645.png,LY
train_21918.png,LY
train_13276.png,MO
train_00857.png,EO
train_11336.png,SNE
train_16897.png,SNE
train_14454.png,SNE
train_06126.png,BL
train_02952.png,LY
train_19123.png,SNE
train_20778.png,SNE
train_11926.png,SNE
train_16459.png,MY
train_22985.png,SNE
train_25177.png,MO
train_03387.png,LY
train_22980.png,SNE
train_14232.png,SNE
train_09200.png,LY
train_25109.png,LY
train_14547.png,SNE
train_11007.png,SNE
train_05511.png,LY
train_16034.png,SNE
train_19030.png,SNE
train_15923.png,SNE
train_00552.png,SNE
train_06364.png,SNE
train_27002.png,MO
train_00269.png,LY
train_27431.png,MY
train_22828.png,LY
train_12889.png,BNE
train_20570.png,SNE
train_06483.png,MO
train_28496.png,SNE
train_22371.png,MO
train_24195.png,SNE
train_16598.png,LY
train_00737.png,EO
train_24742.png,EO
train_22621.png,SNE
train_13530.png,SNE
train_08816.png,SNE
train_04103.png,LY
train_17421.png,EO
train_28863.png,SNE
train_13686.png,SNE
train_22903.png,BNE
train_27324.png,SNE
train_21368.png,SNE
train_23478.png,SNE
train_22232.png,EO
train_02319.png,LY
train_22129.png,LY
train_22782.png,SNE
train_20301.png,LY
train_12723.png,MO
train_13637.png,BL
train_20754.png,SNE
train_28869.png,BL
train_07159.png,BL
train_06965.png,LY
train_07726.png,SNE
train_25170.png,LY
train_28797.png,LY
train_25010.png,SNE
train_28032.png,MO
train_05855.png,BL
train_15372.png,LY
train_17067.png,SNE
train_24841.png,BA
train_12161.png,MO
train_15636.png,SNE
train_16406.png,MO
train_05142.png,SNE
train_08200.png,SNE
train_02387.png,SNE
train_03103.png,EO
train_23201.png,SNE
train_10196.png,MO
train_27266.png,SNE
train_21985.png,SNE
train_13747.png,LY
train_13078.png,SNE
train_07194.png,SNE
train_11782.png,LY
train_17989.png,SNE
train_12239.png,LY
train_01865.png,SNE
train_00879.png,LY
train_06699.png,LY
train_18227.png,SNE
train_07074.png,MO
train_19564.png,LY
train_21939.png,MO
train_18438.png,LY
train_08889.png,SNE
train_15037.png,SNE
train_25546.png,SNE
train_27025.png,LY
train_19227.png,BL
train_02228.png,SNE
train_22745.png,SNE
train_08582.png,SNE
train_28005.png,LY
train_18005.png,LY
train_14070.png,LY
train_14606.png,MO
train_18919.png,SNE
train_24117.png,BL
train_07200.png,LY
train_28492.png,SNE
train_07462.png,BL
train_23050.png,LY
train_23246.png,LY
train_20308.png,SNE
train_17460.png,SNE
train_13578.png,SNE
train_17717.png,EO
train_13014.png,LY
train_11307.png,SNE
train_07184.png,SNE
train_24906.png,SNE
train_12596.png,SNE
train_07816.png,BL
train_14484.png,SNE
train_18411.png,LY
train_17690.png,SNE
train_14876.png,LY
train_27518.png,SNE
train_26008.png,EO
train_10911.png,LY
train_16416.png,LY
train_20635.png,LY
train_01069.png,SNE
train_01839.png,SNE
train_04245.png,SNE
train_19871.png,SNE
train_25137.png,SNE
train_17455.png,LY
train_10697.png,SNE
train_02846.png,SNE
train_10713.png,MO
train_17774.png,LY
train_27545.png,LY
train_24196.png,MMY
train_02719.png,MO
train_26145.png,SNE
train_17908.png,BL
train_16138.png,LY
train_13927.png,BA
train_04134.png,SNE
train_15422.png,MO
train_02427.png,SNE
train_01443.png,SNE
train_06657.png,BA
train_03928.png,VLY
train_05821.png,LY
train_25671.png,SNE
train_06338.png,MMY
train_18128.png,EO
train_11785.png,LY
train_00327.png,SNE
train_19798.png,LY
train_11014.png,SNE
train_03356.png,BL
train_11753.png,MO
train_21758.png,MO
train_09046.png,MO
train_05068.png,SNE
train_24946.png,BL
train_28849.png,SNE
train_21684.png,SNE
train_09400.png,SNE
train_13353.png,LY
train_20170.png,SNE
train_02042.png,EO
train_10107.png,BL
train_14007.png,SNE
train_15034.png,LY
train_02464.png,LY
train_22976.png,SNE
train_25708.png,BL
train_06997.png,LY
train_15586.png,LY
train_27734.png,MMY
train_24030.png,MO
train_26546.png,LY
train_00457.png,LY
train_27117.png,LY
train_02134.png,LY
train_25997.png,BL
train_09851.png,SNE
train_03732.png,SNE
train_09571.png,LY
train_08919.png,BL
train_26414.png,SNE
train_09216.png,SNE
train_25611.png,BL
train_10804.png,LY
train_18209.png,MO
train_10510.png,BNE
train_16974.png,LY
train_04803.png,LY
train_06576.png,MO
train_06612.png,LY
train_23147.png,SNE
train_24429.png,SNE
train_09974.png,SNE
train_26020.png,MO
train_22740.png,LY
train_09723.png,LY
train_01970.png,SNE
train_09413.png,SNE
train_11129.png,LY
train_28106.png,SNE
train_26699.png,SNE
train_17519.png,LY
train_26716.png,LY
train_23826.png,SNE
train_10854.png,MO
train_21426.png,LY
train_06194.png,LY
train_09360.png,LY
train_09376.png,LY
train_02408.png,MO
train_22521.png,EO
train_06280.png,MMY
train_18912.png,VLY
train_03136.png,BNE
train_15455.png,SNE
train_27930.png,SNE
train_07177.png,SNE
train_08472.png,LY
train_00478.png,SNE
train_11752.png,SNE
train_04948.png,SNE
train_18765.png,BL
train_15325.png,LY
train_09730.png,SNE
train_25598.png,BNE
train_12828.png,SNE
train_23943.png,MO
train_00990.png,SNE
train_15115.png,MMY
train_02675.png,VLY
train_27592.png,SNE
train_03207.png,MO
train_18133.png,SNE
train_08012.png,SNE
train_09055.png,SNE
train_24984.png,SNE
train_18378.png,BA
train_11588.png,LY
train_23106.png,LY
train_08990.png,SNE
train_15007.png,BA
train_07878.png,LY
train_23320.png,MO
train_11013.png,EO
train_20476.png,LY
train_07365.png,BA
train_04270.png,SNE
train_10208.png,LY
train_27609.png,SNE
train_16758.png,VLY
train_17407.png,LY
train_27777.png,BA
train_23965.png,SNE
train_24760.png,SNE
train_00023.png,LY
train_17735.png,LY
train_17556.png,SNE
train_04192.png,SNE
train_03824.png,LY
train_05300.png,SNE
train_07112.png,LY
train_07253.png,LY
train_27515.png,SNE
train_16004.png,SNE
train_25108.png,MO
train_25586.png,SNE
train_01364.png,SNE
train_27758.png,SNE
train_10641.png,LY
train_18821.png,BL
train_05269.png,LY
train_19031.png,MMY
train_17616.png,SNE
train_23689.png,SNE
train_15710.png,SNE
train_24178.png,SNE
train_10467.png,SNE
train_23528.png,SNE
train_08453.png,EO
train_04453.png,SNE
train_07320.png,SNE
train_13325.png,MO
train_00009.png,SNE
train_26653.png,SNE
train_02529.png,LY
train_15569.png,SNE
train_13067.png,MO
train_04529.png,MO
train_05443.png,BL
train_14476.png,SNE
train_15225.png,MO
train_16215.png,EO
train_12337.png,LY
train_26575.png,MMY
train_14240.png,LY
train_10839.png,BNE
train_28768.png,SNE
train_11182.png,SNE
train_26530.png,LY
train_09433.png,SNE
train_23659.png,SNE
train_25996.png,LY
train_10954.png,LY
train_11806.png,SNE
train_02805.png,LY
train_16846.png,MO
train_02229.png,SNE
train_15482.png,SNE
train_15739.png,SNE
train_08440.png,SNE
train_05711.png,SNE
train_01079.png,BA
train_03053.png,SNE
train_00140.png,SNE
train_05567.png,SNE
train_17955.png,SNE
train_23624.png,LY
train_22133.png,SNE
train_16593.png,LY
train_12501.png,BNE
train_17567.png,SNE
train_17588.png,MO
train_00273.png,VLY
train_16957.png,MO
train_27683.png,SNE
train_26301.png,SNE
train_15705.png,SNE
train_12572.png,MO
train_09425.png,MO
train_18316.png,EO
train_17218.png,SNE
train_27927.png,MO
train_01987.png,SNE
train_24349.png,SNE
train_03346.png,BL
train_09197.png,LY
train_18023.png,SNE
train_17185.png,SNE
train_05585.png,SNE
train_00271.png,LY
train_03270.png,SNE
train_02469.png,LY
train_03761.png,LY
train_28043.png,LY
train_15030.png,LY
train_16737.png,SNE
train_13831.png,SNE
train_01138.png,SNE
train_18224.png,SNE
train_14477.png,LY
train_08510.png,SNE
train_05769.png,LY
train_05087.png,SNE
train_25222.png,MMY
train_20372.png,SNE
train_17072.png,BL
train_08507.png,BNE
train_03565.png,SNE
train_11277.png,LY
train_04010.png,SNE
train_21450.png,SNE
train_25384.png,SNE
train_15496.png,PMY
train_24327.png,LY
train_18604.png,LY
train_28256.png,SNE
train_14488.png,SNE
train_17706.png,EO
train_00818.png,SNE
train_17398.png,SNE
train_17225.png,MMY
train_24883.png,SNE
train_21655.png,SNE
train_00073.png,LY
train_03055.png,SNE
train_10278.png,LY
train_14212.png,LY
train_22460.png,LY
train_17642.png,MY
train_20582.png,MMY
train_25190.png,SNE
train_15566.png,VLY
train_08017.png,SNE
train_16792.png,SNE
train_20374.png,MY
train_26318.png,BL
train_11071.png,SNE
train_01495.png,LY
train_17570.png,SNE
train_08773.png,MO
train_24322.png,LY
train_24763.png,SNE
train_23444.png,MO
train_18044.png,SNE
train_09299.png,SNE
train_15300.png,BL
train_11751.png,SNE
train_04564.png,LY
train_01856.png,LY
train_26100.png,LY
train_23019.png,SNE
train_10223.png,LY
train_07391.png,LY
train_06271.png,SNE
train_09547.png,SNE
train_15337.png,MO
train_15936.png,MMY
train_22710.png,LY
train_05002.png,BL
train_07919.png,LY
train_20761.png,LY
train_12546.png,LY
train_25248.png,LY
train_26520.png,LY
train_13501.png,MO
train_22228.png,SNE
train_15219.png,MO
train_28774.png,LY
train_13009.png,MO
train_18650.png,BNE
train_08566.png,BL
train_23628.png,LY
train_18975.png,SNE
train_28081.png,SNE
train_28888.png,BL
train_20643.png,SNE
train_20600.png,SNE
train_19540.png,SNE
train_14125.png,SNE
train_11747.png,BA
train_10754.png,LY
train_11502.png,SNE
train_02485.png,MO
train_06234.png,BL
train_28251.png,SNE
train_16495.png,MO
train_10259.png,MO
train_03733.png,LY
train_06286.png,MO
train_05200.png,LY
train_09584.png,SNE
train_07776.png,LY
train_24122.png,LY
train_12392.png,MO
train_26741.png,EO
train_04195.png,LY
train_23085.png,SNE
train_07169.png,SNE
train_00926.png,SNE
train_05179.png,SNE
train_15567.png,LY
train_14806.png,SNE
train_22117.png,MO
train_16801.png,LY
train_23585.png,SNE
train_20418.png,LY
train_20987.png,BL
train_05519.png,MMY
train_03626.png,SNE
train_09971.png,SNE
train_11354.png,SNE
train_23148.png,SNE
train_11599.png,BL
train_23343.png,SNE
train_14764.png,SNE
train_00904.png,SNE
train_12569.png,LY
train_25366.png,MO
train_13886.png,LY
train_04135.png,BA
train_16333.png,LY
train_11556.png,SNE
train_16449.png,LY
train_22619.png,SNE
train_20196.png,SNE
train_27060.png,SNE
train_13132.png,BL
train_17446.png,LY
train_17387.png,SNE
train_27612.png,SNE
train_09514.png,SNE
train_05491.png,SNE
train_03978.png,MO
train_07842.png,BL
train_21418.png,BNE
train_11004.png,SNE
train_04630.png,MMY
train_17893.png,LY
train_10690.png,SNE
train_03080.png,SNE
train_13630.png,SNE
train_21369.png,EO
train_16131.png,SNE
train_09215.png,SNE
train_20380.png,LY
train_20800.png,SNE
train_06542.png,SNE
train_18388.png,SNE
train_17397.png,LY
train_05083.png,LY
train_18001.png,SNE
train_24068.png,LY
train_09445.png,SNE
train_12214.png,LY
train_12912.png,LY
train_17212.png,LY
train_16945.png,SNE
train_00816.png,LY
train_01218.png,LY
train_04331.png,SNE
train_23304.png,LY
train_24667.png,LY
train_25115.png,EO
train_14520.png,MO
train_21197.png,MO
train_22721.png,MMY
train_24079.png,SNE
train_09969.png,LY
train_20334.png,LY
train_16000.png,LY
train_26850.png,SNE
train_20403.png,SNE
train_23933.png,SNE
train_14511.png,SNE
train_28058.png,MMY
train_03326.png,SNE
train_14353.png,SNE
train_23356.png,SNE
train_05089.png,SNE
train_01700.png,SNE
train_27243.png,BL
train_18291.png,SNE
train_19319.png,SNE
train_25193.png,MO
train_22715.png,SNE
train_04858.png,LY
train_22172.png,SNE
train_25806.png,BL
train_21308.png,BA
train_18901.png,LY
train_03225.png,SNE
train_02617.png,LY
train_14702.png,LY
train_00696.png,LY
train_13511.png,SNE
train_27874.png,MO
train_09702.png,BL
train_12459.png,BL
train_28447.png,SNE
train_16808.png,SNE
train_27280.png,MO
train_10120.png,LY
train_09079.png,LY
train_05284.png,MO
train_22014.png,SNE
train_22758.png,LY
train_10687.png,LY
train_16399.png,BL
train_17338.png,SNE
train_07665.png,LY
train_23455.png,EO
train_20369.png,BL
train_16704.png,BL
train_00366.png,EO
train_27591.png,SNE
train_03431.png,LY
train_14823.png,SNE
train_06370.png,VLY
train_14339.png,BL
train_14239.png,SNE
train_10003.png,LY
train_20839.png,SNE
train_06379.png,SNE
train_27003.png,SNE
train_19042.png,LY
train_12356.png,MO
train_17911.png,LY
train_22452.png,LY
train_01940.png,SNE
train_26222.png,SNE
train_12515.png,SNE
train_19161.png,SNE
train_27038.png,SNE
train_17373.png,LY
train_26441.png,LY
train_11993.png,MO
train_12355.png,LY
train_08536.png,SNE
train_02438.png,SNE
train_06544.png,LY
train_27967.png,SNE
train_00900.png,SNE
train_03744.png,LY
train_09703.png,LY
train_10503.png,SNE
train_19034.png,LY
train_08444.png,LY
train_10060.png,SNE
train_14770.png,SNE
train_14186.png,SNE
train_28646.png,SNE
train_22507.png,SNE
train_28055.png,EO
train_03454.png,MO
train_03647.png,SNE
train_10663.png,LY
train_05347.png,PMY
train_23881.png,LY
train_07344.png,SNE
train_08311.png,EO
train_18946.png,SNE
train_05788.png,LY
train_24169.png,MO
train_21186.png,MO
train_17351.png,BA
train_25007.png,SNE
train_19412.png,LY
train_18377.png,BL
train_22520.png,SNE
train_18205.png,SNE
train_02897.png,SNE
train_14120.png,LY
train_28348.png,BL
train_22816.png,SNE
train_24174.png,LY
train_09608.png,SNE
train_21649.png,MO
train_11832.png,MO
train_24273.png,SNE
train_04697.png,LY
train_07818.png,SNE
train_19503.png,PC
train_25104.png,SNE
train_14634.png,MO
train_14623.png,MO
train_16565.png,LY
train_09050.png,LY
train_11905.png,SNE
train_21433.png,SNE
train_13754.png,SNE
train_14015.png,SNE
train_03378.png,MO
train_03979.png,LY
train_28556.png,MY
train_13820.png,SNE
train_28116.png,LY
train_20981.png,SNE
train_10785.png,EO
train_28585.png,SNE
train_06902.png,BA
train_13525.png,LY
train_17089.png,EO
train_01118.png,SNE
train_05388.png,SNE
train_11344.png,MO
train_21076.png,LY
train_07599.png,BL
train_27601.png,LY
train_25703.png,LY
train_04081.png,VLY
train_27177.png,SNE
train_05404.png,SNE
train_10108.png,SNE
train_01376.png,SNE
train_12977.png,SNE
train_16203.png,SNE
train_07490.png,VLY
train_25057.png,SNE
train_15694.png,LY
train_19765.png,LY
train_00930.png,SNE
train_19966.png,SNE
train_05685.png,BL
train_09893.png,SNE
train_16134.png,SNE
train_19403.png,LY
train_11327.png,BL
train_24582.png,SNE
train_07138.png,BA
train_15162.png,SNE
train_02195.png,LY
train_19117.png,MO
train_10680.png,MY
train_18406.png,LY
train_01801.png,SNE
train_19898.png,BL
train_14801.png,SNE
train_06928.png,LY
train_15033.png,SNE
train_07312.png,LY
train_02080.png,SNE
train_14234.png,VLY
train_18343.png,SNE
train_18501.png,SNE
train_00017.png,LY
train_22786.png,SNE
train_07227.png,MY
train_23765.png,LY
train_05640.png,LY
train_01303.png,SNE
train_28002.png,SNE
train_03802.png,SNE
train_12705.png,LY
train_06187.png,SNE
train_28390.png,LY
train_10835.png,LY
train_08252.png,SNE
train_23104.png,LY
train_25428.png,SNE
train_01588.png,SNE
train_11467.png,SNE
train_15750.png,SNE
train_25962.png,LY
train_02784.png,SNE
train_25253.png,LY
train_07466.png,LY
train_01213.png,SNE
train_18927.png,SNE
train_08914.png,SNE
train_05318.png,LY
train_24577.png,SNE
train_26860.png,BL
train_07117.png,SNE
train_22966.png,LY
train_20237.png,SNE
train_25171.png,SNE
train_26203.png,SNE
train_25503.png,SNE
train_15903.png,SNE
train_25159.png,MO
train_27394.png,LY
train_16696.png,SNE
train_08314.png,SNE
train_18243.png,SNE
train_15247.png,EO
train_07084.png,MO
train_27414.png,MO
train_16942.png,EO
train_24305.png,SNE
train_07921.png,BL
train_27248.png,SNE
train_03193.png,SNE
train_20201.png,SNE
train_04464.png,LY
train_26365.png,LY
train_15881.png,EO
train_08950.png,SNE
train_08592.png,LY
train_22396.png,LY
train_22468.png,SNE
train_15170.png,SNE
train_28881.png,SNE
train_12130.png,MO
train_12241.png,SNE
train_04999.png,SNE
train_15947.png,SNE
train_26053.png,SNE
train_05945.png,LY
train_19554.png,BL
train_25246.png,SNE
train_17328.png,SNE
train_04592.png,SNE
train_28470.png,LY
train_27340.png,SNE
train_25857.png,BNE
train_22224.png,SNE
train_18521.png,LY
train_07618.png,SNE
train_27989.png,SNE
train_27934.png,SNE
train_22615.png,BL
train_09307.png,SNE
train_07338.png,LY
train_18474.png,SNE
train_24868.png,SNE
train_23238.png,SNE
train_26636.png,SNE
train_20340.png,PMY
train_11495.png,SNE
train_08365.png,VLY
train_28135.png,SNE
train_00429.png,BL
train_18471.png,SNE
train_15575.png,MY
train_02610.png,SNE
train_17284.png,SNE
train_13452.png,BA
train_27013.png,MO
train_20733.png,SNE
train_04829.png,MO
train_25575.png,LY
train_03713.png,MO
train_11708.png,EO
train_01462.png,LY
train_08426.png,BA
train_19590.png,LY
train_20355.png,LY
train_15707.png,LY
train_22886.png,SNE
train_07931.png,LY
train_26409.png,EO
train_06941.png,SNE
train_18268.png,EO
train_17968.png,SNE
train_18558.png,LY
train_09854.png,SNE
train_04207.png,LY
train_05362.png,SNE
train_19945.png,SNE
train_05273.png,BL
train_09155.png,SNE
train_08518.png,SNE
train_12092.png,SNE
train_18661.png,EO
train_19585.png,SNE
train_17366.png,SNE
train_18112.png,LY
train_24395.png,BL
train_21004.png,SNE
train_13732.png,LY
train_01240.png,SNE
train_03948.png,SNE
train_15110.png,BNE
train_23364.png,BL
train_28025.png,BL
train_03811.png,LY
train_25044.png,SNE
train_27593.png,LY
train_14064.png,LY
train_25245.png,MO
train_23400.png,SNE
train_27826.png,SNE
train_02985.png,SNE
train_04056.png,SNE
train_17438.png,SNE
train_00822.png,LY
train_16867.png,MO
train_02626.png,LY
train_08418.png,MMY
train_12405.png,MO
train_25314.png,BL
train_17019.png,SNE
train_11273.png,SNE
train_19818.png,SNE
train_26183.png,MO
train_19843.png,BL
train_11209.png,BNE
train_04545.png,BL
train_06081.png,LY
train_12354.png,SNE
train_04028.png,SNE
train_18195.png,MO
train_15049.png,SNE
train_16604.png,LY
train_06132.png,SNE
train_20409.png,SNE
train_11175.png,MO
train_00649.png,SNE
train_18639.png,PMY
train_08807.png,BA
train_28873.png,SNE
train_15787.png,SNE
train_03540.png,BL
train_19644.png,SNE
train_01099.png,LY
train_01033.png,BNE
train_03383.png,LY
train_21863.png,LY
train_21541.png,LY
train_02407.png,MO
train_04496.png,SNE
train_12685.png,MO
train_12246.png,SNE
train_16690.png,SNE
train_02313.png,SNE
train_25655.png,MO
train_27703.png,SNE
train_07896.png,MO
train_08968.png,LY
train_23340.png,MO
train_01770.png,SNE
train_22350.png,MO
train_18353.png,LY
train_13367.png,LY
train_22708.png,SNE
train_26257.png,EO
train_06554.png,SNE
train_23090.png,MMY
train_19331.png,SNE
train_22661.png,SNE
train_27582.png,SNE
train_11544.png,LY
train_01805.png,LY
train_04890.png,BL
train_05382.png,LY
train_13805.png,BA
train_17464.png,LY
train_14136.png,SNE
train_25340.png,SNE
train_10753.png,BL
train_20606.png,BL
train_17600.png,BA
train_00188.png,LY
train_16156.png,SNE
train_11690.png,LY
train_02699.png,SNE
train_05740.png,SNE
train_05737.png,MO
train_15741.png,BL
train_17860.png,SNE
train_24828.png,SNE
train_27509.png,SNE
train_26388.png,SNE
train_05654.png,SNE
train_22027.png,SNE
train_00945.png,SNE
train_02005.png,SNE
train_05041.png,SNE
train_06029.png,LY
train_04507.png,BA
train_09114.png,SNE
train_20574.png,SNE
train_20692.png,SNE
train_19692.png,LY
train_20718.png,LY
train_16922.png,PC
train_26891.png,PC
train_04152.png,MO
train_03017.png,MO
train_02559.png,LY
train_12836.png,SNE
train_19621.png,LY
train_03976.png,SNE
train_10180.png,LY
train_16762.png,LY
train_19917.png,SNE
train_28650.png,LY
train_24362.png,LY
train_14865.png,SNE
train_28028.png,MO
train_06700.png,LY
train_27616.png,SNE
train_22862.png,LY
train_23041.png,LY
train_13015.png,MMY
train_08064.png,LY
train_21420.png,SNE
train_04855.png,SNE
train_01032.png,LY
train_14616.png,MY
train_02760.png,LY
train_07090.png,SNE
train_07289.png,SNE
train_28194.png,LY
train_19156.png,SNE
train_20456.png,SNE
train_10809.png,BNE
train_24197.png,SNE
train_02875.png,LY
train_24231.png,LY
train_15095.png,SNE
train_05476.png,SNE
train_23909.png,MMY
train_20973.png,LY
train_24503.png,SNE
train_06895.png,EO
train_05615.png,LY
train_22089.png,LY
train_21897.png,SNE
train_04644.png,SNE
train_06536.png,BL
train_18830.png,LY
train_10703.png,LY
train_27694.png,LY
train_20505.png,LY
train_08217.png,BL
train_09310.png,LY
train_16050.png,MO
train_25458.png,SNE
train_05809.png,SNE
train_12142.png,SNE
train_24421.png,SNE
train_17624.png,LY
train_23181.png,LY
train_04680.png,SNE
train_06991.png,LY
train_11648.png,SNE
train_25617.png,SNE
train_19100.png,LY
train_25644.png,SNE
train_02006.png,SNE
train_21421.png,BL
train_23196.png,SNE
train_04108.png,SNE
train_17108.png,SNE
train_11583.png,LY
train_17744.png,MMY
train_27868.png,LY
train_28463.png,MO
train_00046.png,SNE
train_21403.png,SNE
train_17905.png,BL
train_27858.png,SNE
train_13427.png,SNE
train_07433.png,SNE
train_23682.png,SNE
train_13547.png,SNE
train_08836.png,MO
train_03954.png,MMY
train_02021.png,SNE
train_02175.png,BL
train_17689.png,SNE
train_22417.png,SNE
train_07408.png,BL
train_21826.png,SNE
train_13875.png,SNE
train_19686.png,LY
train_10121.png,MO
train_20764.png,BL
train_09453.png,LY
train_23542.png,LY
train_09363.png,SNE
train_04685.png,LY
train_04779.png,LY
train_19517.png,LY
train_13562.png,LY
train_23956.png,SNE
train_15785.png,SNE
train_20545.png,SNE
train_22624.png,BL
train_01440.png,LY
train_16510.png,MO
train_09414.png,SNE
train_21334.png,SNE
train_09881.png,SNE
train_07205.png,SNE
train_01982.png,SNE
train_14170.png,SNE
train_05414.png,BL
train_21164.png,SNE
train_05520.png,MO
train_02874.png,SNE
train_20671.png,SNE
train_21639.png,LY
train_16358.png,SNE
train_08502.png,SNE
train_18792.png,LY
train_13474.png,SNE
train_26777.png,SNE
train_07455.png,SNE
train_06227.png,SNE
train_23815.png,MMY
train_10774.png,SNE
train_13047.png,LY
train_02129.png,SNE
train_08551.png,EO
train_20926.png,SNE
train_07760.png,MO
train_01326.png,LY
train_23143.png,EO
train_09924.png,SNE
train_13575.png,LY
train_03388.png,SNE
train_25811.png,LY
train_20797.png,SNE
train_02912.png,MO
train_05746.png,BA
train_01909.png,SNE
train_05210.png,LY
train_15823.png,MO
train_06555.png,SNE
train_04510.png,MO
train_04037.png,BA
train_00444.png,SNE
train_15884.png,EO
train_05985.png,BL
train_24018.png,LY
train_12183.png,MY
train_26711.png,MO
train_17965.png,SNE
train_10212.png,LY
train_28872.png,LY
train_10009.png,LY
train_08898.png,LY
train_00815.png,SNE
train_18863.png,SNE
train_03924.png,MY
train_14509.png,LY
train_26737.png,SNE
train_28652.png,SNE
train_22107.png,SNE
train_18659.png,LY
train_12396.png,SNE
train_19745.png,MO
train_02642.png,SNE
train_16214.png,EO
train_17508.png,SNE
train_10755.png,MO
train_22447.png,LY
train_27505.png,SNE
train_21784.png,SNE
train_22351.png,MO
train_03974.png,LY
train_26967.png,LY
train_25647.png,SNE
train_12837.png,VLY
train_24125.png,LY
train_25666.png,SNE
train_27744.png,SNE
train_02040.png,LY
train_11874.png,LY
train_22331.png,SNE
train_13622.png,BL
train_24001.png,SNE
train_09710.png,SNE
train_20740.png,SNE
train_07450.png,LY
train_19413.png,LY
train_16819.png,EO
train_10892.png,SNE
train_17765.png,MMY
train_13701.png,SNE
train_00190.png,SNE
train_24581.png,BL
train_07447.png,SNE
train_01214.png,SNE
train_09940.png,BL
train_01485.png,SNE
train_05461.png,LY
train_05272.png,SNE
train_02380.png,EO
train_15388.png,SNE
train_20252.png,PMY
train_26842.png,SNE
train_14944.png,BL
train_15711.png,BL
train_15257.png,SNE
train_20398.png,LY
train_08028.png,LY
train_05637.png,SNE
train_04440.png,MO
train_01464.png,SNE
train_11954.png,MO
train_08797.png,BL
train_09027.png,SNE
train_03715.png,BNE
train_15472.png,LY
train_00033.png,SNE
train_25150.png,LY
train_28092.png,LY
train_26175.png,SNE
train_09619.png,SNE
train_01175.png,SNE
train_00215.png,SNE
train_14848.png,SNE
train_00193.png,LY
train_17435.png,LY
train_04299.png,LY
train_10231.png,SNE
train_02606.png,SNE
train_12521.png,SNE
train_11762.png,VLY
train_14013.png,SNE
train_26408.png,SNE
train_13893.png,SNE
train_25649.png,SNE
train_08355.png,SNE
train_14540.png,SNE
train_26094.png,SNE
train_06533.png,SNE
train_27075.png,SNE
train_02589.png,SNE
train_13580.png,MO
train_12894.png,LY
train_20417.png,SNE
train_24344.png,SNE
train_03869.png,LY
train_04660.png,MMY
train_05970.png,MO
train_17740.png,LY
train_17969.png,SNE
train_19493.png,SNE
train_01689.png,LY
train_27128.png,SNE
train_23844.png,LY
train_08116.png,SNE
train_00764.png,SNE
train_01714.png,PMY
train_04172.png,LY
train_14363.png,BL
train_24193.png,LY
train_03256.png,LY
train_03683.png,BL
train_22935.png,LY
train_08494.png,LY
train_13379.png,SNE
train_08409.png,LY
train_13476.png,MO
train_00593.png,SNE
train_21762.png,LY
train_26339.png,LY
train_26630.png,SNE
train_19783.png,LY
train_13196.png,SNE
train_25700.png,MMY
train_11618.png,EO
train_20268.png,MO
train_23621.png,SNE
train_02061.png,SNE
train_06493.png,MMY
train_16413.png,SNE
train_01398.png,SNE
train_23170.png,MO
train_12128.png,BA
train_09326.png,BL
train_02522.png,MO
train_11984.png,SNE
train_04136.png,SNE
train_02140.png,SNE
train_08450.png,SNE
train_11390.png,MO
train_22105.png,LY
train_21540.png,LY
train_26536.png,SNE
train_01207.png,LY
train_16259.png,LY
train_15921.png,SNE
train_25295.png,LY
train_12233.png,LY
train_22695.png,MY
train_15525.png,SNE
train_03128.png,LY
train_25206.png,BL
train_22276.png,MO
train_12955.png,SNE
train_09612.png,SNE
train_20857.png,BNE
train_12182.png,SNE
train_03481.png,SNE
train_08555.png,SNE
train_06477.png,SNE
train_27240.png,SNE
train_10372.png,SNE
train_24352.png,SNE
train_08384.png,LY
train_14772.png,MO
train_26134.png,SNE
train_05148.png,SNE
train_01333.png,BL
train_26597.png,SNE
train_27843.png,BL
train_13307.png,BL
train_09603.png,LY
train_22230.png,MO
train_24882.png,BL
train_07048.png,SNE
train_13042.png,SNE
train_05723.png,BL
train_23065.png,LY
train_22474.png,BL
train_27969.png,LY
train_20529.png,SNE
train_21662.png,SNE
train_28669.png,SNE
train_07242.png,MO
train_24745.png,BL
train_05101.png,SNE
train_19708.png,SNE
train_01780.png,SNE
train_19508.png,LY
train_27034.png,SNE
train_08456.png,LY
train_00408.png,BA
train_22006.png,SNE
train_02286.png,BL
train_03278.png,MY
train_24127.png,SNE
train_17392.png,SNE
train_09379.png,SNE
train_21524.png,SNE
train_13649.png,SNE
train_11026.png,SNE
train_00020.png,SNE
train_11489.png,LY
train_09480.png,SNE
train_26284.png,SNE
train_04353.png,SNE
train_22674.png,SNE
train_22476.png,SNE
train_28121.png,EO
train_27474.png,SNE
train_16123.png,SNE
train_06730.png,LY
train_12847.png,LY
train_17136.png,SNE
train_03482.png,BA
train_14403.png,LY
train_14903.png,LY
train_03914.png,BL
train_03338.png,SNE
train_19722.png,MO
train_23230.png,SNE
train_16082.png,SNE
train_21884.png,SNE
train_19381.png,SNE
train_28871.png,SNE
train_25731.png,MO
train_27160.png,SNE
train_27406.png,SNE
train_17404.png,MO
train_01013.png,SNE
train_26732.png,SNE
train_02947.png,LY
train_28270.png,SNE
train_09953.png,SNE
train_26952.png,LY
train_20477.png,SNE
train_09138.png,LY
train_04982.png,SNE
train_28347.png,MO
train_16764.png,LY
train_08055.png,LY
train_27629.png,LY
train_23438.png,SNE
train_21276.png,LY
train_21738.png,LY
train_21527.png,LY
train_12511.png,LY
train_19615.png,LY
train_18732.png,MO
train_09116.png,LY
train_11569.png,LY
train_03808.png,BL
train_13291.png,LY
train_05965.png,SNE
train_26673.png,SNE
train_17384.png,LY
train_23088.png,SNE
train_11341.png,SNE
train_09509.png,SNE
train_11835.png,SNE
train_24888.png,LY
train_13882.png,EO
train_20400.png,SNE
train_25421.png,SNE
train_12682.png,LY
train_02876.png,SNE
train_08819.png,LY
train_23079.png,SNE
train_06489.png,MMY
train_14026.png,SNE
train_26168.png,MO
train_23118.png,MMY
train_24097.png,MO
train_10046.png,LY
train_01955.png,MMY
train_17507.png,SNE
train_17871.png,LY
train_02553.png,LY
train_15564.png,SNE
train_12650.png,SNE
train_17581.png,MO
train_07406.png,LY
train_02271.png,SNE
train_03717.png,LY
train_21535.png,SNE
train_22965.png,LY
train_02549.png,SNE
train_13755.png,BL
train_20297.png,SNE
train_23839.png,SNE
train_01483.png,BL
train_10074.png,SNE
train_14984.png,SNE
train_21848.png,LY
train_05772.png,LY
train_11235.png,SNE
train_00712.png,EO
train_25993.png,LY
train_24624.png,SNE
train_08147.png,SNE
train_19340.png,SNE
train_21873.png,SNE
train_27202.png,EO
train_05709.png,SNE
train_02901.png,SNE
train_01340.png,LY
train_14550.png,MO
train_22484.png,EO
train_03584.png,SNE
train_18472.png,LY
train_00059.png,MO
train_08124.png,SNE
train_27583.png,SNE
train_05681.png,PC
train_23040.png,LY
train_11837.png,MO
train_03999.png,SNE
train_07579.png,LY
train_07486.png,BA
train_14223.png,SNE
train_16829.png,LY
train_22999.png,BNE
train_06680.png,SNE
train_01541.png,SNE
train_15666.png,MO
train_02991.png,LY
train_13159.png,SNE
train_17781.png,SNE
train_12644.png,SNE
train_02307.png,BL
train_17014.png,SNE
train_11988.png,SNE
train_10181.png,SNE
train_28119.png,MO
train_05530.png,LY
train_27688.png,SNE
train_15264.png,SNE
train_15761.png,MO
train_24430.png,SNE
train_15080.png,SNE
train_10262.png,SNE
train_17449.png,SNE
train_22173.png,SNE
train_28248.png,SNE
train_27631.png,MY
train_08627.png,SNE
train_23463.png,SNE
train_16906.png,MY
train_21771.png,SNE
train_16226.png,BL
train_11579.png,SNE
train_22673.png,LY
train_25898.png,SNE
train_12150.png,LY
train_27165.png,SNE
train_21075.png,LY
train_24200.png,SNE
train_24876.png,BL
train_13573.png,BL
train_15559.png,SNE
train_00050.png,SNE
train_00192.png,BL
train_14101.png,SNE
train_19535.png,LY
train_24653.png,SNE
train_00053.png,SNE
train_28883.png,SNE
train_16567.png,SNE
train_12019.png,SNE
train_23647.png,BL
train_09613.png,SNE
train_13160.png,MO
train_27398.png,SNE
train_27834.png,LY
train_05351.png,EO
train_00004.png,LY
train_18865.png,SNE
train_26136.png,SNE
train_17335.png,LY
train_15493.png,VLY
train_15174.png,LY
train_04763.png,SNE
train_04536.png,BL
train_28614.png,SNE
train_21120.png,SNE
train_18827.png,SNE
train_26018.png,SNE
train_16615.png,LY
train_27821.png,SNE
train_20637.png,LY
train_00389.png,SNE
train_04086.png,SNE
train_10512.png,LY
train_16212.png,BL
train_25274.png,SNE
train_17810.png,EO
train_06534.png,LY
train_05886.png,SNE
train_11320.png,SNE
train_24351.png,LY
train_19343.png,SNE
train_08966.png,LY
train_01523.png,LY
train_17574.png,MO
train_21836.png,BL
train_10400.png,LY
